player,card_type,listing_count
(unknown player),Base-Paper,1
(unknown player),Chrome · Blue /150,1
(unknown player),Chrome · Auto,1
(unknown player),Chrome · Refractor,1
Anthony Eyanson,Chrome · Orange /25,1
Arjun Nimmala,Bowman Axis · Base,1
Aroon Escobar,Base-Paper,4
Aroon Escobar,Chrome · Refractor,11
Aroon Escobar,Chrome · Base,3
Aroon Escobar,Chrome · Sky Blue /499,2
Aroon Escobar,Chrome · Purple /250,2
Aroon Escobar,Chrome · Steel Metal /100,2
Aroon Escobar,Chrome · Sparkle,1
Aroon Escobar,Chrome · Green /99,1
Aroon Escobar,Chrome · X-Fractor,1
Aroon Escobar,Chrome · Logo Refractor /35,1
Billy Carlson,Base-Paper,13
Billy Carlson,Bowman Axis · Base,11
Billy Carlson,Bowman In Action,18
Billy Carlson,Bowman In Action · Orange /25,2
Billy Carlson,Bowman In Action · Red /5,1
Billy Carlson,Bowman In Action · Gold /50,1
Billy Carlson,Bowman In Action /75 · Auto,2
Billy Carlson,Bowman Spotlight,3
Billy Carlson,Chrome · Refractor,29
Billy Carlson,Chrome · Auto,15
Billy Carlson,Chrome · Base,12
Billy Carlson,Chrome · Sky Blue /499,6
Billy Carlson,Chrome · Sky Blue /499 · Auto,5
Billy Carlson,Chrome · Purple /250 · Auto,4
Billy Carlson,Chrome · Fuchsia Reptilian /199,3
Billy Carlson,Chrome · X-Fractor,3
Billy Carlson,Chrome · Green /99 · Auto,3
Billy Carlson,Chrome · Blue /150,3
Billy Carlson,Chrome · Orange /25,2
Billy Carlson,Chrome · Steel Metal /100,2
Billy Carlson,Chrome · Green /99,2
Billy Carlson,Chrome · Blue /150 · Auto,2
Billy Carlson,Chrome · Gold /50 · Auto,2
Billy Carlson,Chrome · Speckle Refractor,2
Billy Carlson,Chrome · Aqua /125,1
Billy Carlson,Chrome · Sparkle · Auto,1
Billy Carlson,Chrome · Logo Refractor /35,1
Billy Carlson,Chrome · Purple /250,1
Billy Carlson,Chrome · Aqua /125 · Auto,1
Billy Carlson,Chrome · Aqua Reptilian,1
Billy Carlson,Chrome · Orange /25 · Auto,1
Billy Carlson,Chrome · Yellow /75 · Auto,1
Billy Carlson,Chrome · Gold /50,1
Billy Carlson,Crystallized,1
Billy Carlson,Etched in Glass,4
Billy Carlson,Final Draft,4
Billy Carlson,Image Variations,2
Billy Carlson,Image Variations · Green · Auto,1
Billy Carlson,Prized Prospects,15
Billy Carlson,Prized Prospects · Green /99,2
Billy Carlson,Prized Prospects · Gold /50,1
Billy Carlson,Prized Prospects · Auto,1
Billy Carlson,Prized Prospects /250,1
Billy Carlson,Prized Prospects /99 · Auto,1
Blake Mitchell,Chrome · Mini Diamond,1
Brady Ebel,Prized Prospects,1
Briggs McKenzie,Base-Paper,5
Briggs McKenzie,Chrome · Auto,12
Briggs McKenzie,Chrome · Refractor,9
Briggs McKenzie,Chrome · Sky Blue /499 · Auto,5
Briggs McKenzie,Chrome · Base,5
Briggs McKenzie,Chrome · Green /99,4
Briggs McKenzie,Chrome · Purple /250 · Auto,4
Briggs McKenzie,Chrome · Green /99 · Auto,3
Briggs McKenzie,Chrome · Fuchsia Reptilian /199 · Auto,2
Briggs McKenzie,Chrome · Sky Blue /499,2
Briggs McKenzie,Chrome · X-Fractor,2
Briggs McKenzie,Chrome · Fuchsia Reptilian /199,1
Briggs McKenzie,Chrome · Aqua /125,1
Briggs McKenzie,Chrome · Orange /25 · Auto,1
Briggs McKenzie,Chrome · Purple /250,1
Briggs McKenzie,Chrome · Blue /150 · Auto,1
Briggs McKenzie,Chrome · Blue /150,1
Briggs McKenzie,Chrome · Logo Refractor /35,1
Briggs McKenzie,Chrome · Yellow /75 · Auto,1
Briggs McKenzie,Snack-Pack,2
Bryce Cunningham,Chrome · Base,1
Cade Obermueller,Base-Paper,7
Cade Obermueller,Chrome · Refractor,12
Cade Obermueller,Chrome · Auto,6
Cade Obermueller,Chrome · Base,5
Cade Obermueller,Chrome · Sky Blue /499,5
Cade Obermueller,Chrome · Gold /50,2
Cade Obermueller,Chrome · Sky Blue /499 · Auto,2
Cade Obermueller,Chrome · Orange /25 · Auto,1
Cade Obermueller,Chrome · Blue /150,1
Cade Obermueller,Chrome · Aqua /125,1
Cade Obermueller,Chrome · X-Fractor,1
Cade Obermueller,Chrome · X-Fractor · Auto,1
Cade Obermueller,Chrome · Yellow /75 · Auto,1
Cade Obermueller,Chrome · Green /99 · Auto,1
Cade Obermueller,Chrome · Yellow /75,1
Cade Obermueller,Snack-Pack,1
Caleb Bonemer,Base-Paper,1
Cameron Maldonado,Base-Paper,7
Cameron Maldonado,Chrome · Refractor,13
Cameron Maldonado,Chrome · Auto,11
Cameron Maldonado,Chrome · Aqua /125 · Auto,4
Cameron Maldonado,Chrome · Sky Blue /499 · Auto,3
Cameron Maldonado,Chrome · Aqua /125,3
Cameron Maldonado,Chrome · Sky Blue /499,3
Cameron Maldonado,Chrome · Purple /250,2
Cameron Maldonado,Chrome · Base,2
Cameron Maldonado,Chrome · Gold /50,2
Cameron Maldonado,Chrome · X-Fractor,2
Cameron Maldonado,Chrome · Blue /150 · Auto,2
Cameron Maldonado,Chrome · Yellow /75,2
Cameron Maldonado,Chrome · Fuchsia Reptilian /199,2
Cameron Maldonado,Chrome · Purple /250 · Auto,2
Cameron Maldonado,Chrome · Black /73 · Auto,1
Cameron Maldonado,Chrome · Green /99 · Auto,1
Cameron Maldonado,Chrome · Green /99,1
Cameron Maldonado,Chrome · Speckle Refractor · Auto,1
Cameron Maldonado,Chrome · Red /5 · Auto,1
Cameron Maldonado,Chrome · Gold /50 · Auto,1
Cameron Maldonado,Chrome · Blue /150,1
Cameron Maldonado,Chrome · Aqua Reptilian,1
Cameron Maldonado,Snack-Pack,1
Charles Davalan,Base-Paper,11
Charles Davalan,Chrome · Auto,15
Charles Davalan,Chrome · Refractor,7
Charles Davalan,Chrome · Base,7
Charles Davalan,Chrome · Aqua /125,5
Charles Davalan,Chrome · Sky Blue /499,5
Charles Davalan,Chrome · Green /99,5
Charles Davalan,Chrome · Blue /150 · Auto,3
Charles Davalan,Chrome · Aqua /125 · Auto,3
Charles Davalan,Chrome · Fuchsia Reptilian /199,2
Charles Davalan,Chrome · Steel Metal /100,1
Charles Davalan,Chrome · Purple /250 · Auto,1
Charles Davalan,Chrome · Yellow /75 · Auto,1
Charles Davalan,Chrome · Parallel · Auto,1
Charles Davalan,Chrome · Gold /50 · Auto,1
Charles Davalan,Chrome · X-Fractor,1
Charles Davalan,Chrome · Orange /25 · Auto,1
Charles Davalan,Chrome · Sky Blue /499 · Auto,1
Charles Davalan,Chrome Prospect College Variations · Red /5,1
Charles Davalan,Chrome Prospect College Variations,1
Charles Davalan,Etched in Glass,3
Charles Davalan,Snack-Pack,2
Cody Miller,Base-Paper,8
Cody Miller,Chrome · Auto,10
Cody Miller,Chrome · Base,6
Cody Miller,Chrome · Sky Blue /499,2
Cody Miller,Chrome · Refractor,2
Cody Miller,Chrome · Parallel · Auto,1
Cody Miller,Chrome · Blue /150 · Auto,1
Cody Miller,Chrome · Red /5,1
Cody Miller,Chrome · Sky Blue /499 · Auto,1
Cody Miller,Chrome · Yellow /75,1
Cody Miller,Chrome · Aqua /125,1
Cody Miller,Chrome · Yellow /75 · Auto,1
Cody Miller,Chrome · Green /99 · Auto,1
Cody Miller,Chrome · Parallel,1
Cody Miller,Chrome · Steel Metal /100,1
Cody Miller,Snack-Pack,2
Colin Yeaman,Chrome · Auto,1
Dean Livingston,Chrome · Blue /150 · Auto,2
Devin Taylor,Chrome · Auto,13
Devin Taylor,Chrome · Blue /150 · Auto,2
Devin Taylor,Chrome · Sky Blue /499 · Auto,1
Devin Taylor,Chrome · Parallel · Auto,1
Eduardo Quintero,Chrome · Base,1
Eli Willits,Base-Paper,30
Eli Willits,Bowman Axis · Base,4
Eli Willits,Bowman Axis · Orange,2
Eli Willits,Bowman Draft Night,18
Eli Willits,Bowman Draft Night · Gold /50,7
Eli Willits,Bowman Draft Night · Mini Diamond /150,3
Eli Willits,Bowman Draft Night · Gold /50 · Mini Diamond · Auto,2
Eli Willits,Bowman Draft Night /99 · Auto,1
Eli Willits,Bowman In Action,12
Eli Willits,Bowman In Action · Gold /50,1
Eli Willits,Bowman In Action /75 · Auto,1
Eli Willits,Bowman Spotlight,3
Eli Willits,Chrome · Refractor,52
Eli Willits,Chrome · Base,52
Eli Willits,Chrome · Auto,29
Eli Willits,Chrome · Green /99 · Auto,29
Eli Willits,Chrome · Purple /250 · Auto,10
Eli Willits,Chrome · Sky Blue /499 · Auto,9
Eli Willits,Chrome · Blue /150,7
Eli Willits,Chrome · Sky Blue /499,6
Eli Willits,Chrome · Purple /250,5
Eli Willits,Chrome · Aqua /125,5
Eli Willits,Chrome · Green /99,4
Eli Willits,Chrome · Blue /150 · Auto,4
Eli Willits,Chrome · X-Fractor,4
Eli Willits,Chrome · Fuchsia Reptilian /199,3
Eli Willits,Chrome · Gold /50 · Auto,3
Eli Willits,Chrome · Gold /50,3
Eli Willits,Chrome · Yellow /75,3
Eli Willits,Chrome · Aqua Reptilian,2
Eli Willits,Chrome · Mini Diamond,1
Eli Willits,Chrome · Sapphire,1
Eli Willits,Chrome · Yellow /75 · Auto,1
Eli Willits,Chrome · Speckle Refractor,1
Eli Willits,Chrome · Orange /25 · Auto,1
Eli Willits,Chrome · Orange /25,1
Eli Willits,Chrome · Fuchsia Reptilian /199 · Auto,1
Eli Willits,Crystallized · Gold /50,2
Eli Willits,Crystallized · Orange /25,1
Eli Willits,Etched in Glass,14
Eli Willits,Final Draft,5
Eli Willits,Image Variations,12
Eli Willits,Image Variations · Green · Auto,1
Eli Willits,Image Variations · Purple · Auto,1
Eli Willits,Prized Prospects,19
Eli Willits,Prized Prospects · Green /99,2
Eli Willits,Prized Prospects · Blue /150,1
Eli Willits,Prized Prospects · Mini Diamond /150,1
Eli Willits,Prized Prospects · Gold /50,1
Eli Willits,Prized Prospects /250,3
Eli Willits,Prized Prospects /99 · Auto,1
Eli Willits,Snack-Pack,1
Ethan Conrad,Chrome · Auto,11
Ethan Conrad,Chrome · Sky Blue /499 · Auto,3
Ethan Conrad,Chrome · Gold /50 · Auto,2
Ethan Conrad,Chrome · Purple /250 · Auto,1
Ethan Hedges,Base-Paper,1
Felnin Celesten,Base-Paper,12
Felnin Celesten,Bowman In Action,1
Felnin Celesten,Chrome · Refractor,25
Felnin Celesten,Chrome · Base,14
Felnin Celesten,Chrome · Sky Blue /499,3
Felnin Celesten,Chrome · Blue /150,2
Felnin Celesten,Chrome · Green /99,2
Felnin Celesten,Chrome · X-Fractor,2
Felnin Celesten,Chrome · Purple /250,1
Felnin Celesten,Chrome · Yellow /75,1
Felnin Celesten,Chrome · Fuchsia Reptilian /199,1
Felnin Celesten,Chrome · Aqua /125,1
Felnin Celesten,Chrome · Mini Diamond,1
Felnin Celesten,Chrome · Aqua Reptilian,1
Gabe Davis,Base-Paper,8
Gabe Davis,Chrome · Refractor,15
Gabe Davis,Chrome · Base,7
Gabe Davis,Chrome · Blue /150,2
Gabe Davis,Chrome · X-Fractor,1
Gabe Davis,Chrome · Gold /50,1
Gabe Davis,Chrome · Yellow /75,1
Gage Wood,Chrome · Purple /250 · Auto,1
Gavin Fien,Bowman In Action,4
Gavin Fien,Chrome · Purple /250 · Auto,5
Gavin Fien,Chrome · Green /99,1
Gavin Kilen,Bowman Axis · Base,3
Griffin Hugus,Base-Paper,15
Griffin Hugus,Chrome · Refractor,32
Griffin Hugus,Chrome · Auto,25
Griffin Hugus,Chrome · Base,20
Griffin Hugus,Chrome · Purple /250 · Auto,7
Griffin Hugus,Chrome · Yellow /75,7
Griffin Hugus,Chrome · Sky Blue /499,5
Griffin Hugus,Chrome · Blue /150 · Auto,5
Griffin Hugus,Chrome · Sky Blue /499 · Auto,5
Griffin Hugus,Chrome · Aqua /125,3
Griffin Hugus,Chrome · X-Fractor,2
Griffin Hugus,Chrome · Aqua Reptilian,2
Griffin Hugus,Chrome · Yellow /75 · Auto,2
Griffin Hugus,Chrome · Blue /150,2
Griffin Hugus,Chrome · Purple /250,2
Griffin Hugus,Chrome · Steel Metal /100,2
Griffin Hugus,Chrome · Green /99,1
Griffin Hugus,Chrome · Orange /25 · Auto,1
Griffin Hugus,Chrome · Fuchsia Reptilian /199,1
Griffin Hugus,Chrome · Aqua /125 · Auto,1
Griffin Hugus,Chrome · Logo Refractor /35,1
Griffin Hugus,Chrome · Black /73,1
Griffin Hugus,Chrome · Speckle /71 · Auto,1
Griffin Hugus,Chrome · Sparkle · Auto,1
Griffin Hugus,Chrome · Gold /50,1
Griffin Hugus,Snack-Pack,1
Ike Irish,Bowman In Action,2
Ike Irish,Image Variations,2
Jake Cook,Base-Paper,2
Jake Cook,Chrome · Auto,13
Jake Cook,Chrome · Blue /150,6
Jake Cook,Chrome · Refractor,6
Jake Cook,Chrome · Blue /150 · Auto,6
Jake Cook,Chrome · Base,3
Jake Cook,Chrome · Sky Blue /499,2
Jake Cook,Chrome · Sky Blue /499 · Auto,2
Jake Cook,Chrome · X-Fractor,2
Jake Cook,Chrome · Steel Metal /100,1
Jake Cook,Chrome · Purple /250 · Auto,1
Jake Cook,Chrome · Fuchsia Reptilian /199,1
Jake Cook,Chrome · Logo Refractor /35,1
Jake Cook,Chrome · Yellow /75 · Auto,1
Jake Cook,Chrome · Gold /50,1
Jake Cook,Snack-Pack,1
James Tibbs III,Base-Paper,7
James Tibbs III,Chrome · Refractor,62
James Tibbs III,Chrome · Base,26
James Tibbs III,Chrome · Sky Blue /499,14
James Tibbs III,Chrome · Green /99,10
James Tibbs III,Chrome · Blue /150,9
James Tibbs III,Chrome · X-Fractor,9
James Tibbs III,Chrome · Sapphire,5
James Tibbs III,Chrome · Aqua /125,5
James Tibbs III,Chrome · Logo Refractor /35,3
James Tibbs III,Chrome · Gold /50,2
James Tibbs III,Chrome · Purple /250,2
James Tibbs III,Chrome · Fuchsia Reptilian /199,2
James Tibbs III,Chrome · Speckle Refractor,1
James Tibbs III,Chrome · Aqua Reptilian,1
James Tibbs III,Chrome · Parallel · Auto,1
James Tibbs III,Snack-Pack,2
Jamie Arnold,Chrome · Refractor,1
JB Middleton,Base-Paper,9
JB Middleton,Chrome · Refractor,10
JB Middleton,Chrome · Base,9
JB Middleton,Chrome · Auto,8
JB Middleton,Chrome · Blue /150,7
JB Middleton,Chrome · Sky Blue /499,4
JB Middleton,Chrome · Green /99,3
JB Middleton,Chrome · Aqua /125 · Auto,3
JB Middleton,Chrome · Gold /50,2
JB Middleton,Chrome · Blue /150 · Auto,2
JB Middleton,Chrome · Orange /25,1
JB Middleton,Chrome · Parallel · Auto,1
JB Middleton,Chrome · Orange /25 · Auto,1
JB Middleton,Chrome · Yellow /75 · Auto,1
JB Middleton,Chrome · Gold /50 · Auto,1
JB Middleton,Chrome · Yellow /75,1
JB Middleton,Chrome · Sky Blue /499 · Auto,1
JB Middleton,Snack-Pack,1
JD Dix,Chrome · Blue /150 · Auto,1
Jefferson Rojas,Base-Paper,5
Jefferson Rojas,Chrome · Refractor,4
Jefferson Rojas,Chrome · Base,3
Jefferson Rojas,Chrome · Green /99,2
Jefferson Rojas,Chrome · Yellow /75,2
Jefferson Rojas,Chrome · Purple /250,2
Jefferson Rojas,Chrome · X-Fractor,1
Jefferson Rojas,Chrome · Sky Blue /499,1
Jefferson Rojas,Chrome · Fuchsia Reptilian /199,1
Jefferson Rojas,Chrome · Steel Metal /100,1
Jefferson Rojas,Snack-Pack,1
Jesús Made,Bowman Axis · Base,7
Jesús Made,Bowman In Action,1
Jesús Made,Chrome · Base,1
Jesús Made,Prized Prospects,5
Johnny Slawinski,Chrome · Sky Blue /499 · Auto,1
JoJo Parker,Base-Paper,35
JoJo Parker,Bowman Axis · Base,16
JoJo Parker,Bowman Axis · Green,1
JoJo Parker,Bowman In Action,6
JoJo Parker,Bowman In Action · Gold /50,2
JoJo Parker,Bowman In Action · Orange /25,1
JoJo Parker,Bowman In Action /150,1
JoJo Parker,Bowman Spotlight,1
JoJo Parker,Bowman Spotlight · Red /5,1
JoJo Parker,Chrome · Blue /150,21
JoJo Parker,Chrome · Refractor,14
JoJo Parker,Chrome · Base,13
JoJo Parker,Chrome · Sky Blue /499,7
JoJo Parker,Chrome · Auto,7
JoJo Parker,Chrome · Aqua /125,3
JoJo Parker,Chrome · X-Fractor,2
JoJo Parker,Chrome · Sky Blue /499 · Auto,2
JoJo Parker,Chrome · Green /99 · Auto,1
JoJo Parker,Chrome · Gold /50,1
JoJo Parker,Chrome · Purple /250 · Auto,1
JoJo Parker,Chrome · Purple /250,1
JoJo Parker,Chrome · Fuchsia Reptilian /199 · Auto,1
JoJo Parker,Chrome · Parallel · Auto,1
JoJo Parker,Chrome · Yellow /75,1
JoJo Parker,Chrome · Green /99,1
JoJo Parker,Chrome · Gold /50 · Auto,1
JoJo Parker,Chrome · Aqua Reptilian,1
JoJo Parker,Chrome · Yellow /75 · Auto,1
JoJo Parker,Chrome · Steel Metal /100,1
JoJo Parker,Crystallized,2
JoJo Parker,Etched in Glass,1
JoJo Parker,Final Draft,1
JoJo Parker,Image Variations,4
JoJo Parker,Image Variations · Green · Auto,1
JoJo Parker,Prized Prospects,21
JoJo Parker,Prized Prospects /250,2
Jonny Farmelo,Base-Paper,9
Jonny Farmelo,Base-Paper · Black Border,2
Jonny Farmelo,Chrome · Refractor,99
Jonny Farmelo,Chrome · Sky Blue /499,36
Jonny Farmelo,Chrome · Base,22
Jonny Farmelo,Chrome · Purple /250,14
Jonny Farmelo,Chrome · Green /99,14
Jonny Farmelo,Chrome · X-Fractor,12
Jonny Farmelo,Chrome · Fuchsia Reptilian /199,11
Jonny Farmelo,Chrome · Aqua /125,10
Jonny Farmelo,Chrome · Blue /150,9
Jonny Farmelo,Chrome · Yellow /75,8
Jonny Farmelo,Chrome · Sapphire,8
Jonny Farmelo,Chrome · Steel Metal /100,7
Jonny Farmelo,Chrome · Gold /50,6
Jonny Farmelo,Chrome · Orange /25,4
Jonny Farmelo,Chrome · Speckle Refractor,3
Jonny Farmelo,Chrome · Sparkle,2
Jonny Farmelo,Chrome · Magenta Printing Plate,2
Jonny Farmelo,Chrome · Logo Refractor /35,2
Jonny Farmelo,Sapphire,1
Jonny Farmelo,Snack-Pack,2
Jordan Yost,Chrome · Auto,9
Jordan Yost,Chrome · Aqua /125 · Auto,2
Jordan Yost,Chrome · Purple /250 · Auto,2
Jordan Yost,Chrome · Sky Blue /499 · Auto,2
Jordan Yost,Chrome · Yellow /75 · Auto,1
Jordan Yost,Chrome · Blue /150 · Auto,1
Joshua Flores,Base-Paper,8
Joshua Flores,Chrome · Base,4
Joshua Flores,Chrome · Refractor,3
Joshua Flores,Chrome · Sky Blue /499,2
Joshua Flores,Chrome · Logo Refractor /35,1
Joshua Flores,Chrome · Blue /150,1
Josue De Paula,Chrome · Purple /250,2
Josue De Paula,Chrome · Refractor,1
Josue De Paula,Chrome · Base,1
Josue De Paula,Final Draft,3
JT Quinn,Base-Paper,5
JT Quinn,Chrome · Auto,15
JT Quinn,Chrome · Refractor,14
JT Quinn,Chrome · Base,10
JT Quinn,Chrome · Sky Blue /499 · Auto,6
JT Quinn,Chrome · Blue /150 · Auto,4
JT Quinn,Chrome · X-Fractor,3
JT Quinn,Chrome · Purple /250 · Auto,2
JT Quinn,Chrome · Sky Blue /499,2
JT Quinn,Chrome · Gold /50 · Auto,2
JT Quinn,Chrome · Green /99,2
JT Quinn,Chrome · Logo Refractor /35,1
JT Quinn,Chrome · Fuchsia Reptilian /199,1
JT Quinn,Chrome · Gold /50,1
JT Quinn,Chrome · Aqua Reptilian,1
JT Quinn,Chrome · Yellow /75,1
JT Quinn,Chrome · Sparkle,1
JT Quinn,Chrome · Purple /250,1
JT Quinn,Chrome · Aqua /125 · Auto,1
Kade Anderson,Base-Paper,4
Kade Anderson,Bowman Draft Night,8
Kade Anderson,Bowman Draft Night · Green /99,2
Kade Anderson,Bowman Draft Night · Orange /25 · Auto,1
Kade Anderson,Bowman Draft Night /250,2
Kade Anderson,Bowman In Action,4
Kade Anderson,Bowman In Action · Green /99,3
Kade Anderson,Bowman In Action · Mini Diamond /150,2
Kade Anderson,Bowman In Action · Blue /150,1
Kade Anderson,Bowman In Action · Gold /50,1
Kade Anderson,Bowman In Action /150,1
Kade Anderson,Bowman Spotlight,1
Kade Anderson,Chrome · Refractor,35
Kade Anderson,Chrome · Base,8
Kade Anderson,Chrome · Blue /150,6
Kade Anderson,Chrome · Auto,4
Kade Anderson,Chrome · Sky Blue /499,4
Kade Anderson,Chrome · Yellow /75,4
Kade Anderson,Chrome · Green /99 · Auto,4
Kade Anderson,Chrome · Sapphire,3
Kade Anderson,Chrome · Green /99,3
Kade Anderson,Chrome · X-Fractor,3
Kade Anderson,Chrome · Gold /50,2
Kade Anderson,Chrome · Gold /50 · Auto,2
Kade Anderson,Chrome · Sky Blue /499 · Auto,2
Kade Anderson,Chrome · Orange /25,2
Kade Anderson,Chrome · Fuchsia Reptilian /199,2
Kade Anderson,Chrome · Orange /25 · Auto,2
Kade Anderson,Chrome · Parallel · Auto,1
Kade Anderson,Chrome · Purple /250 · Auto,1
Kade Anderson,Chrome · Aqua /125 · Auto,1
Kade Anderson,Chrome · Blue /150 · Auto,1
Kade Anderson,Chrome · Purple /250,1
Kade Anderson,Chrome · Fuchsia Reptilian /199 · Auto,1
Kade Anderson,Chrome · Red /5,1
Kade Anderson,Chrome Prospect College Variations,1
Kade Anderson,Etched in Glass,1
Kade Anderson,Final Draft,1
Kade Anderson,Image Variations,5
Kade Anderson,Image Variations · Auto,1
Kade Anderson,Prized Prospects,39
Kade Anderson,Prized Prospects · Orange /25,3
Kade Anderson,Prized Prospects · Gold /50,1
Kade Anderson,Prized Prospects · Purple /250,1
Kade Anderson,Prized Prospects · Mini Diamond /150,1
Kade Anderson,Prized Prospects /199,2
Kade Anderson,Prized Prospects /250,1
Kade Anderson,Prized Prospects /99 · Auto,1
Kade Anderson,Sapphire,3
Kash Mayfield,Base-Paper,5
Kash Mayfield,Chrome · Refractor,12
Kash Mayfield,Chrome · Base,5
Kash Mayfield,Chrome · Sparkle,2
Kash Mayfield,Chrome · Steel Metal /100,2
Kash Mayfield,Chrome · X-Fractor,1
Kash Mayfield,Chrome · Fuchsia Reptilian /199,1
Kash Mayfield,Chrome · Speckle Refractor,1
Kash Mayfield,Chrome · Aqua Reptilian,1
Kash Mayfield,Chrome · Gold /50,1
Kayson Cunningham,Base-Paper,17
Kayson Cunningham,Bowman Axis · Base,27
Kayson Cunningham,Bowman Axis · Mini Diamond,2
Kayson Cunningham,Bowman Axis · Green,1
Kayson Cunningham,Bowman Axis · Gold,1
Kayson Cunningham,Bowman Axis · Orange,1
Kayson Cunningham,Bowman Draft Night,26
Kayson Cunningham,Bowman Draft Night · Purple /250,1
Kayson Cunningham,Bowman Draft Night · Gold /50,1
Kayson Cunningham,Bowman Draft Night /250,2
Kayson Cunningham,Bowman Draft Night /99,1
Kayson Cunningham,Chrome · Refractor,17
Kayson Cunningham,Chrome · Base,17
Kayson Cunningham,Chrome · Auto,15
Kayson Cunningham,Chrome · Purple /250,4
Kayson Cunningham,Chrome · Green /99,3
Kayson Cunningham,Chrome · Green /99 · Auto,3
Kayson Cunningham,Chrome · Blue /150 · Auto,3
Kayson Cunningham,Chrome · Fuchsia Reptilian /199,3
Kayson Cunningham,Chrome · Yellow /75,3
Kayson Cunningham,Chrome · Sky Blue /499,2
Kayson Cunningham,Chrome · Sparkle · Auto,2
Kayson Cunningham,Chrome · Yellow /75 · Auto,2
Kayson Cunningham,Chrome · Sparkle,2
Kayson Cunningham,Chrome · Gold /50,1
Kayson Cunningham,Chrome · Blue /150,1
Kayson Cunningham,Chrome · True Black /10,1
Kayson Cunningham,Chrome · Orange /25,1
Kayson Cunningham,Chrome · Fuchsia Reptilian /199 · Auto,1
Kayson Cunningham,Chrome · Red /5,1
Kayson Cunningham,Chrome · Sky Blue /499 · Auto,1
Kayson Cunningham,Chrome · Purple /250 · Auto,1
Kayson Cunningham,Chrome · Logo Refractor /35,1
Kayson Cunningham,Etched in Glass,8
Kayson Cunningham,Final Draft,1
Kayson Cunningham,Snack-Pack,1
Konnor Griffin,Base-Paper,24
Konnor Griffin,Bowman Draft Night,1
Konnor Griffin,Chrome · Refractor,39
Konnor Griffin,Chrome · Base,26
Konnor Griffin,Chrome · Green /99,3
Konnor Griffin,Chrome · Sky Blue /499,3
Konnor Griffin,Chrome · X-Fractor,2
Konnor Griffin,Chrome · Yellow /75,2
Konnor Griffin,Chrome · Green /99 · Auto,2
Konnor Griffin,Chrome · Purple /250 · Auto,2
Konnor Griffin,Chrome · Aqua /125,1
Konnor Griffin,Chrome · Purple /250,1
Konnor Griffin,Chrome · Sparkle,1
Konnor Griffin,Chrome · Steel Metal /100,1
Konnor Griffin,Chrome · Fuchsia Reptilian /199,1
Konnor Griffin,Chrome · Logo Refractor /35,1
Konnor Griffin,Chrome · Mini Diamond,1
Konnor Griffin,Chrome · Blue /150,1
Konnor Griffin,Crystallized · Orange /25,1
Konnor Griffin,Crystallized · Red /5,1
Konnor Griffin,Prized Prospects,36
Konnor Griffin,Prized Prospects · Mini Diamond /150,2
Konnor Griffin,Prized Prospects · Orange /25,1
Konnor Griffin,Prized Prospects /250,1
Konnor Griffin,Snack-Pack,1
Korbyn Dickerson,Chrome · Refractor,1
Korbyn Dickerson,Chrome · Base,1
Landon Hodge,Base-Paper,7
Landon Hodge,Chrome · Auto,11
Landon Hodge,Chrome · Refractor,7
Landon Hodge,Chrome · Sky Blue /499 · Auto,4
Landon Hodge,Chrome · Sky Blue /499,3
Landon Hodge,Chrome · Aqua /125 · Auto,2
Landon Hodge,Chrome · Base,2
Landon Hodge,Chrome · Purple /250 · Auto,2
Landon Hodge,Chrome · Blue /150,2
Landon Hodge,Chrome · Yellow /75 · Auto,1
Landon Hodge,Chrome · Blue /150 · Auto,1
Landon Hodge,Chrome · Purple /250,1
Landon Hodge,Chrome · Orange /25,1
Landon Hodge,Chrome · Fuchsia Reptilian /199,1
Landon Hodge,Chrome · Green /99,1
Leo De Vries,Base-Paper,6
Leo De Vries,Bowman Axis · Base,31
Leo De Vries,Bowman Axis · Parallel,2
Leo De Vries,Bowman Axis · Gold,2
Leo De Vries,Chrome · Refractor,20
Leo De Vries,Chrome · Base,4
Leo De Vries,Chrome · Green /99,3
Leo De Vries,Chrome · Blue /150,3
Leo De Vries,Chrome · Yellow /75,2
Leo De Vries,Chrome · X-Fractor,1
Leo De Vries,Chrome · Sky Blue /499,1
Leo De Vries,Chrome · Aqua /125,1
Leo De Vries,Chrome · Orange /25,1
Leo De Vries,Chrome · Fuchsia Reptilian /199,1
Leo De Vries,Chrome · Steel Metal /100,1
Leo De Vries,Chrome · Gold /50 · Auto,1
Leo De Vries,Chrome · Purple /250 · Auto,1
Leo De Vries,Snack-Pack,2
Liam Doyle,Bowman In Action,1
Liam Doyle,Chrome · Auto,14
Liam Doyle,Chrome · Sky Blue /499 · Auto,4
Liam Doyle,Chrome · Purple /250 · Auto,2
Liam Doyle,Chrome · Blue /150 · Auto,2
Liam Doyle,Chrome · Orange /25 · Auto,1
Liam Doyle,Chrome · Sparkle · Auto,1
Luis Peña,Base-Paper,11
Luis Peña,Bowman Spotlight,2
Luis Peña,Chrome · Refractor,14
Luis Peña,Chrome · Base,10
Luis Peña,Chrome · Purple /250,3
Luis Peña,Chrome · Yellow /75,3
Luis Peña,Chrome · Blue /150,2
Luis Peña,Chrome · Aqua /125,2
Luis Peña,Chrome · Green /99,2
Luis Peña,Chrome · Sky Blue /499,1
Luis Peña,Chrome · Gold /50,1
Luis Peña,Chrome · Green /99 · Auto,1
Luis Peña,Chrome · Fuchsia Reptilian /199,1
Luis Peña,Prized Prospects,7
Luis Peña,Prized Prospects · Gold /50,1
Luis Peña,Prized Prospects · Red /5,1
Luis Peña,Prized Prospects /250,3
Mason Peters,Base-Paper,2
Mason Peters,Chrome · Refractor,50
Mason Peters,Chrome · Sky Blue /499,15
Mason Peters,Chrome · Base,14
Mason Peters,Chrome · Green /99,6
Mason Peters,Chrome · Sapphire,5
Mason Peters,Chrome · Fuchsia Reptilian /199,5
Mason Peters,Chrome · Aqua /125,5
Mason Peters,Chrome · Yellow /75,4
Mason Peters,Chrome · X-Fractor,4
Mason Peters,Chrome · Purple /250,3
Mason Peters,Chrome · Blue /150,2
Mason Peters,Chrome · Gold /50,2
Mason Peters,Chrome · Sparkle,2
Mason Peters,Chrome · Steel Metal /100,1
Mason Peters,Sapphire,1
Matt Barr,Chrome · Green /99,2
Matthew Fisher,Base-Paper,15
Matthew Fisher,Chrome · Auto,26
Matthew Fisher,Chrome · Refractor,19
Matthew Fisher,Chrome · Base,11
Matthew Fisher,Chrome · Blue /150 · Auto,7
Matthew Fisher,Chrome · Sky Blue /499,7
Matthew Fisher,Chrome · Blue /150,7
Matthew Fisher,Chrome · Purple /250 · Auto,5
Matthew Fisher,Chrome · Green /99,4
Matthew Fisher,Chrome · X-Fractor,3
Matthew Fisher,Chrome · Aqua /125 · Auto,3
Matthew Fisher,Chrome · Green /99 · Auto,3
Matthew Fisher,Chrome · Aqua /125,2
Matthew Fisher,Chrome · Yellow /75 · Auto,2
Matthew Fisher,Chrome · Black /73 · Auto,2
Matthew Fisher,Chrome · Steel Metal /100,2
Matthew Fisher,Chrome · Gold /50 · Auto,1
Matthew Fisher,Chrome · Yellow /75,1
Matthew Fisher,Chrome · Sky Blue /499 · Auto,1
Matthew Fisher,Chrome · Purple /250,1
Matthew Fisher,Snack-Pack,1
Michael Salina,Base-Paper,6
Michael Salina,Chrome · Base,6
Michael Salina,Chrome · Refractor,6
Michael Salina,Chrome · Sky Blue /499,5
Michael Salina,Chrome · Green /99,4
Michael Salina,Chrome · Logo Refractor /35,2
Michael Salina,Chrome · Fuchsia Reptilian /199,2
Michael Salina,Chrome · Gold /50,1
Michael Salina,Chrome · Steel Metal /100,1
Michael Salina,Chrome · Yellow /75,1
Michael Salina,Chrome · Red /5,1
Miguel Sime Jr.,Chrome · Auto,12
Miguel Sime Jr.,Chrome · Blue /150 · Auto,2
Miguel Sime Jr.,Chrome · Speckle Refractor · Auto,1
Miguel Sime Jr.,Chrome · Sky Blue /499 · Auto,1
Murf Gray,Base-Paper,1
Nick Becker,Base-Paper,17
Nick Becker,Chrome · Auto,36
Nick Becker,Chrome · Refractor,25
Nick Becker,Chrome · Base,13
Nick Becker,Chrome · Sky Blue /499 · Auto,10
Nick Becker,Chrome · Sky Blue /499,8
Nick Becker,Chrome · Blue /150 · Auto,6
Nick Becker,Chrome · Aqua /125,4
Nick Becker,Chrome · Purple /250 · Auto,4
Nick Becker,Chrome · Green /99,4
Nick Becker,Chrome · Gold /50 · Auto,2
Nick Becker,Chrome · Blue /150,2
Nick Becker,Chrome · Yellow /75,2
Nick Becker,Chrome · True Black /10,1
Nick Becker,Chrome · Fuchsia Reptilian /199,1
Nick Becker,Chrome · Aqua /125 · Auto,1
Nick Becker,Chrome · Logo Refractor /35,1
Nick Becker,Chrome · Orange /25 · Auto,1
Nick Becker,Chrome · Green /99 · Auto,1
Nick Becker,Chrome · X-Fractor,1
Nick Becker,Chrome · Purple /250,1
Nick Becker,Chrome · Steel Metal /100,1
Nick Becker,Chrome · Yellow /75 · Auto,1
Nick Becker,Chrome · Speckle Refractor · Auto,1
Nick Becker,Snack-Pack,3
Nolan Sailors,Base-Paper,5
Nolan Sailors,Chrome · Auto,7
Nolan Sailors,Chrome · Base,5
Nolan Sailors,Chrome · Sky Blue /499 · Auto,4
Nolan Sailors,Chrome · Refractor,3
Nolan Sailors,Chrome · Blue /150 · Auto,1
Nolan Sailors,Chrome · Fuchsia Reptilian /199 · Auto,1
Nolan Sailors,Chrome · Purple /250 · Auto,1
Patrick Forbes,Base-Paper,13
Patrick Forbes,Chrome · Auto,19
Patrick Forbes,Chrome · Refractor,16
Patrick Forbes,Chrome · Base,8
Patrick Forbes,Chrome · Blue /150 · Auto,5
Patrick Forbes,Chrome · Green /99,3
Patrick Forbes,Chrome · Sky Blue /499,3
Patrick Forbes,Chrome · Yellow /75,3
Patrick Forbes,Chrome · X-Fractor,2
Patrick Forbes,Chrome · Steel Metal /100,2
Patrick Forbes,Chrome · Speckle Refractor · Auto,2
Patrick Forbes,Chrome · Parallel · Auto,1
Patrick Forbes,Chrome · Yellow /75 · Auto,1
Patrick Forbes,Chrome · Sky Blue /499 · Auto,1
Patrick Forbes,Chrome · Green /99 · Auto,1
Patrick Forbes,Chrome · Red /5,1
Patrick Forbes,Chrome · Red /5 · Auto,1
Patrick Forbes,Chrome · Logo Refractor /35,1
Patrick Forbes,Snack-Pack,3
Quentin Young,Base-Paper,10
Quentin Young,Bowman Axis · Base,23
Quentin Young,Bowman Axis · Parallel,1
Quentin Young,Bowman Axis · Orange,1
Quentin Young,Chrome · Auto,27
Quentin Young,Chrome · Refractor,8
Quentin Young,Chrome · X-Fractor,4
Quentin Young,Chrome · Purple /250,3
Quentin Young,Chrome · Green /99,3
Quentin Young,Chrome · Yellow /75 · Auto,2
Quentin Young,Chrome · Aqua /125,2
Quentin Young,Chrome · Fuchsia Reptilian /199 · Auto,1
Quentin Young,Chrome · Purple /250 · Auto,1
Quentin Young,Chrome · Steel Metal /100,1
Quentin Young,Chrome · Base,1
Quentin Young,Chrome · True Black /10 · Auto,1
Quentin Young,Chrome · Blue /150 · Auto,1
Quentin Young,Chrome · Sky Blue /499 · Auto,1
Quentin Young,Chrome · Sky Blue /499,1
Quentin Young,Chrome · Aqua /125 · Auto,1
Quentin Young,Chrome · Sparkle · Auto,1
Quentin Young,Snack-Pack,1
Riley Kelly,Base-Paper,8
Riley Kelly,Chrome · Auto,14
Riley Kelly,Chrome · Base,7
Riley Kelly,Chrome · Refractor,7
Riley Kelly,Chrome · Sky Blue /499,5
Riley Kelly,Chrome · X-Fractor,4
Riley Kelly,Chrome · Gold /50 · Auto,2
Riley Kelly,Chrome · Aqua /125,2
Riley Kelly,Chrome · Orange /25 · Auto,2
Riley Kelly,Chrome · Blue /150 · Auto,1
Riley Kelly,Chrome · Superfractor · Auto,1
Riley Kelly,Chrome · Green /99,1
Riley Kelly,Chrome · Fuchsia Reptilian /199,1
Riley Kelly,Chrome · Sparkle · Auto,1
Riley Kelly,Chrome · Aqua /125 · Auto,1
Riley Kelly,Chrome · Aqua Reptilian,1
Riley Kelly,Chrome · Orange /25,1
Riley Kelly,Chrome · Purple /250,1
Riley Kelly,Snack-Pack,1
Ryan Mitchell,Base-Paper,12
Ryan Mitchell,Chrome · Base,12
Ryan Mitchell,Chrome · Refractor,8
Ryan Mitchell,Chrome · Auto,6
Ryan Mitchell,Chrome · Sky Blue /499 · Auto,5
Ryan Mitchell,Chrome · X-Fractor,5
Ryan Mitchell,Chrome · Sky Blue /499,4
Ryan Mitchell,Chrome · Blue /150,2
Ryan Mitchell,Chrome · Fuchsia Reptilian /199,2
Ryan Mitchell,Chrome · Aqua /125,2
Ryan Mitchell,Chrome · Fuchsia Reptilian /199 · Auto,2
Ryan Mitchell,Chrome · Logo Refractor /35,1
Ryan Mitchell,Chrome · Gold /50,1
Ryan Mitchell,Chrome · Orange /25,1
Ryan Mitchell,Chrome · Aqua /125 · Auto,1
Ryan Mitchell,Chrome · Green /99 · Auto,1
Ryan Mitchell,Chrome · Yellow /75 · Auto,1
Ryan Mitchell,Chrome · Mini Diamond,1
Ryan Mitchell,Chrome · Gold /50 · Auto,1
Ryan Mitchell,Chrome · Purple /250 · Auto,1
Ryan Sloan,Base-Paper,4
Ryan Sloan,Chrome · Refractor,9
Ryan Sloan,Chrome · Sky Blue /499,6
Ryan Sloan,Chrome · Gold /50 · Auto,1
Ryan Sloan,Chrome · Gold /50,1
Ryan Sloan,Chrome · Steel Metal /100,1
Ryan Sloan,Chrome · Base,1
Ryan Sloan,Chrome · Fuchsia Reptilian /199,1
Ryan Sloan,Chrome · X-Fractor,1
Ryan Sloan,Chrome · Blue /150,1
Sean Gamble,Chrome · Green /99 · Auto,1
Sean Youngerman,Base-Paper,14
Sean Youngerman,Chrome · Refractor,24
Sean Youngerman,Chrome · Base,9
Sean Youngerman,Chrome · X-Fractor,6
Sean Youngerman,Chrome · Aqua /125,5
Sean Youngerman,Chrome · Sky Blue /499,5
Sean Youngerman,Chrome · Blue /150,3
Sean Youngerman,Chrome · Purple /250,3
Sean Youngerman,Chrome · Green /99,2
Sean Youngerman,Chrome · Steel Metal /100,1
Sean Youngerman,Chrome · Sparkle,1
Sean Youngerman,Chrome · Speckle Refractor,1
Sean Youngerman,Chrome · Parallel,1
Sean Youngerman,Chrome · Fuchsia Reptilian /199,1
Sean Youngerman,Snack-Pack,2
Seth Hernandez,Base-Paper,1
Shotaro Morii,Bowman Axis · Base,1
Spencer Jones,Base-Paper,7
Spencer Jones,Chrome · Refractor,13
Spencer Jones,Chrome · Base,9
Spencer Jones,Chrome · Sky Blue /499,5
Spencer Jones,Chrome · Green /99,3
Spencer Jones,Chrome · Purple /250,3
Spencer Jones,Chrome · Sparkle,2
Spencer Jones,Chrome · Yellow /75,2
Spencer Jones,Chrome · X-Fractor,1
Spencer Jones,Chrome · Blue /150,1
Steele Hall,Chrome · Sky Blue /499,2
Steele Hall,Chrome · Gold /50,1
Tanner Franklin,Base-Paper,6
Tanner Franklin,Chrome · Purple /250 · Auto,7
Tanner Franklin,Chrome · Refractor,7
Tanner Franklin,Chrome · Auto,5
Tanner Franklin,Chrome · Sky Blue /499,5
Tanner Franklin,Chrome · Green /99 · Auto,4
Tanner Franklin,Chrome · Purple /250,4
Tanner Franklin,Chrome · Base,4
Tanner Franklin,Chrome · Blue /150,4
Tanner Franklin,Chrome · Green /99,3
Tanner Franklin,Chrome · Gold /50,2
Tanner Franklin,Chrome · X-Fractor,2
Tanner Franklin,Chrome · Sky Blue /499 · Auto,2
Tanner Franklin,Chrome · Yellow /75,1
Tanner Franklin,Chrome · Blue /150 · Auto,1
Tanner Franklin,Chrome · Aqua /125,1
Tanner Franklin,Chrome · Fuchsia Reptilian /199,1
Tanner Franklin,Chrome · Gold /50 · Auto,1
Tanner Franklin,Chrome · Red /5,1
Tanner Franklin,Chrome · X-Fractor · Auto,1
Tanner Franklin,Chrome · Parallel · Auto,1
Tanner Franklin,Chrome · Aqua /125 · Auto,1
Tanner Franklin,Snack-Pack,2
Tim Piasentin,Chrome · Logo Refractor /35,1
Tim Piasentin,Chrome · Blue /150 · Auto,1
Tim Piasentin,Chrome · Purple /250 · Auto,1
Tommy White,Base-Paper,5
Tommy White,Chrome · Refractor,9
Tommy White,Chrome · Base,5
Tommy White,Chrome · Sky Blue /499,3
Tommy White,Chrome · Aqua /125,3
Tommy White,Chrome · Logo Refractor /35,2
Tommy White,Chrome · Purple /250,1
Tommy White,Chrome · Blue /150,1
Tommy White,Chrome · Yellow /75,1
Tommy White,Chrome · Red /5,1
Trevor Cohen,Chrome · Aqua /125,2
Xavier Neyens,Base-Paper,6
Xavier Neyens,Base-Paper · Black Border,1
Xavier Neyens,Bowman Axis · Base,6
Xavier Neyens,Bowman Axis · Gold,1
Xavier Neyens,Bowman Axis · Mini Diamond,1
Xavier Neyens,Bowman Axis · Red,1
Xavier Neyens,Bowman Draft Night,5
Xavier Neyens,Bowman Draft Night · Green /99,1
Xavier Neyens,Bowman Draft Night /99 · Auto,1
Xavier Neyens,Bowman In Action,6
Xavier Neyens,Bowman In Action · Orange /25,2
Xavier Neyens,Bowman In Action · Blue /150,2
Xavier Neyens,Bowman In Action · Purple /250,1
Xavier Neyens,Bowman In Action · Mini Diamond /150,1
Xavier Neyens,Bowman In Action /199,1
Xavier Neyens,Bowman In Action /99,1
Xavier Neyens,Chrome · Refractor,26
Xavier Neyens,Chrome · Base,14
Xavier Neyens,Chrome · Auto,12
Xavier Neyens,Chrome · Sky Blue /499,9
Xavier Neyens,Chrome · Sapphire,8
Xavier Neyens,Chrome · Blue /150 · Auto,6
Xavier Neyens,Chrome · Purple /250 · Auto,5
Xavier Neyens,Chrome · Green /99 · Auto,5
Xavier Neyens,Chrome · Green /99,4
Xavier Neyens,Chrome · X-Fractor,4
Xavier Neyens,Chrome · Blue /150,4
Xavier Neyens,Chrome · Fuchsia Reptilian /199 · Auto,4
Xavier Neyens,Chrome · Sky Blue /499 · Auto,4
Xavier Neyens,Chrome · Fuchsia Reptilian /199,3
Xavier Neyens,Chrome · Gold /50,2
Xavier Neyens,Chrome · Yellow /75,2
Xavier Neyens,Chrome · Gold /50 · Auto,2
Xavier Neyens,Chrome · Steel Metal /100,2
Xavier Neyens,Chrome · Sparkle,1
Xavier Neyens,Chrome · Aqua Reptilian,1
Xavier Neyens,Chrome · Yellow /75 · Auto,1
Xavier Neyens,Chrome · Orange /25,1
Xavier Neyens,Chrome · Aqua /125 · Auto,1
Xavier Neyens,Chrome · Purple /250,1
Xavier Neyens,Chrome · Black /73 · Auto,1
Xavier Neyens,Etched in Glass,3
Xavier Neyens,Snack-Pack,1
Yolfran Castillo,Base-Paper,17
Yolfran Castillo,Chrome · Refractor,22
Yolfran Castillo,Chrome · Base,10
Yolfran Castillo,Chrome · Green /99,6
Yolfran Castillo,Chrome · X-Fractor,4
Yolfran Castillo,Chrome · Yellow /75,4
Yolfran Castillo,Chrome · Blue /150,3
Yolfran Castillo,Chrome · Logo Refractor /35,3
Yolfran Castillo,Chrome · Aqua /125,3
Yolfran Castillo,Chrome · Sky Blue /499,2
Yolfran Castillo,Chrome · Fuchsia Reptilian /199,1
Yolfran Castillo,Chrome · Gold /50,1
Yolfran Castillo,Chrome · Speckle Refractor,1
Yolfran Castillo,Chrome · Purple /250,1
Zach Root,Chrome · Auto,21
Zach Root,Chrome · Sky Blue /499 · Auto,5
Zach Root,Chrome · Green /99 · Auto,4
Zach Root,Chrome · Blue /150 · Auto,4
Zach Root,Chrome · Orange /25 · Auto,3
Zach Root,Chrome · Purple /250 · Auto,2
Zach Root,Chrome · Fuchsia Reptilian /199 · Auto,2
Zach Root,Chrome · Gold /50 · Auto,1
Zach Root,Chrome · Printing Plate /1 · Auto,1
Zach Root,Chrome · Red /5 · Auto,1
Zach Root,Chrome · Refractor · Auto,1
Zach Root,Chrome · Black /73 · Auto,1
Zach Root,Chrome · Sparkle · Auto,1
Zach Root,Chrome · X-Fractor · Auto,1
Zach Root,Snack-Pack,1
Zyhir Hope,Final Draft,1
