player,price,card_type,title
Eli Willits,5,BDC Chrome Prospect · Refractor,#BDC-1 Eli Willits Chrome Mojo Refractor
Eli Willits,6,BDC Chrome Prospect · Refractor,Chrome Eli Willits #BDC-1 Refractor (RC)
Eli Willits,6,BDC Chrome Prospect · Refractor,Eli Willits 1st Mojo Refractor RC (B)
Eli Willits,6,BDC Chrome Prospect · Refractor,#BDC-1 Eli Willits Chrome Mojo Refractor
Eli Willits,7,BDC Chrome Prospect · Refractor,Eli Willits 1st Bowman Mojo Refractor Nationals
Eli Willits,7,BDC Chrome Prospect · Refractor,Chrome Eli Willits #BDC-1 Mojo Refractor (RC)
Eli Willits,7,BDC Chrome Prospect · Refractor,Chrome Eli Willits #BDC-1 Mojo Refractor (RC)
Eli Willits,7,BDC Chrome Prospect · Refractor,Mojo Refractor #BDC-1 Eli Willits Washington Nationals
Eli Willits,8,BDC Chrome Prospect · Refractor,Eli Willits Mega Box 1st Bowman Mojo Refractor BDC-1 c-55
Eli Willits,8,BDC Chrome Prospect · Refractor,Eli Willits 2025 Bowman Chrome 1st MOJO Refractor Nationals
Eli Willits,8,BDC Chrome Prospect · Refractor,#BDC-1 Eli Willits Chrome Mojo Refractor 1st Rookie
Eli Willits,8,BDC Chrome Prospect · Refractor,Chrome Eli Willits #BDC-1 Refractor (RC)
Eli Willits,8,BDC Chrome Prospect · Refractor,Eli Willits Mega Box 1st Mojo Refractor #BDC-1 Nationals
Eli Willits,8,BDC Chrome Prospect · Refractor,Eli Willits 1st Bowman Refractor
Eli Willits,8,BDC Chrome Prospect · Refractor,Chrome Eli Willits #BDC-1 mojo Refractor (RC)
Eli Willits,9,BDC Chrome Prospect · Refractor,ELI WILLITS 1st Bowman Chrome Refractor #BDC-1 - Nationals
Eli Willits,10,BDC Chrome Prospect · Refractor,Chrome Eli Willits #BDC-1 Refractor (RC)
Eli Willits,10,BDC Chrome Prospect · Refractor,#BDC-1 Eli Willits Chrome Refractor
Eli Willits,10,BDC Chrome Prospect · Refractor,#BDC-1 Eli Willits Chrome Refractor
Eli Willits,10,BDC Chrome Prospect · Refractor,Chrome Eli Willits #BDC-1 Laser Refractor - (RC)
Eli Willits,10,BDC Chrome Prospect · Refractor,2025 1st Chrome Mega Mojo Refractor Eli Willits BDC-1 Nationals
Eli Willits,10,BDC Chrome Prospect · Refractor,1st Bowman Eli Willits #BDC-1 Refractor *OFF CENTERED*
Eli Willits,11,BDC Chrome Prospect · Refractor,#BDC-1 Eli Willits Chrome Laser Refractor
Eli Willits,11,BDC Chrome Prospect · Refractor,#BDC-1 Eli Willits 1st Chrome Refractor Washington Nationals
Eli Willits,12,BDC Chrome Prospect · Refractor,Chrome Eli Willits #BDC-1 Laser Refractor - (RC)
Eli Willits,12,BDC Chrome Prospect · Refractor,Eli Willits Chrome Refractor Washington Nationals #BDC-1
Eli Willits,12,BDC Chrome Prospect · Refractor,Eli Willits Chrome Refractor #BDC-1 Nationals
Eli Willits,15,BDC Chrome Prospect · Refractor,ELI WILLITS RC REFRACTOR SP NATIONALS 1ST
Eli Willits,15,BDC Chrome Prospect · Refractor,Chrome Eli Willits #BDC-1 Refractor (RC)
Eli Willits,15,BDC Chrome Prospect · Refractor,Eli Willits Chrome Refractor 1st Prospect #BDC-1 Nationals
Eli Willits,15,BDC Chrome Prospect · Parallel,Eli Willits #BD-1 Sky Blue /499 (RC)
Eli Willits,15,BDC Chrome Prospect · Refractor,Eli Willits 1st Chrome Prospect Mega Box Lazer Refractor Nats
Eli Willits,15,BDC Chrome Prospect · Refractor,ELI WILLITS 1st Chrome Refractor #BDC-1 Nationals Prospect
Eli Willits,16,BDC Chrome Prospect · Refractor,Eli Willits 1st Chrome Prospect Mega Box Mojo Refractor
Eli Willits,17,BDC Chrome Prospect · Refractor,Eli Willits 2025 Bowman’s Best RC Mini Diamond Refractor /299 Nationals
Eli Willits,17,BDC Chrome Prospect · Refractor,Eli Willits 1st Bowman Refractor #BDC-1 Washington Nats
Eli Willits,17,BDC Chrome Prospect · Refractor,Eli Willits 1st Bowman Refractor #BDC-1 Washington Nats
Eli Willits,18,BDC Chrome Prospect · Refractor,Eli Willits 1st Bowman Refractor #BDC-1 Washington Nats
Eli Willits,19,BDC Chrome Prospect · Parallel,Bowman 2025 Draft Sky Blue /499 Rookie Eli Willits BD-1 Washington Nationals
Eli Willits,19,BDC Chrome Prospect · Refractor,Eli Willits Chrome Refractor 1st Bowman
Eli Willits,20,BDC Chrome Prospect · Refractor,Mojo Refractor Eli Willits #BDC-1 Nationals
Eli Willits,20,BDC Chrome Prospect · Refractor,Eli 1st Eli Willits #BDC-1 Refractor Wash Nationals
Eli Willits,20,BDC Chrome Prospect · Refractor,2025 Eli Willits Chrome 1st Bowman Refractor #BDC-1
Eli Willits,20,BDC Chrome Prospect · Refractor,Eli Willits 1st Bowman Refractor #BDC-1
Eli Willits,20,BDC Chrome Prospect · Refractor,Refractor Eli Willits Washington Nationals BDC-1 # Will 1 MLB
Eli Willits,20,BDC Chrome Prospect · Parallel,Baseball Eli Willits Sky Blue 1st Paper /499
Eli Willits,20,BDC Chrome Prospect · Refractor,Eli Willits 1st Bowman Refractor BDC-1 1st overall pick
Eli Willits,20,BDC Chrome Prospect · Refractor,Eli Willits REFRACTOR BDC-1 Nationals
Eli Willits,20,BDC Chrome Prospect · Refractor,Eli Willits 1st Bowman Refractor
Eli Willits,20,BDC Chrome Prospect · Refractor,Eli Willits #BDC-1 Refractor (RC)
Eli Willits,20,BDC Chrome Prospect · Refractor,Eli Willits 1st Bowman Refractor Washington Nationals
Eli Willits,23,BDC Chrome Prospect · Refractor,Eli Willits Refractor #BDC-1
Eli Willits,23,BDC Chrome Prospect · Refractor,2025 Eli Willits Chrome 1st Bowman Refractor #BDC-1
Eli Willits,23,BDC Chrome Prospect · Parallel,Baseball Eli Willits Sky Blue 1st Paper /499 Nationals
Eli Willits,25,BDC Chrome Prospect · Refractor,1st Eli Willits Refractor #BDC-1
Eli Willits,25,BDC Chrome Prospect · Refractor,Eli Willits Chrome Refractor 1st Prospect #BDC-1 Nationals
Eli Willits,25,BDC Chrome Prospect · Refractor,Baseball Eli Willits 1st Refractor
Eli Willits,45,BDC Chrome Prospect · Parallel,Eli Willits Green Reptilian /99
Eli Willits,50,BDC Chrome Prospect · Parallel,ELI WILLITS BD-1 BLUE BORDER 026/150 RC WASHINGTON NATIONALS
Eli Willits,55,BDC Chrome Prospect · Refractor,#BDC-1 Eli Willits Chrome Mojo Refractor SP Variation 1st RC
Eli Willits,60,BDC Chrome Prospect · Parallel,Eli Willits 1st Chrome Aqua Geometric /125
Eli Willits,66,BDC Chrome Prospect · Parallel,Eli Willits Aqua Wave 1st Bowman /125!🔥Nationals
Eli Willits,80,BDC Chrome Prospect · Parallel,Eli Willits Aqua Reptilian /125 1st Nationals
Eli Willits,85,BDC Chrome Prospect · Refractor,Eli Willits 1st Blue Mega Box Refractor /150 Nationals
Eli Willits,90,BDC Chrome Prospect · Refractor,ELI WILLITS - SP Chrome 1st Speckle Refractor Nationals 🔥
Eli Willits,90,BDC Chrome Prospect · Parallel,Eli Willits 1st Bowman Green Geometric /99 🔥🔥🔥
Eli Willits,100,BDC Chrome Prospect · Parallel,Eli Willits Aqua Wave 1st Bowman /125!🔥Nationals
Eli Willits,153,BDC Chrome Prospect · Auto,#CPA-EW Eli Willits Chrome Prospect Autographs
Eli Willits,165,BDC Chrome Prospect · Auto,"Chrome Prospect Autographs Eli Willits #CPA-EW (AU, RC)"
Eli Willits,175,BDC Chrome Prospect · Auto,Eli Willits Chrome Auto 1st Prospect #CPA-EW Nationals
Eli Willits,180,BDC Chrome Prospect · Auto,Eli Willits Chrome Auto 1st Prospect #CPA-EW Nationals
Eli Willits,190,BDC Chrome Prospect · Auto,"Chrome Prospect Autographs Eli Willits #CPA-EW (AU, RC)"
Eli Willits,195,BDC Chrome Prospect · Auto,#CPA-EW Eli Willits Chrome Auto
Eli Willits,200,BDC Chrome Prospect · Auto,"Eli Willits: , Chrome Prospects, 1st Bowman Autograph / #CPA-EW"
Eli Willits,200,BDC Chrome Prospect · Auto,Eli Willits Chrome Auto 1st #CPA-EW Nationals
Eli Willits,202,BDC Chrome Prospect · Parallel,Sapphire Eli Willits Selections Gold Ref #SS-8 50/50 Bookend
Eli Willits,215,BDC Chrome Prospect · Auto,#CPA-EW Eli Willits Chrome Prospect Autographs
Eli Willits,225,BDC Chrome Prospect · Auto,ELI WILLITS #CPA-EW 1st Bowman Auto - Nationals 🔥🔥🔥
Eli Willits,225,BDC Chrome Prospect · Auto,Eli Willits Chrome Auto 1st #CPA-EW Nationals
Eli Willits,249,BDC Chrome Prospect · Auto,Eli Willits Chrome Auto 1st Prospect #CPA-EW Nationals
Eli Willits,250,BDC Chrome Prospect · Auto,Eli Willits Prospect 1st Bowman Auto Nationals #CPA-EW
Eli Willits,250,BDC Chrome Prospect · Auto,#CPA-EW Eli Willits Chrome Prospect 1st Autographs
Eli Willits,269,BDC Chrome Prospect · Auto,#CPA-EW Eli Willits Chrome Prospect Autographs
Eli Willits,275,BDC Chrome Prospect · Auto,Eli Willits 1st Chrome Refractor Auto/499 #CPA-EW SEE DETAIL
Eli Willits,280,BDC Chrome Prospect · Auto,Eli Willits 1st Chrome Refractor AUTO /499 #CPA-EW Nationals
Eli Willits,300,BDC Chrome Prospect · Auto,Eli Willits Auto CPA-EW Nationals 1st First round Overall
Eli Willits,300,BDC Chrome Prospect · Auto,#CPA-EW Eli Willits 1st Bowman REFRACTOR AUTOGRAPH 310/499
Eli Willits,300,BDC Chrome Prospect · Auto,2025 Topps Eli Willits 1st Bowman Autograph CPA-EW
Eli Willits,350,BDC Chrome Prospect · Parallel,Baseball Eli Willits Gold 1st Paper /50 #1 Pick
Eli Willits,420,BDC Chrome Prospect · Auto,Prospect Auto 1st Bowman Eli Willits Refractor /499
Eli Willits,430,BDC Chrome Prospect · Parallel,1st Eli Willits Gold 05/50 #BD-1 Washington Nationals
Eli Willits,480,BDC Chrome Prospect · Auto,Eli Willits AUTO 1st Bowman Chrome #CPA-EW
Eli Willits,499,BDC Chrome Prospect · Auto,Eli Willits 1st Auto #CPA-EW Refractor /499
Eli Willits,500,BDC Chrome Prospect · Green /99 · Auto,Sapphire ELI WILLITS CPA-EW 1st GREEN Autograph /99 Nationals
Eli Willits,575,BDC Chrome Prospect · Green /99 · Auto,#CPA-EW Eli Willits Green Lava Auto /99
Eli Willits,600,BDC Chrome Prospect · Auto,Eli Willits #CPA-EW Refractor Auto /499
Eli Willits,625,BDC Chrome Prospect · Auto,Chrome Prospect Autographs Eli Willits #CPA-EW Refractor...
Eli Willits,1000,BDC Chrome Prospect · Green /99 · Auto,Eli Willits 1st Chrome Green Refractor Auto 01/99 #CPA-EW
Eli Willits,1000,BDC Chrome Prospect · Green /99 · Auto,Eli Willits 1st Chrome Green Refractor Auto 01/99 #CPA-EW
Eli Willits,1000,BDC Chrome Prospect · Green /99 · Auto,Eli Willits 1st Chrome Green Refractor Auto 01/99 #CPA-EW
Eli Willits,1000,BDC Chrome Prospect · Green /99 · Auto,Eli Willits 1st Chrome Green Refractor Auto 01/99 #CPA-EW
Eli Willits,1000,BDC Chrome Prospect · Green /99 · Auto,Eli Willits 1st Chrome Green Refractor Auto 01/99 #CPA-EW
Eli Willits,1000,BDC Chrome Prospect · Green /99 · Auto,Eli Willits 1st Chrome Green Refractor Auto 01/99 #CPA-EW
Eli Willits,1000,BDC Chrome Prospect · Green /99 · Auto,Eli Willits 1st Chrome Green Refractor Auto 01/99 #CPA-EW
Eli Willits,1035,BDC Chrome Prospect · Green /99 · Auto,#CPA-EW Eli Willits Chrome 1st Auto Green Refractor #/99
Eli Willits,1035,BDC Chrome Prospect · Green /99 · Auto,#CPA-EW Eli Willits Chrome 1st Auto Green Refractor #/99
Eli Willits,1035,BDC Chrome Prospect · Green /99 · Auto,#CPA-EW Eli Willits Chrome 1st Auto Green Refractor #/99
Eli Willits,1035,BDC Chrome Prospect · Green /99 · Auto,#CPA-EW Eli Willits Chrome 1st Auto Green Refractor #/99
Eli Willits,1035,BDC Chrome Prospect · Green /99 · Auto,#CPA-EW Eli Willits Chrome 1st Auto Green Refractor #/99
Eli Willits,1035,BDC Chrome Prospect · Green /99 · Auto,#CPA-EW Eli Willits Chrome 1st Auto Green Refractor #/99
Eli Willits,1035,BDC Chrome Prospect · Green /99 · Auto,#CPA-EW Eli Willits Chrome 1st Auto Green Refractor #/99
Eli Willits,1035,BDC Chrome Prospect · Green /99 · Auto,#CPA-EW Eli Willits Chrome 1st Auto Green Refractor #/99
Eli Willits,1200,BDC Chrome Prospect · Green /99 · Auto,Eli Willits 1st Bowman Green Refractor Auto /99 #CPA-EW
Eli Willits,1200,BDC Chrome Prospect · Green /99 · Auto,Eli Willits 1st Bowman Green Refractor Auto /99 #CPA-EW
Eli Willits,1200,BDC Chrome Prospect · Green /99 · Auto,Eli Willits 1st Bowman Green Refractor Auto /99 #CPA-EW
Eli Willits,1200,BDC Chrome Prospect · Green /99 · Auto,Eli Willits 1st Bowman Green Refractor Auto /99 #CPA-EW
Eli Willits,1200,BDC Chrome Prospect · Green /99 · Auto,Eli Willits 1st Bowman Green Refractor Auto /99 #CPA-EW
Eli Willits,1200,BDC Chrome Prospect · Green /99 · Auto,Eli Willits 1st Bowman Green Refractor Auto /99 #CPA-EW
Eli Willits,1200,BDC Chrome Prospect · Green /99 · Auto,Eli Willits 1st Bowman Green Refractor Auto /99 #CPA-EW
Eli Willits,1200,BDC Chrome Prospect · Green /99 · Auto,Eli Willits 1st Bowman Green Refractor Auto /99 #CPA-EW
Eli Willits,1700,BDC Chrome Prospect · Yellow /75 · Auto,Eli Willits Yellow Refractor Auto /75 CPA-EW 1st Chrome Clean
Eli Willits,2400,BDC Chrome Prospect · Gold /50 · Auto,Eli Willits Chrome Prospect 1st Gold Wave Auto /50 CPA-EW Nats
Xavier Neyens,2,BDC Chrome Prospect · Refractor,Xavier Neyens Mojo Refractor - 1st Mega #BDC-2
Xavier Neyens,2,BDC Chrome Prospect · Refractor,#BDC-2 Xavier Neyens Chrome Mojo Refractor
Xavier Neyens,2,BDC Chrome Prospect · Refractor,Xavier Neyens Mega Box 1st Bowman Mojo Refractor Astros
Xavier Neyens,2,BDC Chrome Prospect · Refractor,⚾ Xavier Neyens 1st Bowman Mojo Refractor #BDC-2⚾
Xavier Neyens,2,BDC Chrome Prospect · Refractor,Xavier Neyens #BDC-2 - Mojo Refractor - Astros
Xavier Neyens,2,BDC Chrome Prospect · Refractor,Xavier Neyens #BDC-2 - Mojo Refractor - Astros
Xavier Neyens,2,BDC Chrome Prospect · Refractor,Xavier Neyens 1st Mojo Refractor SP Houston Astros #BDC-2
Xavier Neyens,2,BDC Chrome Prospect · Refractor,Mojo Refractor Xavier Neyens #BDC-2 Astros
Xavier Neyens,3,BDC Chrome Prospect · Refractor,#BDC-2 Xavier Neyens (1st) Prospects Mojo Refractor
Xavier Neyens,3,BDC Chrome Prospect · Refractor,#BDC-2 Xavier Neyens Mojo Refractor Astros
Xavier Neyens,3,BDC Chrome Prospect · Refractor,#BDC-2 Xavier Neyens Laser Refractor Astros
Xavier Neyens,3,BDC Chrome Prospect · Parallel,Xavier Neyens BD-2 Houston Astros Sky Blue Border 1st /499
Xavier Neyens,4,BDC Chrome Prospect · Refractor,Xavier Neyens #BDC-2 1st Bowman Laser Refractor - Astros
Xavier Neyens,4,BDC Chrome Prospect · Refractor,Xavier Neyens 1st Mojo Refractor #BDC-2 Astros
Xavier Neyens,4,BDC Chrome Prospect · Refractor,Xavier Neyens Lazer Refractor 1st Astros Chrome Card #BDC-2
Xavier Neyens,4,BDC Chrome Prospect · Refractor,Xavier Neyens #BDC-2 Mojo Refractor SP Houston Astros
Xavier Neyens,4,BDC Chrome Prospect · Refractor,Xavier Neyens #BDC-2 Refractor (not base)
Xavier Neyens,4,BDC Chrome Prospect · Parallel,Xavier Neyens BD-2 Houston Astros Sky Blue Border 1st /499
Xavier Neyens,5,BDC Chrome Prospect · Refractor,Xavier Neyens Refractor + Chrome Astros 1st Bowman
Xavier Neyens,5,BDC Chrome Prospect · Refractor,#BDC-2 Xavier Neyens Chrome Refractor
Xavier Neyens,5,BDC Chrome Prospect · Parallel,XAVIER NEYENS 1st Sky Blue Parallel #463/499 Astros Prospect
Xavier Neyens,5,BDC Chrome Prospect · Refractor,Xavier Neyens #BDC-2 1st Bowman Laser Refractor - Astros
Xavier Neyens,5,BDC Chrome Prospect · Parallel,Topps Sky Blue Xavier Neyens /499 BD-2
Xavier Neyens,5,BDC Chrome Prospect · Refractor,Xavier Neyens Refractor #/250 Astros
Xavier Neyens,7,BDC Chrome Prospect · Parallel,#BD-2 Xavier Neyens Sky Blue Border #/499
Xavier Neyens,7,BDC Chrome Prospect · Refractor,Xavier Neyens Chrome Refractor 1st Bowman
Xavier Neyens,7,BDC Chrome Prospect · Refractor,Xavier Neyens 1st Chrome Refractor #BDC-2 Astros
Xavier Neyens,8,BDC Chrome Prospect · Refractor,Xavier Neyens Refractor - 1st Bowman #BDC-2
Xavier Neyens,8,BDC Chrome Prospect · Refractor,XAVIER NEYENS #BDC-2 1st Silver Refractor
Xavier Neyens,8,BDC Chrome Prospect · Refractor,Xavier Neyens Mega Box 1st Bowman Mojo Refractor Astros
Xavier Neyens,8,BDC Chrome Prospect · Refractor,Xavier Neyens 1st Chrome Refractor #BDC-2 Houston Astros
Xavier Neyens,9,BDC Chrome Prospect · Parallel,Xavier Neyens Sky Blue Border 1st Prospect #/499 Paper Astros
Xavier Neyens,10,BDC Chrome Prospect · Refractor,Xavier Neyens #BDC-2 1st Chrome Refractor Houston Astros
Xavier Neyens,13,BDC Chrome Prospect · Parallel,XAVIER NEYENS 1ST GREEN BORDER PAPER ASTROS /99 Q4060
Xavier Neyens,20,BDC Chrome Prospect · Parallel,Xavier Neyens 1st Green Geometric /99 🔥🔥
Xavier Neyens,29,BDC Chrome Prospect · Parallel,Xavier Neyens #BDC-2 - Blue Geometric /150 - 1st
Xavier Neyens,40,BDC Chrome Prospect · Auto,Xavier Neyens Chrome Auto 1st Prospect #CPA-XN Astros Rookie
Xavier Neyens,50,BDC Chrome Prospect · Auto,#CPA-XN XAVIER NEYENS ON CARD 1ST BOWMAN AUTO
Xavier Neyens,50,BDC Chrome Prospect · Parallel,Sapphire Selections Xavier Neyens Gold /50 #SS-18 Astros
Xavier Neyens,50,BDC Chrome Prospect · Auto,Xavier Neyens Chrome Auto 1st Prospect #CPA-XN Astros
Xavier Neyens,50,BDC Chrome Prospect · Auto,Xavier Neyens HOU Astros CPA-XN Rookie Auto
Xavier Neyens,55,BDC Chrome Prospect · Auto,Xavier Neyens - 1st Bowman Auto #CPA-XN Rookie Astros
Xavier Neyens,55,BDC Chrome Prospect · Auto,Xavier Neyens Chrome Auto 1st Prospect #CPA-XN Astros
Xavier Neyens,60,BDC Chrome Prospect · Auto,Xavier Neyens 1st Chrome Auto #CPA-XN Houston Astros
Xavier Neyens,60,BDC Chrome Prospect · Auto,Autograph #CPA-XN Xavier Neyens RC Auto
Xavier Neyens,65,BDC Chrome Prospect · Parallel,Xavier Neyens 1st Bowman Yellow Reptilian /75 Astros
Xavier Neyens,65,BDC Chrome Prospect · Parallel,Sapphire Selections Gold Ref Xavier Neyens 18/50 RC SP
Xavier Neyens,65,BDC Chrome Prospect · Auto,Autograph #CPA-XN Xavier Neyens RC Auto
Xavier Neyens,125,BDC Chrome Prospect · Auto,Xavier Neyens 1st Chrome Prospect Refractor Auto /499 #CPA-XN
Xavier Neyens,200,BDC Chrome Prospect · Aqua /125 · Auto,Xavier Neyens HOU Astros CPA-XN Aqua Lava /199 Rookie Auto
Xavier Neyens,200,BDC Chrome Prospect · Wave · Auto,Xavier Neyens HOU Astros CPA-XN Blue Wave /150 Rookie Auto
Xavier Neyens,225,BDC Chrome Prospect · Purple /250 · Auto,Xavier Neyens CPA-XN 1st Chrome Purple Refractor Auto /250
Xavier Neyens,330,BDC Chrome Prospect · Green /99 · Auto,#CPA-XN Xavier Neyens Chrome Prospect Auto Green Sapphire /99
Xavier Neyens,560,BDC Chrome Prospect · Gold /50 · Auto,Xavier Neyens 1st Chrome Gold Wave Refractor Auto /50! #CPA-XN
Xavier Neyens,1300,Snack-Pack,PROSPECT AUTO POPCORN #CPA-XN XAVIER NEYENS 4/5
Xavier Neyens,2000,BDC Chrome Prospect · Parallel,Xavier Neyens 1st Prospect #BD-2 RC Black Border #D 1/1 Astros
Xavier Neyens,4500,BDC Chrome Prospect · Black /73 · Auto,Xavier Neyens 1st Bowman RC Black Refractor Auto #CPA-XN /10
Kade Anderson,4,BDC Chrome Prospect · Refractor,Kade Anderson 1st Bowman Mega Box Mojo Refractor Mariners MLB
Kade Anderson,4,BDC Chrome Prospect · Refractor,Kade Anderson #BDC-3 Mojo Refractor (RC)
Kade Anderson,4,BDC Chrome Prospect · Refractor,#BDC-3 Kade Anderson Mojo Refractor Mariners
Kade Anderson,5,BDC Chrome Prospect · Refractor,2025 Bowman Chrome Kade Anderson 1st Bowman Mojo Refractor BDC-3 Mariners
Kade Anderson,5,BDC Chrome Prospect · Refractor,Chrome Kade Anderson #BDC-3 Mojo Refractor (RC)
Kade Anderson,5,BDC Chrome Prospect · Refractor,Chrome Kade Anderson #BDC-3 Mojo Refractor (RC)
Kade Anderson,6,BDC Chrome Prospect · Refractor,1st Kade Anderson Mojo Refractor BDC-3 (3 overall pick)
Kade Anderson,6,BDC Chrome Prospect · Refractor,Kade Anderson 1st Mega Box Mojo Refractor Mariners
Kade Anderson,6,BDC Chrome Prospect · Refractor,Kade Anderson 1st Mojo Refractor #BDC-3
Kade Anderson,6,BDC Chrome Prospect · Refractor,Kade Anderson - In-Action - Refractor!
Kade Anderson,6,BDC Chrome Prospect · Refractor,Kade Anderson 1st Mojo Refractor #BDC-3 Mariners
Kade Anderson,6,BDC Chrome Prospect · Refractor,2025 Bowman 1st Draft Chrome Kade Anderson Refractor BDC-3
Kade Anderson,6,BDC Chrome Prospect · Refractor,#BDC-3 Kade Anderson Chrome Refractor
Kade Anderson,7,BDC Chrome Prospect · Refractor,Chrome Kade Anderson #BDC-3 Mojo Refractor (RC)
Kade Anderson,7,BDC Chrome Prospect · Refractor,Kade Anderson #BDC-3 1st Bowman Mojo Refractor
Kade Anderson,7,BDC Chrome Prospect · Refractor,Kade Anderson 1st Refractor #BDC-3 Mariners
Kade Anderson,7,BDC Chrome Prospect · Refractor,#BDC-3 Kade Anderson (1st) Mojo Refractor
Kade Anderson,8,BDC Chrome Prospect · Refractor,Kade Anderson 1st Mojo Refractor #BDC-3
Kade Anderson,8,BDC Chrome Prospect · Refractor,Kade Anderson - Mariners: Refractor Mariners
Kade Anderson,8,BDC Chrome Prospect · Refractor,Kade Anderson 1st Refractor #BDC-3 Mariners Prospect
Kade Anderson,9,BDC Chrome Prospect · Refractor,Chrome Kade Anderson #BDC-3 Mojo Refractor (RC)
Kade Anderson,9,BDC Chrome Prospect · Refractor,1st Refractor Kade Anderson Seattle Mariners
Kade Anderson,10,BDC Chrome Prospect · Refractor,Kade Anderson 1st Chrome Refractor #BDC-3 Seattle Mariners
Kade Anderson,10,BDC Chrome Prospect · Refractor,# BDC-3 Kade Anderson Chrome 1st Bowman Mojo Refractor.
Kade Anderson,10,BDC Chrome Prospect · Refractor,Kade Anderson 1st Bowman Laser Refractor #BDC-3
Kade Anderson,10,BDC Chrome Prospect · Refractor,Kade Anderson 1st Bowman Chrome Refractor #BDC-3 Mariners
Kade Anderson,10,BDC Chrome Prospect · Refractor,Kade Anderson - Refractor - 1st Bowman #BDC-3
Kade Anderson,10,BDC Chrome Prospect · Parallel,2025 Bowman's Best Kade Anderson Purple Mojo /250
Kade Anderson,12,BDC Chrome Prospect · Refractor,Kade Anderson 1st Bowman Mojo Refractor #BDC-3
Kade Anderson,12,BDC Chrome Prospect · Refractor,Chrome Kade Anderson #BDC-3 Refractor (RC) Seattle Mariners
Kade Anderson,12,BDC Chrome Prospect · Refractor,Chrome Kade Anderson #BDC-3 Lazer Refractor (RC)
Kade Anderson,14,BDC Chrome Prospect · Refractor,Kade Anderson 1st Bowman Laser Refractor #BDC-3
Kade Anderson,14,BDC Chrome Prospect · Refractor,Kade Anderson 1st Bowman Refractor (2)
Kade Anderson,15,BDC Chrome Prospect · Refractor,1st KADE ANDERSON Chrome Refractor #BDC-3
Kade Anderson,15,BDC Chrome Prospect · Refractor,Kade Anderson BDC-3 1st Refractor Mariners
Kade Anderson,17,BDC Chrome Prospect · Refractor,KADE ANDERSON #BDC-3 1st Bowman Refractor - Mariners 🔥
Kade Anderson,19,BDC Chrome Prospect · Parallel,Kade Anderson #BD-3 1st Bowman Sky Blue /499
Kade Anderson,20,BDC Chrome Prospect · Refractor,Lazer Refractor KADE ANDERSON #BDC-3 Mariners 1st
Kade Anderson,33,BDC Chrome Prospect · Parallel,Kade Anderson 1st Sky Blue Paper /499 Seattle Mariners #BD-3
Kade Anderson,50,BDC Chrome Prospect · Parallel,Kade Anderson Blue Border 1st Prospect #BD-3 150/150 Bookend
Kade Anderson,60,BDC Chrome Prospect · Parallel,Kade Anderson 1st Blue Parallel/150 Seattle Mariners #BD-3
Kade Anderson,65,BDC Chrome Prospect · Parallel,Kade Anderson 1st Bowman #BDC-3 Reptilian Fuchsia /199
Kade Anderson,75,BDC Chrome Prospect · Parallel,1st Kade Anderson Green Geometric /99 Mariners
Kade Anderson,75,BDC Chrome Prospect · Parallel,Kade Anderson 1st Bowman Blue Mojo /150 RC
Kade Anderson,80,BDC Chrome Prospect · Parallel,KADE ANDERSON 1st #BDC-3 BLUE Geometric /150
Kade Anderson,80,BDC Chrome Prospect · Parallel,Kade Anderson Mega Box Yellow #68/75 Seattle Mariners
Kade Anderson,115,BDC Chrome Prospect · Auto,1st Base Auto Kade Anderson Mariners #CPA-KA
Kade Anderson,119,BDC Chrome Prospect · Auto,Mega Box Chrome Prospect Autographs Kade Anderson #BMA-KA.
Kade Anderson,150,BDC Chrome Prospect · Auto,Kade Anderson Chrome Auto 1st Prospect #CPA-KA Mariners
Kade Anderson,175,BDC Chrome Prospect · Parallel,Kade Anderson Achromatic Green /99
Kade Anderson,175,BDC Chrome Prospect · Parallel,Kade Anderson 1st Chrome Gold Mojo Mega Box /50 ~ Mariners
Kade Anderson,199,Chrome Prospect College Variations,Kade Anderson LSU College Variation SP Card #BDC-3
Kade Anderson,325,BDC Chrome Prospect · Parallel,Sapphire 1st Kade Anderson RC Gold Sapphire /50 Mariners
Kade Anderson,400,BDC Chrome Prospect · Aqua /125 · Auto,Chrome Prospect Auto Kade Anderson Aqua Colormatch /199!
Kade Anderson,550,BDC Chrome Prospect · Auto,Chrome Prospect Autographs Kade Anderson #CPA-KA Blue...
Gage Wood,115,BDC Chrome Prospect · Purple /250 · Auto,Gage Wood 1st Chrome Auto Purple #/250 Phillies #CPA-GW
JoJo Parker,12,BDC Chrome Prospect · Refractor,JOJO PARKER 1st Prospect Refractor Blue Jays
JoJo Parker,13,BDC Chrome Prospect · Refractor,Jojo Parker 1st Prospect Chrome Refractor
JoJo Parker,14,BDC Chrome Prospect · Refractor,#BDC-8 JoJo Parker Chrome Refractor Blue Jays
JoJo Parker,14,BDC Chrome Prospect · Refractor,Jojo Parker Refractor
JoJo Parker,14,BDC Chrome Prospect · Refractor,Jojo Parker Refractor BDC-8 Blue Jays
JoJo Parker,14,BDC Chrome Prospect · Refractor,Jojo Parker Refractor BDC-8 Blue Jays
JoJo Parker,15,BDC Chrome Prospect · Refractor,#BDC-8 JoJo Parker Chrome Refractor Blue Jays
JoJo Parker,15,BDC Chrome Prospect · Refractor,Jojo Parker 1st Bowman Refractor Card BDC-8
JoJo Parker,15,BDC Chrome Prospect · Refractor,1st Chrome Refractor #BDC-8 JOJO PARKER Blue Jays Prospect
JoJo Parker,15,BDC Chrome Prospect · Refractor,2025 JoJo Parker Chrome 1st Bowman Refractor #BDC-8
JoJo Parker,17,BDC Chrome Prospect · Refractor,Jojo Parker Refractor - Blue Jays
JoJo Parker,17,BDC Chrome Prospect · Refractor,#BDC-8 JoJo Parker Chrome Refractor 1st Bowman
JoJo Parker,18,BDC Chrome Prospect · Refractor,2025 JoJo Parker Chrome 1st Bowman Refractor #BDC-8
JoJo Parker,18,BDC Chrome Prospect · Refractor,JoJo Parker 1st Bowman Chrome Refractor #BDC-8 - Blue Jays
JoJo Parker,18,BDC Chrome Prospect · Refractor,Jojo Parker Refractor #BDC-8 Top Chase Blue Jays
JoJo Parker,18,BDC Chrome Prospect · Refractor,Prospects Jojo Parker #BDC-8 Refractor
JoJo Parker,19,BDC Chrome Prospect · Refractor,JoJo Parker 1st Chrome Prospect Refractor #BDC-8 Blue Jays
JoJo Parker,20,BDC Chrome Prospect · Refractor,Jojo Parker Refractor #BDC-8 Blue Jays 1st Bowman SP
JoJo Parker,20,BDC Chrome Prospect · Refractor,Jojo Parker REFRACTOR BDC-8 Toronto
JoJo Parker,20,BDC Chrome Prospect · Refractor,JoJo Parker Toronto Blue Jays 2025 1st Refractor Chrome #BDC-8
JoJo Parker,20,BDC Chrome Prospect · Refractor,2025 JoJo Parker Chrome 1st Bowman Refractor #BDC-8
JoJo Parker,20,BDC Chrome Prospect · Refractor,1st Jojo Parker #BDC-8 Refractor Toronto Blue Jays
JoJo Parker,20,BDC Chrome Prospect · Refractor,Jojo Parker 1st Bowman Refractor #BDC-8 Blue Jays
JoJo Parker,20,BDC Chrome Prospect · Refractor,Jojo Parker 1st Bowman Refractor #BDC-8 Blue Jays
JoJo Parker,20,BDC Chrome Prospect · Refractor,JoJo Parker #BDC-8 Chrome Refractor Toronto Blue Jays
JoJo Parker,20,BDC Chrome Prospect · Refractor,JoJo Parker Chrome Refractor - Toronto Blue Jays
JoJo Parker,20,BDC Chrome Prospect · Refractor,Jojo Parker 1st Bowman Refractor #BDC-8 Blue Jays
JoJo Parker,20,BDC Chrome Prospect · Refractor,2025 JoJo Parker Chrome 1st Bowman Refractor #BDC-8
JoJo Parker,25,BDC Chrome Prospect · Refractor,Baseball Jojo Parker 1st Refractor
JoJo Parker,25,BDC Chrome Prospect · Refractor,2025 JoJo Parker Chrome 1st Bowman Refractor #BDC-8
JoJo Parker,26,BDC Chrome Prospect · Refractor,Jojo Parker Refractor #BDC-8 Top Chase Blue Jays
JoJo Parker,30,BDC Chrome Prospect · Refractor,#BDC-8 JoJo Parker Chrome Refractor
JoJo Parker,30,BDC Chrome Prospect · Refractor,1st Refractor Jojo Parker BDC-8
JoJo Parker,40,BDC Chrome Prospect · Parallel,JoJo Parker Sky Blue /499 Blue Jays #BD-8 Rookie RC 1st Bowman
JoJo Parker,40,BDC Chrome Prospect · Parallel,JoJo Parker 1st Sky Blue /499
JoJo Parker,50,BDC Chrome Prospect · Parallel,Jojo Parker Light Blue Paper /499
JoJo Parker,50,BDC Chrome Prospect · Parallel,2025 1st Sky Blue Paper Jojo Parker 101/499 RC SP Jays Pack Fresh
JoJo Parker,70,BDC Chrome Prospect · Parallel,1st JoJo Parker Blue Paper /150 Blue Jays
JoJo Parker,70,BDC Chrome Prospect · Parallel,JoJo Parker Sky Blue /499 Blue Jays #BD-8 Rookie RC 1st Bowman
JoJo Parker,90,BDC Chrome Prospect · Refractor,Jojo Parker 1st Bowman Aqua Geometric Refractor /125 Blue Jays
JoJo Parker,90,BDC Chrome Prospect · Parallel,1st Chrome Prospect Aqua Reptillian Jojo Parker 012/125
JoJo Parker,200,BDC Chrome Prospect · Auto,Jojo Parker Auto Toronto Blue Jays CPA-JP
JoJo Parker,250,BDC Chrome Prospect · Auto,JoJo Parker 1st Auto CPA-JP Toronto Blue Jays
JoJo Parker,250,BDC Chrome Prospect · Auto,Jojo Parker #CPA-JP 1st Bowman Chrome Auto Blue Jays
JoJo Parker,420,BDC Chrome Prospect · Auto,JoJo Parker Refractor Auto /499 #CPA-JP Blue Jays
JoJo Parker,1299,Image Variations · Auto,Jojo Parker Image Variation Auto CPA-JP #41/99
Spencer Jones,2,BDC Chrome Prospect · Refractor,Spencer Jones New York Yankees Refractor #BD-9
Spencer Jones,2,BDC Chrome Prospect · Refractor,Spencer Jones Refractor
Spencer Jones,2,BDC Chrome Prospect · Refractor,Spencer Jones - - Prospect Refractor - #BDC-9 - Yankees
Spencer Jones,2,BDC Chrome Prospect · Refractor,2025 TOPPS SPENCER JONES REFRACTOR #BDC-9
Spencer Jones,3,BDC Chrome Prospect · Refractor,#BDC9 Spencer Jones Refractor Yankees
Spencer Jones,3,BDC Chrome Prospect · Refractor,#BDC9 Spencer Jones Refractor Yankees
Spencer Jones,3,BDC Chrome Prospect · Refractor,Spencer Jones Refractor #BDC-9 Yankees
Spencer Jones,3,BDC Chrome Prospect · Refractor,Spencer Jones Refractor #BDC-9 Yankees
Spencer Jones,3,BDC Chrome Prospect · Parallel,SKY BLUE PAPER/499 Spencer Jones New York Yankees #BD-9
Spencer Jones,4,BDC Chrome Prospect · Refractor,#BDC9 Spencer Jones Refractor
Spencer Jones,5,BDC Chrome Prospect · Refractor,Spencer Jones Refractor - Free Shipping
Spencer Jones,5,BDC Chrome Prospect · Parallel,Spencer Jones Prospect Sky Blue Border /499 Yankees #BD-9
Spencer Jones,6,BDC Chrome Prospect · Refractor,Refractor Spencer Jones Bdc-9
Spencer Jones,6,BDC Chrome Prospect · Refractor,Refractor Spencer Jones Bdc-9
Spencer Jones,8,BDC Chrome Prospect · Parallel,BLUE PAPER/150 Spencer Jones New York Yankees #BD-9
Spencer Jones,10,BDC Chrome Prospect · Refractor,"Refractor BDC-9 Spencer Jones, New York Yankees"
Billy Carlson,5,BDC Chrome Prospect · Refractor,#BDC-10 Billy Carlson Chrome Refractor Chicago
Billy Carlson,6,BDC Chrome Prospect · Refractor,Billy Carlson 1st Chrome Refractor #BDC-10 White Sox
Billy Carlson,6,BDC Chrome Prospect · Refractor,Billy Carlson 1st Prospect Chrome Refractor
Billy Carlson,6,BDC Chrome Prospect · Refractor,Billy Carlson Chrome Refractor 1st Prospect #BDC-10 White Sox
Billy Carlson,6,BDC Chrome Prospect · Refractor,Billy Carlson 1st Prospect Refractor White Sox
Billy Carlson,7,BDC Chrome Prospect · Refractor,Billy Carlson Chrome Refractor 1st Prospect #BDC-10 White Sox
Billy Carlson,7,BDC Chrome Prospect · Refractor,Billy Carlson 1st Chrome Refractor #BDC-10 Chicago White Sox
Billy Carlson,8,BDC Chrome Prospect · Refractor,Billy Carlson Chrome Refractor 1st Prospect White Sox
Billy Carlson,8,BDC Chrome Prospect · Parallel,Sky Blue Paper /499 1st Bowman Billy Carlson
Billy Carlson,8,BDC Chrome Prospect · Refractor,Billy Carlson #BDC-10 Chrome Refractor Chicago White Sox
Billy Carlson,9,BDC Chrome Prospect · Refractor,1st Mega Mojo Refractor #BDC-10 Billy Carlson
Billy Carlson,10,BDC Chrome Prospect · Refractor,BILLY CARLSON - SP 1st Chrome Refractor White Sox🔥
Billy Carlson,10,BDC Chrome Prospect · Refractor,BILLY CARLSON - SP 1st Chrome Refractor White Sox 🔥
Billy Carlson,10,BDC Chrome Prospect · Refractor,BILLY CARLSON Refractor #BDC-10 | White Sox
Billy Carlson,10,BDC Chrome Prospect · Refractor,2025 Billy Carlson Chrome 1st Bowman Refractor #BDC-10
Billy Carlson,10,BDC Chrome Prospect · Refractor,Billy Carlson 1st Refractor #BDC-10
Billy Carlson,10,BDC Chrome Prospect · Refractor,Refractor Billy Carlson BDC-10 1st Bowman White Sox
Billy Carlson,12,BDC Chrome Prospect · Refractor,Billy Carlson 1st Refractor
Billy Carlson,12,BDC Chrome Prospect · Refractor,Billy Carlson 1st Bowman Chrome Refractor White Sox #BDC-10
Billy Carlson,12,BDC Chrome Prospect · Refractor,Refractor 1st BILLY CARLSON BDC-10
Billy Carlson,12,BDC Chrome Prospect · Refractor,1st Billy Carlson #BDC-10 Refractor White Sox
Billy Carlson,13,BDC Chrome Prospect · Refractor,BILLY CARLSON Refractor #BDC-10
Billy Carlson,13,BDC Chrome Prospect · Parallel,Billy Carlson 1st Sky Blue Border /499 #BD-10 White Sox
Billy Carlson,13,BDC Chrome Prospect · Refractor,BILLY CARLSON Chrome 1st Bowman REFRACTOR Chicago White Sox
Billy Carlson,15,BDC Chrome Prospect · Parallel,Billy Carlson #BD-10 White Sox Sky Blue Border #/499 1st
Billy Carlson,15,BDC Chrome Prospect · Refractor,BILLY CARLSON Chrome 1st Bowman REFRACTOR #BDC-10 🔥
Billy Carlson,15,BDC Chrome Prospect · Refractor,Billy Carlson 1st Chrome Refractor #BDC-10 (RC) Chi White Sox
Billy Carlson,15,BDC Chrome Prospect · Refractor,Billy Carlson #BDC-10 Mojo Refractor 1st Chicago White Sox
Billy Carlson,15,BDC Chrome Prospect · Refractor,#BDC-10 Billy Carlson Chrome Refractor
Billy Carlson,15,BDC Chrome Prospect · Parallel,Billy Carlson #BD-10 White Sox Sky Blue Border /499 1st
Billy Carlson,15,BDC Chrome Prospect · Refractor,Billy Carlson Refractor
Billy Carlson,15,BDC Chrome Prospect · Refractor,Billy Carlson 1st Refractor
Billy Carlson,16,BDC Chrome Prospect · Refractor,Billy Carlson 1st Bowman Speckle Refractor White Sox
Billy Carlson,16,BDC Chrome Prospect · Parallel,Billy Carlson 1st Sky Blue Border /499 White Sox #BD-10
Billy Carlson,18,BDC Chrome Prospect · Refractor,Billy Carlson 1st Speckle Refractor BDC-10 White Sox.
Billy Carlson,30,BDC Chrome Prospect · Parallel,2025 Billy Carlson 1st Bowman Blue Paper /150 #BD-10 White Sox
Billy Carlson,30,BDC Chrome Prospect · Parallel,Billy Carlson #BDC-10 Fuchsia Reptilian /199 White Sox
Billy Carlson,35,BDC Chrome Prospect · Refractor,Billy Carlson 1st Laser Refractor #BDC-10 White Sox
Billy Carlson,47,BDC Chrome Prospect · Refractor,Billy Carlson Pink Reptilian Refractor 34/199
Billy Carlson,50,BDC Chrome Prospect · Parallel,BILLY CARLSON 1ST GREEN GRASS WHITE SOX /99 Q4354
Billy Carlson,55,BDC Chrome Prospect · Parallel,BILLY CARLSON 1ST BLUE GEOMETRIC /150 White Sox
Billy Carlson,70,BDC Chrome Prospect · Auto,Billy Carlson 1st Chrome Prospect Autograph (KK
Billy Carlson,90,BDC Chrome Prospect · Auto,Billy Carlson Chrome Auto 1st Prospect #CPA-BC White Sox
Billy Carlson,95,BDC Chrome Prospect · Auto,Billy Carlson 1st Chrome Prospect Autograph (KK
Billy Carlson,100,BDC Chrome Prospect · Auto,Billy Carlson Chrome Auto 1st #CPA-BC White Sox
Billy Carlson,100,BDC Chrome Prospect · Parallel,Billy Carlson 1st Bowman Gold /50 - Chicago White Sox
Billy Carlson,110,BDC Chrome Prospect · Auto,Billy Carlson 1st Chrome AUTO #CPA-BC Chicago White Sox
Billy Carlson,120,BDC Chrome Prospect · Auto,Billy Carlson Chrome 1st Bowman Auto #CPA-BC White Sox
Billy Carlson,120,BDC Chrome Prospect · Auto,Billy Carlson 1st Chrome AUTO #CPA-BC Chicago White Sox
Billy Carlson,124,BDC Chrome Prospect · Auto,CPA-BC Auto Billy Carlson
Billy Carlson,158,BDC Chrome Prospect · Auto,BILLY CARLSON #CPA-BC 1st Chrome Auto
Billy Carlson,180,BDC Chrome Prospect · Parallel,Billy Carlson - 1st Chrome Logofractor SSP #d 35/35 White Sox
Billy Carlson,225,BDC Chrome Prospect · Auto,Billy Carlson Refractor AUTO 474/499 1st Bowman Chrome #CPA-BC
Billy Carlson,265,BDC Chrome Prospect · Auto,Billy Carlson #CPA-BC Refractor Auto /499 Chicago White Sox
Billy Carlson,300,BDC Chrome Prospect · Purple /250 · Auto,BILLY CARLSON CPA-BC True Purple Auto 162/250 White Sox
Billy Carlson,320,BDC Chrome Prospect · Auto,Billy Carlson Prospect Auto 1st Refractor CPA-BC /499
Billy Carlson,350,BDC Chrome Prospect · Auto,Billy Carlson Refractor AUTO /499 1st Bowman Chrome #CPA-BC
Billy Carlson,399,BDC Chrome Prospect · Green /99 · Auto,#CPA-BC Billy Carlson Chrome 1st Auto Green Refractor #/99
Billy Carlson,695,Image Variations · Auto,Billy Carlson 1st Chrome Image Variation Auto 72/99 CPA-BC
Billy Carlson,2099,BDC Chrome Prospect · Orange /25 · Auto,Billy Carlson #CPA-BC - Orange Wave Refractor /25 Auto - 1st
