set_key,year,brand,product,player_name_key,player_name_display,card_count,section_count,sections,affiliation_count,affiliations
2024_topps_chrome,2024,Topps,Chrome,aaron judge,Aaron Judge,10,10,1989 Topps Baseball|1989 Topps Baseball Chrome Layer Variations|Base|Chrome All Etch|Exposé|Strokes|Summertime in the Park|Topps Chrome Authentics|Topps Chrome Authentics Autographs|Ultraviolet All-Stars,1,New York Yankees
2024_topps_chrome,2024,Topps,Chrome,aaron nola,Aaron Nola,1,1,Base,1,Philadelphia Phillies
2024_topps_chrome,2024,Topps,Chrome,abner uribe,Abner Uribe,1,1,Base,1,Milwaukee Brewers	RC
2024_topps_chrome,2024,Topps,Chrome,adley rutschman,Adley Rutschman,10,10,Base|Chrome All Etch|Exposé|Future Stars|Future Stars Autographs|Let's Go|On the Spot Die-Cut Autographs|Topps Chrome Authentics|Topps Chrome Authentics Autographs|Youthquake,1,Baltimore Orioles
2024_topps_chrome,2024,Topps,Chrome,adolis garcía,Adolis García,1,1,Base,1,Texas Rangers
2024_topps_chrome,2024,Topps,Chrome,adrián beltré,Adrián Beltré,1,1,Chrome Legend Autographs,1,Texas Rangers
2024_topps_chrome,2024,Topps,Chrome,aj smith-shawver,AJ Smith-Shawver,2,2,Base|Rookie Autographs,2,Atlanta Braves|Atlanta Braves	RC
2024_topps_chrome,2024,Topps,Chrome,albert pujols,Albert Pujols,1,1,Chrome Legend Autographs,1,St. Louis Cardinals
2024_topps_chrome,2024,Topps,Chrome,alec marsh,Alec Marsh,1,1,Rookie Autographs,1,Kansas City Royals
2024_topps_chrome,2024,Topps,Chrome,alek jacob,Alek Jacob,1,1,Rookie Autographs,1,San Diego Padres
2024_topps_chrome,2024,Topps,Chrome,alex bregman,Alex Bregman,4,4,Base|Let's Go|Topps Chrome Authentics|Topps Chrome Authentics Autographs,1,Houston Astros
2024_topps_chrome,2024,Topps,Chrome,alex kirilloff,Alex Kirilloff,1,1,Base,1,Minnesota Twins
2024_topps_chrome,2024,Topps,Chrome,alex speas,Alex Speas,1,1,Rookie Autographs,1,Texas Rangers
2024_topps_chrome,2024,Topps,Chrome,alex verdugo,Alex Verdugo,1,1,Base,1,New York Yankees
2024_topps_chrome,2024,Topps,Chrome,alexander canario,Alexander Canario,3,3,Base|Rookie Autographs|Youthquake,2,Chicago Cubs|Chicago Cubs	RC
2024_topps_chrome,2024,Topps,Chrome,alika williams,Alika Williams,2,2,Base|Rookie Autographs,2,Pittsburgh Pirates|Pittsburgh Pirates	RC
2024_topps_chrome,2024,Topps,Chrome,allan winans,Allan Winans,2,2,Base|Rookie Autographs,2,Atlanta Braves|Atlanta Braves	RC
2024_topps_chrome,2024,Topps,Chrome,amos willingham,Amos Willingham,1,1,Rookie Autographs,1,Washington Nationals
2024_topps_chrome,2024,Topps,Chrome,andre dawson,Andre Dawson,2,2,Chrome Legend Autographs|On the Spot Die-Cut Autographs,1,Montréal Expos
2024_topps_chrome,2024,Topps,Chrome,andre lipcius,Andre Lipcius,2,2,Base|Rookie Autographs,2,Detroit Tigers|Detroit Tigers	RC
2024_topps_chrome,2024,Topps,Chrome,andrew abbott,Andrew Abbott,3,3,Base|Rookie Autographs|Youthquake,2,Cincinnati Reds|Cincinnati Reds	RC
2024_topps_chrome,2024,Topps,Chrome,andrew benintendi,Andrew Benintendi,1,1,Base,1,Chicago White Sox
2024_topps_chrome,2024,Topps,Chrome,andrew mccutchen,Andrew McCutchen,1,1,Base,1,Pittsburgh Pirates
2024_topps_chrome,2024,Topps,Chrome,andrew saalfrank,Andrew Saalfrank,1,1,Base,1,Arizona Diamondbacks	RC
2024_topps_chrome,2024,Topps,Chrome,andrés giménez,Andrés Giménez,1,1,Base,1,Cleveland Guardians
2024_topps_chrome,2024,Topps,Chrome,andy pettitte,Andy Pettitte,1,1,Chrome Legend Autographs,1,New York Yankees
2024_topps_chrome,2024,Topps,Chrome,angel felipe,Angel Felipe,1,1,Rookie Autographs,1,Oakland Athletics
2024_topps_chrome,2024,Topps,Chrome,anthony rendon,Anthony Rendon,1,1,Base,1,Los Angeles Angels
2024_topps_chrome,2024,Topps,Chrome,anthony rizzo,Anthony Rizzo,1,1,Base,1,New York Yankees
2024_topps_chrome,2024,Topps,Chrome,anthony veneziano,Anthony Veneziano,1,1,Rookie Autographs,1,Kansas City Royals
2024_topps_chrome,2024,Topps,Chrome,anthony volpe,Anthony Volpe,6,6,1989 Topps Baseball Autographs|Base|Future Stars|Future Stars Autographs|On the Spot Die-Cut Autographs|Youthquake,1,New York Yankees
2024_topps_chrome,2024,Topps,Chrome,austin hays,Austin Hays,1,1,On the Spot Die-Cut Autographs,1,Baltimore Orioles
2024_topps_chrome,2024,Topps,Chrome,austin riley,Austin Riley,6,6,Base|Chrome All Etch|Dual Autographs|Let's Go|Topps Chrome Authentics|Topps Chrome Authentics Autographs,1,Atlanta Braves
2024_topps_chrome,2024,Topps,Chrome,austin wells,Austin Wells,3,3,Base|Rookie Autographs|Youthquake,2,New York Yankees|New York Yankees	RC
2024_topps_chrome,2024,Topps,Chrome,billy williams,Billy Williams,1,1,Chrome Legend Autographs,1,Chicago Cubs
2024_topps_chrome,2024,Topps,Chrome,blake rutherford,Blake Rutherford,1,1,Rookie Autographs,1,Washington Nationals
2024_topps_chrome,2024,Topps,Chrome,blake snell,Blake Snell,2,3,Award Winners Variations|Base|Topps Chrome Authentics,2,San Diego Padres|San Francisco Giants
2024_topps_chrome,2024,Topps,Chrome,bo bichette,Bo Bichette,2,2,Base|Summertime in the Park,1,Toronto Blue Jays
2024_topps_chrome,2024,Topps,Chrome,bo jackson,Bo Jackson,1,1,Chrome Legend Autographs,1,Kansas City Royals
2024_topps_chrome,2024,Topps,Chrome,bo naylor,Bo Naylor,1,1,Base,1,Cleveland Guardians
2024_topps_chrome,2024,Topps,Chrome,bobby witt jr.,Bobby Witt Jr.,7,7,Base|Chrome All Etch|Dual Autographs|Fanatical|On the Spot Die-Cut Autographs|Topps Chrome Authentics|Topps Chrome Authentics Autographs,1,Kansas City Royals
2024_topps_chrome,2024,Topps,Chrome,brandon lowe,Brandon Lowe,1,1,Base,1,Tampa Bay Rays
2024_topps_chrome,2024,Topps,Chrome,brandon nimmo,Brandon Nimmo,3,3,Base|Topps Chrome Authentics|Topps Chrome Authentics Autographs,1,New York Mets
2024_topps_chrome,2024,Topps,Chrome,brandon walter,Brandon Walter,2,2,Base|Rookie Autographs,2,Boston Red Sox|Boston Red Sox	RC
2024_topps_chrome,2024,Topps,Chrome,brayan rocchio,Brayan Rocchio,3,3,Base|Future Stars|Youthquake,1,Cleveland Guardians
2024_topps_chrome,2024,Topps,Chrome,brendan white,Brendan White,1,1,Rookie Autographs,1,Detroit Tigers
2024_topps_chrome,2024,Topps,Chrome,brenton doyle,Brenton Doyle,1,1,Base,1,Colorado Rockies
2024_topps_chrome,2024,Topps,Chrome,brett baty,Brett Baty,1,1,Base,1,New York Mets
2024_topps_chrome,2024,Topps,Chrome,brice turang,Brice Turang,1,1,Base,1,Milwaukee Brewers
2024_topps_chrome,2024,Topps,Chrome,bryan hudson,Bryan Hudson,1,1,Rookie Autographs,1,Los Angeles Dodgers
2024_topps_chrome,2024,Topps,Chrome,bryan reynolds,Bryan Reynolds,2,2,Base|Topps Chrome Authentics,1,Pittsburgh Pirates
2024_topps_chrome,2024,Topps,Chrome,bryan woo,Bryan Woo,2,2,Base|Rookie Autographs,2,Seattle Mariners|Seattle Mariners	RC
2024_topps_chrome,2024,Topps,Chrome,bryce harper,Bryce Harper,9,9,1989 Topps Baseball|1989 Topps Baseball Chrome Layer Variations|Base|Exposé|Helix|Let's Go|Strokes|Ultraviolet All-Stars|Ultraviolet All-Stars Autographs,1,Philadelphia Phillies
2024_topps_chrome,2024,Topps,Chrome,bryce jarvis,Bryce Jarvis,2,2,Base|Rookie Autographs,2,Arizona Diamondbacks|Arizona Diamondbacks	RC
2024_topps_chrome,2024,Topps,Chrome,byron buxton,Byron Buxton,6,6,1989 Topps Baseball Autographs|Base|Chrome All Etch|On the Spot Die-Cut Autographs|Topps Chrome Authentics|Topps Chrome Authentics Autographs,1,Minnesota Twins
2024_topps_chrome,2024,Topps,Chrome,cade marlowe,Cade Marlowe,2,2,Base|Rookie Autographs,2,Seattle Mariners|Seattle Mariners	RC
2024_topps_chrome,2024,Topps,Chrome,cal raleigh,Cal Raleigh,1,1,Base,1,Seattle Mariners
2024_topps_chrome,2024,Topps,Chrome,caleb boushley,Caleb Boushley,1,1,Rookie Autographs,1,Milwaukee Brewers
2024_topps_chrome,2024,Topps,Chrome,cam eden,Cam Eden,1,1,Rookie Autographs,1,Toronto Blue Jays
2024_topps_chrome,2024,Topps,Chrome,carlos correa,Carlos Correa,2,2,Base|Topps Chrome Authentics,1,Minnesota Twins
2024_topps_chrome,2024,Topps,Chrome,carmen mlodzinski,Carmen Mlodzinski,1,1,Rookie Autographs,1,Pittsburgh Pirates
2024_topps_chrome,2024,Topps,Chrome,carson spiers,Carson Spiers,2,2,Base|Rookie Autographs,2,Cincinnati Reds|Cincinnati Reds	RC
2024_topps_chrome,2024,Topps,Chrome,casey schmitt,Casey Schmitt,1,1,Base,1,San Francisco Giants
2024_topps_chrome,2024,Topps,Chrome,ceddanne rafaela,Ceddanne Rafaela,5,5,Base|Chrome All Etch Rookie Rush|Radiating Rookies Autographs|Rookie Autographs|Youthquake,2,Boston Red Sox|Boston Red Sox	RC
2024_topps_chrome,2024,Topps,Chrome,cedric mullins,Cedric Mullins,2,2,Base|Topps Chrome Authentics,1,Baltimore Orioles
2024_topps_chrome,2024,Topps,Chrome,chandler seagle,Chandler Seagle,1,1,Rookie Autographs,1,San Diego Padres
2024_topps_chrome,2024,Topps,Chrome,charlie blackmon,Charlie Blackmon,1,1,Base,1,Colorado Rockies
2024_topps_chrome,2024,Topps,Chrome,chase utley,Chase Utley,1,1,Chrome Legend Autographs,1,Philadelphia Phillies
2024_topps_chrome,2024,Topps,Chrome,chris murphy,Chris Murphy,2,2,Base|Rookie Autographs,2,Boston Red Sox|Boston Red Sox	RC
2024_topps_chrome,2024,Topps,Chrome,chris sale,Chris Sale,1,1,Base,1,Atlanta Braves
2024_topps_chrome,2024,Topps,Chrome,chris vallimont,Chris Vallimont,1,1,Rookie Autographs,1,Baltimore Orioles
2024_topps_chrome,2024,Topps,Chrome,christian encarnacion-stra,Christian Encarnacion-Stra,4,4,Base|Radiating Rookies Autographs|Rookie Autographs|Youthquake,2,Cincinnati Reds|Cincinnati Reds	RC
2024_topps_chrome,2024,Topps,Chrome,christian yelich,Christian Yelich,4,4,Base|Chrome All Etch|Dual Autographs|Topps Chrome Authentics,1,Milwaukee Brewers
2024_topps_chrome,2024,Topps,Chrome,christopher morel,Christopher Morel,4,4,Base|Future Stars|On the Spot Die-Cut Autographs|Youthquake,1,Chicago Cubs
2024_topps_chrome,2024,Topps,Chrome,cj abrams,CJ Abrams,1,1,Base,1,Washington Nationals
2024_topps_chrome,2024,Topps,Chrome,clayton andrews,Clayton Andrews,1,1,Rookie Autographs,1,Milwaukee Brewers
2024_topps_chrome,2024,Topps,Chrome,clayton kershaw,Clayton Kershaw,4,4,Base|Chrome All Etch|Dual Autographs|On the Spot Die-Cut Autographs,1,Los Angeles Dodgers
2024_topps_chrome,2024,Topps,Chrome,coco montes,Coco Montes,2,2,Base|Rookie Autographs,2,Colorado Rockies|Colorado Rockies	RC
2024_topps_chrome,2024,Topps,Chrome,cody bellinger,Cody Bellinger,2,2,Base|Strokes,1,Chicago Cubs
2024_topps_chrome,2024,Topps,Chrome,cole ragans,Cole Ragans,2,2,Base|Youthquake,1,Kansas City Royals
2024_topps_chrome,2024,Topps,Chrome,colin selby,Colin Selby,1,1,Rookie Autographs,1,Pittsburgh Pirates
2024_topps_chrome,2024,Topps,Chrome,colt keith,Colt Keith,4,4,Base|Radiating Rookies|Radiating Rookies Autographs|Rookie Autographs,2,Detroit Tigers|Detroit Tigers	RC
2024_topps_chrome,2024,Topps,Chrome,colton cowser,Colton Cowser,8,8,Base|Chrome All Etch Rookie Rush|Chrome All Etch Rookie Rush Autographs|Exposé|Radiating Rookies|Radiating Rookies Autographs|Rookie Autographs|Youthquake,2,Baltimore Orioles|Baltimore Orioles	(RC)
2024_topps_chrome,2024,Topps,Chrome,connor kaiser,Connor Kaiser,1,1,Rookie Autographs,1,Colorado Rockies
2024_topps_chrome,2024,Topps,Chrome,connor phillips,Connor Phillips,2,2,Base|Rookie Autographs,2,Cincinnati Reds|Cincinnati Reds	RC
2024_topps_chrome,2024,Topps,Chrome,corbin burnes,Corbin Burnes,1,1,Base,1,Baltimore Orioles
2024_topps_chrome,2024,Topps,Chrome,corbin carroll,Corbin Carroll,9,10,Award Winners Variations|Base|Chrome All Etch|Exposé|Fanatical|Future Stars|Let's Go|Strokes|Ultraviolet All-Stars|Youthquake,1,Arizona Diamondbacks
2024_topps_chrome,2024,Topps,Chrome,corey seager,Corey Seager,5,5,Base|Chrome All Etch|Exposé|Fanatical|Helix,1,Texas Rangers
2024_topps_chrome,2024,Topps,Chrome,craig biggio,Craig Biggio,1,1,Chrome Legend Autographs,1,Houston Astros
2024_topps_chrome,2024,Topps,Chrome,curtis mead,Curtis Mead,9,9,1989 Topps Baseball|1989 Topps Baseball Chrome Layer Variations|Base|Chrome All Etch Rookie Rush|Chrome All Etch Rookie Rush Autographs|Exposé|Radiating Rookies Autographs|Rookie Autographs|Youthquake,3,Tampa Bay Rays|Tampa Bay Rays	RC|Tampa Bay Rays	Rookie
2024_topps_chrome,2024,Topps,Chrome,dane myers,Dane Myers,2,2,Base|Rookie Autographs,2,Miami Marlins|Miami Marlins	RC
2024_topps_chrome,2024,Topps,Chrome,daniel palencia,Daniel Palencia,1,1,Rookie Autographs,1,Chicago Cubs
2024_topps_chrome,2024,Topps,Chrome,dansby swanson,Dansby Swanson,2,2,Base|Chrome All Etch,1,Chicago Cubs
2024_topps_chrome,2024,Topps,Chrome,darius vines,Darius Vines,2,2,Base|Rookie Autographs,2,Atlanta Braves|Atlanta Braves	RC
2024_topps_chrome,2024,Topps,Chrome,daulton varsho,Daulton Varsho,1,1,Base,1,Toronto Blue Jays
2024_topps_chrome,2024,Topps,Chrome,dave winfield,Dave Winfield,1,1,Chrome Legend Autographs,1,San Diego Padres
2024_topps_chrome,2024,Topps,Chrome,david bednar,David Bednar,1,1,Base,1,Pittsburgh Pirates
2024_topps_chrome,2024,Topps,Chrome,david hamilton,David Hamilton,2,2,Base|Rookie Autographs,2,Boston Red Sox|Boston Red Sox	RC
2024_topps_chrome,2024,Topps,Chrome,david ortiz,David Ortiz,6,6,Chrome All Etch Autographs|Chrome Legend Autographs|Topps Chrome Authentics|Topps Chrome Authentics Autographs|Ultraviolet All-Stars|Ultraviolet All-Stars Autographs,1,Boston Red Sox
2024_topps_chrome,2024,Topps,Chrome,davis daniel,Davis Daniel,1,1,Rookie Autographs,1,Los Angeles Angels
2024_topps_chrome,2024,Topps,Chrome,davis schneider,Davis Schneider,2,2,Base|Rookie Autographs,2,Toronto Blue Jays|Toronto Blue Jays	RC
2024_topps_chrome,2024,Topps,Chrome,declan cronin,Declan Cronin,1,1,Rookie Autographs,1,Chicago White Sox
2024_topps_chrome,2024,Topps,Chrome,derek jeter,Derek Jeter,1,1,Chrome Legend Autographs,1,New York Yankees
2024_topps_chrome,2024,Topps,Chrome,devin williams,Devin Williams,1,1,Base,1,Milwaukee Brewers
2024_topps_chrome,2024,Topps,Chrome,dominic canzone,Dominic Canzone,2,2,Base|Rookie Autographs,2,Seattle Mariners|Seattle Mariners	RC
2024_topps_chrome,2024,Topps,Chrome,drew millas,Drew Millas,2,2,Base|Rookie Autographs,2,Washington Nationals|Washington Nationals	RC
2024_topps_chrome,2024,Topps,Chrome,drew rom,Drew Rom,1,1,Base,1,St. Louis Cardinals	RC
2024_topps_chrome,2024,Topps,Chrome,dustin pedroia,Dustin Pedroia,3,3,Chrome Legend Autographs|On the Spot Die-Cut Autographs|Topps Chrome Authentics,1,Boston Red Sox
2024_topps_chrome,2024,Topps,Chrome,dylan cease,Dylan Cease,1,1,Base,1,San Diego Padres
2024_topps_chrome,2024,Topps,Chrome,easton lucas,Easton Lucas,1,1,Rookie Autographs,1,Oakland Athletics
2024_topps_chrome,2024,Topps,Chrome,eddie murray,Eddie Murray,1,1,Chrome Legend Autographs,1,Baltimore Orioles
2024_topps_chrome,2024,Topps,Chrome,edgar martinez,Edgar Martinez,1,1,Chrome Legend Autographs,1,Seattle Mariners
2024_topps_chrome,2024,Topps,Chrome,edgar navarro,Edgar Navarro,1,1,Rookie Autographs,1,Chicago White Sox
2024_topps_chrome,2024,Topps,Chrome,edouard julien,Edouard Julien,1,1,Base,1,Minnesota Twins
2024_topps_chrome,2024,Topps,Chrome,eduardo rodriguez,Eduardo Rodriguez,1,1,Base,1,Arizona Diamondbacks
2024_topps_chrome,2024,Topps,Chrome,elias díaz,Elias Díaz,1,1,Base,1,Colorado Rockies
2024_topps_chrome,2024,Topps,Chrome,elly de la cruz,Elly De La Cruz,14,14,1989 Topps Baseball|1989 Topps Baseball Chrome Layer Variations|Base|Chrome All Etch Rookie Rush|Exposé|Fanatical|Helix|Radiating Rookies|Radiating Rookies Autographs|Rookie Autographs|Strokes|Summertime in the Park|Ultraviolet All-Stars|Youthquake,3,Cincinnati Reds|Cincinnati Reds	RC|Cincinnati Reds	Rookie
2024_topps_chrome,2024,Topps,Chrome,eloy jiménez,Eloy Jiménez,1,1,Base,1,Chicago White Sox
2024_topps_chrome,2024,Topps,Chrome,emerson hancock,Emerson Hancock,3,3,Base|Rookie Autographs|Youthquake,2,Seattle Mariners|Seattle Mariners	RC
2024_topps_chrome,2024,Topps,Chrome,emmanuel clase,Emmanuel Clase,1,1,Base,1,Cleveland Guardians
2024_topps_chrome,2024,Topps,Chrome,emmet sheehan,Emmet Sheehan,2,2,Base|Youthquake,2,Los Angeles Dodgers|Los Angeles Dodgers	RC
2024_topps_chrome,2024,Topps,Chrome,endy rodríguez,Endy Rodríguez,4,4,Base|Radiating Rookies Autographs|Rookie Autographs|Youthquake,2,Pittsburgh Pirates|Pittsburgh Pirates	RC
2024_topps_chrome,2024,Topps,Chrome,esteury ruiz,Esteury Ruiz,1,1,Base,1,Oakland Athletics
2024_topps_chrome,2024,Topps,Chrome,eury pérez,Eury Pérez,3,3,Base|Future Stars|Youthquake,1,Miami Marlins
2024_topps_chrome,2024,Topps,Chrome,evan carter,Evan Carter,13,13,1989 Topps Baseball|1989 Topps Baseball Chrome Layer Variations|Base|Chrome All Etch Rookie Rush|Chrome All Etch Rookie Rush Autographs|Exposé|Helix|Let's Go|Radiating Rookies|Radiating Rookies Autographs|Rookie Autographs|Strokes|Youthquake,3,Texas Rangers|Texas Rangers	RC|Texas Rangers	Rookie
2024_topps_chrome,2024,Topps,Chrome,evan justice,Evan Justice,1,1,Rookie Autographs,1,Colorado Rockies
2024_topps_chrome,2024,Topps,Chrome,everson pereira,Everson Pereira,2,2,Base|Rookie Autographs,2,New York Yankees|New York Yankees	RC
2024_topps_chrome,2024,Topps,Chrome,ezequiel tovar,Ezequiel Tovar,2,2,Base|Future Stars,1,Colorado Rockies
2024_topps_chrome,2024,Topps,Chrome,fernando tatis jr.,Fernando Tatis Jr.,4,4,Base|Dual Autographs|Exposé|Let's Go,1,San Diego Padres
2024_topps_chrome,2024,Topps,Chrome,fernando valenzuela,Fernando Valenzuela,2,2,Chrome Legend Autographs|Dual Autographs,1,Los Angeles Dodgers
2024_topps_chrome,2024,Topps,Chrome,forrest wall,Forrest Wall,2,2,Base|Rookie Autographs,2,Atlanta Braves|Atlanta Braves	RC
2024_topps_chrome,2024,Topps,Chrome,francisco alvarez,Francisco Alvarez,4,4,Base|Future Stars|Future Stars Autographs|Youthquake,1,New York Mets
2024_topps_chrome,2024,Topps,Chrome,francisco lindor,Francisco Lindor,3,3,Base|Summertime in the Park|Topps Chrome Authentics,1,New York Mets
2024_topps_chrome,2024,Topps,Chrome,frank thomas,Frank Thomas,1,1,Chrome Legend Autographs,1,Chicago White Sox
2024_topps_chrome,2024,Topps,Chrome,fred mcgriff,Fred McGriff,1,1,Chrome Legend Autographs,1,Tampa Bay Devil Rays
2024_topps_chrome,2024,Topps,Chrome,freddie freeman,Freddie Freeman,3,3,Base|Exposé|Strokes,1,Los Angeles Dodgers
2024_topps_chrome,2024,Topps,Chrome,gabriel moreno,Gabriel Moreno,5,5,Base|Future Stars|Topps Chrome Authentics|Topps Chrome Authentics Autographs|Youthquake,1,Arizona Diamondbacks
2024_topps_chrome,2024,Topps,Chrome,gavin williams,Gavin Williams,3,3,Base|Rookie Autographs|Youthquake,2,Cleveland Guardians|Cleveland Guardians	RC
2024_topps_chrome,2024,Topps,Chrome,george brett,George Brett,4,4,Chrome Legend Autographs|Dual Autographs|Ultraviolet All-Stars|Ultraviolet All-Stars Autographs,1,Kansas City Royals
2024_topps_chrome,2024,Topps,Chrome,george springer,George Springer,2,2,Base|Topps Chrome Authentics,1,Toronto Blue Jays
2024_topps_chrome,2024,Topps,Chrome,geraldo perdomo,Geraldo Perdomo,1,1,Base,1,Arizona Diamondbacks
2024_topps_chrome,2024,Topps,Chrome,gerrit cole,Gerrit Cole,7,8,Award Winners Variations|Base|Chrome All Etch|Exposé|Helix|Let's Go|Topps Chrome Authentics|Topps Chrome Authentics Autographs,1,New York Yankees
2024_topps_chrome,2024,Topps,Chrome,giancarlo stanton,Giancarlo Stanton,2,2,Base|Topps Chrome Authentics,1,New York Yankees
2024_topps_chrome,2024,Topps,Chrome,gleyber torres,Gleyber Torres,1,1,Base,1,New York Yankees
2024_topps_chrome,2024,Topps,Chrome,grae kessinger,Grae Kessinger,2,2,Base|Rookie Autographs,2,Houston Astros|Houston Astros	RC
2024_topps_chrome,2024,Topps,Chrome,grant hartwig,Grant Hartwig,2,2,Base|Rookie Autographs,2,New York Mets|New York Mets	RC
2024_topps_chrome,2024,Topps,Chrome,grayson rodriguez,Grayson Rodriguez,2,2,Base|Youthquake,1,Baltimore Orioles
2024_topps_chrome,2024,Topps,Chrome,greg maddux,Greg Maddux,1,1,Chrome Legend Autographs,1,Atlanta Braves
2024_topps_chrome,2024,Topps,Chrome,gunnar henderson,Gunnar Henderson,7,8,Award Winners Variations|Base|Exposé|Fanatical|Future Stars|Helix|On the Spot Die-Cut Autographs|Strokes,1,Baltimore Orioles
2024_topps_chrome,2024,Topps,Chrome,hagen danner,Hagen Danner,1,1,Rookie Autographs,1,Toronto Blue Jays
2024_topps_chrome,2024,Topps,Chrome,henry davis,Henry Davis,4,4,Base|Fanatical|Rookie Autographs|Youthquake,2,Pittsburgh Pirates|Pittsburgh Pirates	(RC)
2024_topps_chrome,2024,Topps,Chrome,heston kjerstad,Heston Kjerstad,10,10,1989 Topps Baseball|1989 Topps Baseball Chrome Layer Variations|Base|Chrome All Etch Rookie Rush|Exposé|Let's Go|Radiating Rookies|Radiating Rookies Autographs|Rookie Autographs|Youthquake,3,Baltimore Orioles|Baltimore Orioles	RC|Baltimore Orioles	Rookie
2024_topps_chrome,2024,Topps,Chrome,hideki matsui,Hideki Matsui,1,1,Chrome Legend Autographs,1,New York Yankees
2024_topps_chrome,2024,Topps,Chrome,hunter goodman,Hunter Goodman,2,2,Base|Rookie Autographs,2,Colorado Rockies|Colorado Rockies	RC
2024_topps_chrome,2024,Topps,Chrome,hunter stratton,Hunter Stratton,1,1,Rookie Autographs,1,Pittsburgh Pirates
2024_topps_chrome,2024,Topps,Chrome,ian happ,Ian Happ,1,1,Base,1,Chicago Cubs
2024_topps_chrome,2024,Topps,Chrome,ichiro,Ichiro,3,3,Chrome Legend Autographs|Ultraviolet All-Stars|Ultraviolet All-Stars Autographs,1,Seattle Mariners
2024_topps_chrome,2024,Topps,Chrome,irving lopez,Irving Lopez,1,1,Base,1,St. Louis Cardinals	RC
2024_topps_chrome,2024,Topps,Chrome,isaiah campbell,Isaiah Campbell,2,2,Base|Rookie Autographs,2,Boston Red Sox	RC|Seattle Mariners
2024_topps_chrome,2024,Topps,Chrome,ivan rodriguez,Ivan Rodriguez,1,1,Chrome Legend Autographs,1,Texas Rangers
2024_topps_chrome,2024,Topps,Chrome,j.p. crawford,J.P. Crawford,1,1,Base,1,Seattle Mariners
2024_topps_chrome,2024,Topps,Chrome,j.p. martinez,J.P. Martinez,2,2,Rookie Autographs|Youthquake,2,Atlanta Braves|Texas Rangers
2024_topps_chrome,2024,Topps,Chrome,j.p. martínez,J.P. Martínez,1,1,Base,1,Atlanta Braves	RC
2024_topps_chrome,2024,Topps,Chrome,j.t. realmuto,J.T. Realmuto,2,2,Base|Topps Chrome Authentics,1,Philadelphia Phillies
2024_topps_chrome,2024,Topps,Chrome,jack flaherty,Jack Flaherty,1,1,Base,1,Detroit Tigers
2024_topps_chrome,2024,Topps,Chrome,jack leiter,Jack Leiter,1,1,Base,1,Texas Rangers	RC
2024_topps_chrome,2024,Topps,Chrome,jackson chourio,Jackson Chourio,4,4,Base|Radiating Rookies|Radiating Rookies Autographs|Rookie Autographs,2,Milwaukee Brewers|Milwaukee Brewers	RC
2024_topps_chrome,2024,Topps,Chrome,jackson holliday,Jackson Holliday,5,5,Base|Radiating Rookies|Radiating Rookies Autographs|Rookie Autographs|Summertime in the Park,2,Baltimore Orioles|Baltimore Orioles	RC
2024_topps_chrome,2024,Topps,Chrome,jackson merrill,Jackson Merrill,4,4,Base|Radiating Rookies|Rookie Autographs|Youthquake,2,San Diego Padres|San Diego Padres	RC
2024_topps_chrome,2024,Topps,Chrome,jackson rutledge,Jackson Rutledge,2,2,Base|Rookie Autographs,2,Washington Nationals|Washington Nationals	RC
2024_topps_chrome,2024,Topps,Chrome,jackson wolf,Jackson Wolf,1,1,Rookie Autographs,1,Pittsburgh Pirates
2024_topps_chrome,2024,Topps,Chrome,jacob amaya,Jacob Amaya,3,3,Base|Rookie Autographs|Youthquake,2,Miami Marlins|Miami Marlins	RC
2024_topps_chrome,2024,Topps,Chrome,jacob degrom,Jacob deGrom,1,1,Base,1,Texas Rangers
2024_topps_chrome,2024,Topps,Chrome,jacob lopez,Jacob Lopez,1,1,Base,1,Tampa Bay Rays	RC
2024_topps_chrome,2024,Topps,Chrome,jacob young,Jacob Young,1,1,Base,1,Washington Nationals	RC
2024_topps_chrome,2024,Topps,Chrome,jake burger,Jake Burger,1,1,Base,1,Miami Marlins
2024_topps_chrome,2024,Topps,Chrome,jake wong,Jake Wong,1,1,Rookie Autographs,1,Cincinnati Reds
2024_topps_chrome,2024,Topps,Chrome,james mcarthur,James McArthur,1,1,Rookie Autographs,1,Kansas City Royals
2024_topps_chrome,2024,Topps,Chrome,james outman,James Outman,1,1,Base,1,Los Angeles Dodgers
2024_topps_chrome,2024,Topps,Chrome,jared jones,Jared Jones,1,1,Base,1,Pittsburgh Pirates	RC
2024_topps_chrome,2024,Topps,Chrome,jared triolo,Jared Triolo,2,2,Base|Rookie Autographs,2,Pittsburgh Pirates|Pittsburgh Pirates	RC
2024_topps_chrome,2024,Topps,Chrome,jasson domínguez,Jasson Domínguez,15,15,1989 Topps Baseball|1989 Topps Baseball Chrome Layer Variations|Base|Chrome All Etch Rookie Rush|Chrome All Etch Rookie Rush Autographs|Exposé|Helix|Let's Go|Radiating Rookies|Radiating Rookies Autographs|Rookie Autographs|Strokes|Ultraviolet All-Stars|Ultraviolet All-Stars Autographs|Youthquake,3,New York Yankees|New York Yankees	(RC)|New York Yankees	Rookie
2024_topps_chrome,2024,Topps,Chrome,javier báez,Javier Báez,2,2,Base|Topps Chrome Authentics,1,Detroit Tigers
2024_topps_chrome,2024,Topps,Chrome,jazz chisholm jr.,Jazz Chisholm Jr.,3,3,Base|Chrome All Etch|Fanatical,1,Miami Marlins
2024_topps_chrome,2024,Topps,Chrome,jeff bagwell,Jeff Bagwell,2,2,Chrome Legend Autographs|On the Spot Die-Cut Autographs,1,Houston Astros
2024_topps_chrome,2024,Topps,Chrome,jeff mcneil,Jeff McNeil,1,1,Base,1,New York Mets
2024_topps_chrome,2024,Topps,Chrome,jeimer candelario,Jeimer Candelario,1,1,Base,1,Cincinnati Reds
2024_topps_chrome,2024,Topps,Chrome,jeremy peña,Jeremy Peña,1,1,Base,1,Houston Astros
2024_topps_chrome,2024,Topps,Chrome,jimmy rollins,Jimmy Rollins,3,3,Chrome Legend Autographs|Dual Autographs|On the Spot Die-Cut Autographs,1,Philadelphia Phillies
2024_topps_chrome,2024,Topps,Chrome,jj bleday,JJ Bleday,1,1,Base,1,Oakland Athletics
2024_topps_chrome,2024,Topps,Chrome,joe boyle,Joe Boyle,1,1,Base,1,Oakland Athletics	RC
2024_topps_chrome,2024,Topps,Chrome,joe jacques,Joe Jacques,1,1,Rookie Autographs,1,Boston Red Sox
2024_topps_chrome,2024,Topps,Chrome,joe musgrove,Joe Musgrove,2,2,Base|Topps Chrome Authentics,1,San Diego Padres
2024_topps_chrome,2024,Topps,Chrome,joey estes,Joey Estes,1,1,Rookie Autographs,1,Oakland Athletics
2024_topps_chrome,2024,Topps,Chrome,joey meneses,Joey Meneses,1,1,Base,1,Washington Nationals
2024_topps_chrome,2024,Topps,Chrome,joey votto,Joey Votto,2,2,Base|Topps Chrome Authentics,2,Cincinnati Reds|Toronto Blue Jays
2024_topps_chrome,2024,Topps,Chrome,johan rojas,Johan Rojas,1,1,Base,1,Philadelphia Phillies	RC
2024_topps_chrome,2024,Topps,Chrome,john mcmillon,John McMillon,1,1,Rookie Autographs,1,Kansas City Royals
2024_topps_chrome,2024,Topps,Chrome,john smoltz,John Smoltz,1,1,Chrome Legend Autographs,1,Atlanta Braves
2024_topps_chrome,2024,Topps,Chrome,johnny bench,Johnny Bench,1,1,Chrome Legend Autographs,1,Cincinnati Reds
2024_topps_chrome,2024,Topps,Chrome,jonathan bowlan,Jonathan Bowlan,1,1,Rookie Autographs,1,Kansas City Royals
2024_topps_chrome,2024,Topps,Chrome,jonathan india,Jonathan India,1,1,Base,1,Cincinnati Reds
2024_topps_chrome,2024,Topps,Chrome,jonathan ornelas,Jonathan Ornelas,2,2,Base|Rookie Autographs,2,Texas Rangers|Texas Rangers	RC
2024_topps_chrome,2024,Topps,Chrome,jonny deluca,Jonny Deluca,2,2,Base|Rookie Autographs,2,Tampa Bay Rays|Tampa Bay Rays	RC
2024_topps_chrome,2024,Topps,Chrome,jordan balazovic,Jordan Balazovic,1,1,Base,1,Minnesota Twins	RC
2024_topps_chrome,2024,Topps,Chrome,jordan lawlar,Jordan Lawlar,12,12,1989 Topps Baseball|1989 Topps Baseball Chrome Layer Variations|Base|Chrome All Etch Rookie Rush|Chrome All Etch Rookie Rush Autographs|Exposé|Helix|Radiating Rookies|Radiating Rookies Autographs|Rookie Autographs|Strokes|Youthquake,3,Arizona Diamondbacks|Arizona Diamondbacks	(RC)|Arizona Diamondbacks	Rookie
2024_topps_chrome,2024,Topps,Chrome,jordan walker,Jordan Walker,6,6,Base|Chrome All Etch|Future Stars|Future Stars Autographs|On the Spot Die-Cut Autographs|Youthquake,1,St. Louis Cardinals
2024_topps_chrome,2024,Topps,Chrome,jordan westburg,Jordan Westburg,2,2,Base|Rookie Autographs,2,Baltimore Orioles|Baltimore Orioles	RC
2024_topps_chrome,2024,Topps,Chrome,jordan wicks,Jordan Wicks,2,2,Base|Rookie Autographs,2,Chicago Cubs|Chicago Cubs	RC
2024_topps_chrome,2024,Topps,Chrome,jordyn adams,Jordyn Adams,2,2,Base|Rookie Autographs,2,Los Angeles Angels|Los Angeles Angels	RC
2024_topps_chrome,2024,Topps,Chrome,jorge soler,Jorge Soler,1,1,Base,1,San Francisco Giants
2024_topps_chrome,2024,Topps,Chrome,jose altuve,Jose Altuve,3,3,Base|Helix|Topps Chrome Authentics,1,Houston Astros
2024_topps_chrome,2024,Topps,Chrome,jose espada,Jose Espada,1,1,Rookie Autographs,1,San Diego Padres
2024_topps_chrome,2024,Topps,Chrome,josh hader,Josh Hader,1,1,Base,1,Houston Astros
2024_topps_chrome,2024,Topps,Chrome,josh jung,Josh Jung,3,3,Base|Future Stars|Youthquake,1,Texas Rangers
2024_topps_chrome,2024,Topps,Chrome,josé fermín,José Fermín,2,2,Base|Rookie Autographs,2,St. Louis Cardinals|St. Louis Cardinals	RC
2024_topps_chrome,2024,Topps,Chrome,josé ramírez,José Ramírez,2,2,Base|Chrome All Etch,1,Cleveland Guardians
2024_topps_chrome,2024,Topps,Chrome,josé rodríguez,José Rodríguez,1,1,Base,1,Chicago White Sox	RC
2024_topps_chrome,2024,Topps,Chrome,josé soriano,José Soriano,1,1,Rookie Autographs,1,Los Angeles Angels
2024_topps_chrome,2024,Topps,Chrome,josé tena,José Tena,2,2,Base|Rookie Autographs,2,Cleveland Guardians|Cleveland Guardians	RC
2024_topps_chrome,2024,Topps,Chrome,juan soto,Juan Soto,12,12,1989 Topps Baseball|1989 Topps Baseball Chrome Layer Variations|Base|Chrome All Etch|Exposé|Helix|Let's Go|On the Spot Die-Cut Autographs|Strokes|Summertime in the Park|Ultraviolet All-Stars|Ultraviolet All-Stars Autographs,1,New York Yankees
2024_topps_chrome,2024,Topps,Chrome,julio rodríguez,Julio Rodríguez,12,12,1989 Topps Baseball|1989 Topps Baseball Autographs|1989 Topps Baseball Chrome Layer Variations|Base|Chrome All Etch|Chrome All Etch Autographs|Exposé|Fanatical|Strokes|Summertime in the Park|Topps Chrome Authentics|Topps Chrome Authentics Autographs,1,Seattle Mariners
2024_topps_chrome,2024,Topps,Chrome,jung hoo lee,Jung Hoo Lee,4,4,Base|Chrome All Etch Rookie Rush|Exposé|Radiating Rookies,2,San Francisco Giants|San Francisco Giants	RC
2024_topps_chrome,2024,Topps,Chrome,jung-hoo lee,Jung-Hoo Lee,1,1,Rookie Autographs,1,San Francisco Giants
2024_topps_chrome,2024,Topps,Chrome,junior caminero,Junior Caminero,11,11,1989 Topps Baseball|1989 Topps Baseball Chrome Layer Variations|Base|Chrome All Etch Rookie Rush|Chrome All Etch Rookie Rush Autographs|Exposé|Radiating Rookies|Radiating Rookies Autographs|Rookie Autographs|Strokes|Youthquake,3,Tampa Bay Rays|Tampa Bay Rays	RC|Tampa Bay Rays	Rookie
2024_topps_chrome,2024,Topps,Chrome,justin foscue,Justin Foscue,1,1,Rookie Autographs,1,Texas Rangers
2024_topps_chrome,2024,Topps,Chrome,justin martinez,Justin Martinez,2,2,Base|Rookie Autographs,2,Arizona Diamondbacks|Arizona Diamondbacks	RC
2024_topps_chrome,2024,Topps,Chrome,justin steele,Justin Steele,3,3,Base|Future Stars|Youthquake,1,Chicago Cubs
2024_topps_chrome,2024,Topps,Chrome,justin turner,Justin Turner,1,1,Base,1,Toronto Blue Jays
2024_topps_chrome,2024,Topps,Chrome,justin verlander,Justin Verlander,2,2,Base|Chrome All Etch,1,Houston Astros
2024_topps_chrome,2024,Topps,Chrome,ke'bryan hayes,Ke'Bryan Hayes,1,1,Base,1,Pittsburgh Pirates
2024_topps_chrome,2024,Topps,Chrome,keaton winn,Keaton Winn,1,1,Base,1,San Francisco Giants	RC
2024_topps_chrome,2024,Topps,Chrome,keibert ruiz,Keibert Ruiz,1,1,Base,1,Washington Nationals
2024_topps_chrome,2024,Topps,Chrome,kelvin caceres,Kelvin Caceres,1,1,Rookie Autographs,1,Los Angeles Angels
2024_topps_chrome,2024,Topps,Chrome,ken griffey jr.,Ken Griffey Jr.,2,2,Chrome Legend Autographs|Ultraviolet All-Stars,1,Seattle Mariners
2024_topps_chrome,2024,Topps,Chrome,kerry carpenter,Kerry Carpenter,1,1,Base,1,Detroit Tigers
2024_topps_chrome,2024,Topps,Chrome,ketel marte,Ketel Marte,2,2,Base|Topps Chrome Authentics,1,Arizona Diamondbacks
2024_topps_chrome,2024,Topps,Chrome,kodai senga,Kodai Senga,2,2,Base|Future Stars,1,New York Mets
2024_topps_chrome,2024,Topps,Chrome,kody funderburk,Kody Funderburk,2,2,Base|Rookie Autographs,2,Minnesota Twins|Minnesota Twins	RC
2024_topps_chrome,2024,Topps,Chrome,kris bryant,Kris Bryant,3,3,Base|Fanatical|Topps Chrome Authentics,1,Colorado Rockies
2024_topps_chrome,2024,Topps,Chrome,kyle bradish,Kyle Bradish,1,1,Base,1,Baltimore Orioles
2024_topps_chrome,2024,Topps,Chrome,kyle harrison,Kyle Harrison,3,3,Base|Rookie Autographs|Youthquake,2,San Francisco Giants|San Francisco Giants	RC
2024_topps_chrome,2024,Topps,Chrome,kyle hurt,Kyle Hurt,1,1,Rookie Autographs,1,Los Angeles Dodgers
2024_topps_chrome,2024,Topps,Chrome,kyle leahy,Kyle Leahy,1,1,Rookie Autographs,1,St. Louis Cardinals
2024_topps_chrome,2024,Topps,Chrome,kyle nicolas,Kyle Nicolas,1,1,Rookie Autographs,1,Pittsburgh Pirates
2024_topps_chrome,2024,Topps,Chrome,kyle schwarber,Kyle Schwarber,1,1,Base,1,Philadelphia Phillies
2024_topps_chrome,2024,Topps,Chrome,kyle tucker,Kyle Tucker,3,3,Base|Topps Chrome Authentics|Topps Chrome Authentics Autographs,1,Houston Astros
2024_topps_chrome,2024,Topps,Chrome,kyren paris,Kyren Paris,3,3,Base|Rookie Autographs|Youthquake,2,Los Angeles Angels|Los Angeles Angels	RC
2024_topps_chrome,2024,Topps,Chrome,lamonte wade jr.,LaMonte Wade Jr.,1,1,Base,1,San Francisco Giants
2024_topps_chrome,2024,Topps,Chrome,lane ramsey,Lane Ramsey,1,1,Rookie Autographs,1,Chicago White Sox
2024_topps_chrome,2024,Topps,Chrome,lane thomas,Lane Thomas,1,1,Base,1,Washington Nationals
2024_topps_chrome,2024,Topps,Chrome,lawrence butler,Lawrence Butler,3,3,Base|Rookie Autographs|Youthquake,2,Oakland Athletics|Oakland Athletics	RC
2024_topps_chrome,2024,Topps,Chrome,logan o'hoppe,Logan O'Hoppe,1,1,Base,1,Los Angeles Angels
2024_topps_chrome,2024,Topps,Chrome,logan porter,Logan Porter,1,1,Rookie Autographs,1,Kansas City Royals
2024_topps_chrome,2024,Topps,Chrome,logan webb,Logan Webb,2,2,Base|Topps Chrome Authentics,1,San Francisco Giants
2024_topps_chrome,2024,Topps,Chrome,lourdes gurriel jr.,Lourdes Gurriel Jr.,1,1,Base,1,Arizona Diamondbacks
2024_topps_chrome,2024,Topps,Chrome,luis arraez,Luis Arraez,3,3,Base|Strokes|Topps Chrome Authentics,2,Miami Marlins|San Diego Padres
2024_topps_chrome,2024,Topps,Chrome,luis castillo,Luis Castillo,2,2,Base|Topps Chrome Authentics,1,Seattle Mariners
2024_topps_chrome,2024,Topps,Chrome,luis matos,Luis Matos,3,3,Base|Rookie Autographs|Youthquake,2,San Francisco Giants|San Francisco Giants	RC
2024_topps_chrome,2024,Topps,Chrome,luis robert jr.,Luis Robert Jr.,4,4,Base|Chrome All Etch|Exposé|Fanatical,1,Chicago White Sox
2024_topps_chrome,2024,Topps,Chrome,luke little,Luke Little,1,1,Rookie Autographs,1,Chicago Cubs
2024_topps_chrome,2024,Topps,Chrome,luken baker,Luken Baker,2,2,Base|Rookie Autographs,2,St. Louis Cardinals|St. Louis Cardinals	RC
2024_topps_chrome,2024,Topps,Chrome,lyon richardson,Lyon Richardson,2,2,Base|Rookie Autographs,2,Cincinnati Reds|Cincinnati Reds	RC
2024_topps_chrome,2024,Topps,Chrome,mackenzie gore,MacKenzie Gore,1,1,Base,1,Washington Nationals
2024_topps_chrome,2024,Topps,Chrome,maikel garcia,Maikel Garcia,1,1,Base,1,Kansas City Royals
2024_topps_chrome,2024,Topps,Chrome,manny machado,Manny Machado,4,4,Base|Dual Autographs|Fanatical|Topps Chrome Authentics,1,San Diego Padres
2024_topps_chrome,2024,Topps,Chrome,marco luciano,Marco Luciano,5,5,Base|Chrome All Etch Rookie Rush|Radiating Rookies|Rookie Autographs|Youthquake,2,San Francisco Giants|San Francisco Giants	(RC)
2024_topps_chrome,2024,Topps,Chrome,marcus semien,Marcus Semien,1,1,Base,1,Texas Rangers
2024_topps_chrome,2024,Topps,Chrome,mariano rivera,Mariano Rivera,1,1,Chrome Legend Autographs,1,New York Yankees
2024_topps_chrome,2024,Topps,Chrome,mark mcgwire,Mark McGwire,1,1,Chrome Legend Autographs,1,Oakland Athletics
2024_topps_chrome,2024,Topps,Chrome,masataka yoshida,Masataka Yoshida,5,5,1989 Topps Baseball Autographs|Base|Future Stars|Future Stars Autographs|Topps Chrome Authentics,1,Boston Red Sox
2024_topps_chrome,2024,Topps,Chrome,mason mccoy,Mason McCoy,1,1,Rookie Autographs,1,San Diego Padres
2024_topps_chrome,2024,Topps,Chrome,masyn winn,Masyn Winn,8,8,1989 Topps Baseball|1989 Topps Baseball Chrome Layer Variations|Base|Chrome All Etch Rookie Rush|Radiating Rookies|Radiating Rookies Autographs|Rookie Autographs|Youthquake,3,St. Louis Cardinals|St. Louis Cardinals	RC|St. Louis Cardinals	Rookie
2024_topps_chrome,2024,Topps,Chrome,matt chapman,Matt Chapman,1,1,Base,1,San Francisco Giants
2024_topps_chrome,2024,Topps,Chrome,matt krook,Matt Krook,1,1,Rookie Autographs,1,New York Yankees
2024_topps_chrome,2024,Topps,Chrome,matt mclain,Matt McLain,3,3,Base|Future Stars|Youthquake,1,Cincinnati Reds
2024_topps_chrome,2024,Topps,Chrome,matt olson,Matt Olson,5,5,1989 Topps Baseball Autographs|Base|Dual Autographs|Exposé|Strokes,1,Atlanta Braves
2024_topps_chrome,2024,Topps,Chrome,max muncy,Max Muncy,1,1,1989 Topps Baseball Autographs,1,Los Angeles Dodgers
2024_topps_chrome,2024,Topps,Chrome,max scherzer,Max Scherzer,2,2,Base|Exposé,1,Texas Rangers
2024_topps_chrome,2024,Topps,Chrome,michael conforto,Michael Conforto,1,1,Base,1,San Francisco Giants
2024_topps_chrome,2024,Topps,Chrome,michael harris ii,Michael Harris II,2,2,Base|Future Stars,1,Atlanta Braves
2024_topps_chrome,2024,Topps,Chrome,mickey moniak,Mickey Moniak,1,1,Base,1,Los Angeles Angels
2024_topps_chrome,2024,Topps,Chrome,mike trout,Mike Trout,16,16,1989 Topps Baseball|1989 Topps Baseball Chrome Layer Variations|Base|Chrome All Etch|Chrome All Etch Autographs|Dual Autographs|Exposé|Fanatical|Helix|On the Spot Die-Cut Autographs|Strokes|Summertime in the Park|Topps Chrome Authentics|Topps Chrome Authentics Autographs|Ultraviolet All-Stars|Ultraviolet All-Stars Autographs,1,Los Angeles Angels
2024_topps_chrome,2024,Topps,Chrome,mike yastrzemski,Mike Yastrzemski,1,1,Base,1,San Francisco Giants
2024_topps_chrome,2024,Topps,Chrome,mj melendez,MJ Melendez,1,1,Base,1,Kansas City Royals
2024_topps_chrome,2024,Topps,Chrome,mookie betts,Mookie Betts,9,9,1989 Topps Baseball|1989 Topps Baseball Chrome Layer Variations|Base|Chrome All Etch|Exposé|Helix|Strokes|Summertime in the Park|Topps Chrome Authentics,1,Los Angeles Dodgers
2024_topps_chrome,2024,Topps,Chrome,nathan eovaldi,Nathan Eovaldi,2,2,Base|On the Spot Die-Cut Autographs,1,Texas Rangers
2024_topps_chrome,2024,Topps,Chrome,nathaniel lowe,Nathaniel Lowe,1,1,Base,1,Texas Rangers
2024_topps_chrome,2024,Topps,Chrome,nestor cortes jr.,Nestor Cortes Jr.,2,2,Topps Chrome Authentics|Topps Chrome Authentics Autographs,1,New York Yankees
2024_topps_chrome,2024,Topps,Chrome,nick castellanos,Nick Castellanos,2,2,Base|Topps Chrome Authentics,1,Philadelphia Phillies
2024_topps_chrome,2024,Topps,Chrome,nick gonzales,Nick Gonzales,4,4,Base|Radiating Rookies Autographs|Rookie Autographs|Youthquake,2,Pittsburgh Pirates|Pittsburgh Pirates	RC
2024_topps_chrome,2024,Topps,Chrome,nick hernandez,Nick Hernandez,1,1,Rookie Autographs,1,San Diego Padres
2024_topps_chrome,2024,Topps,Chrome,nick loftin,Nick Loftin,2,2,Base|Rookie Autographs,2,Kansas City Royals|Kansas City Royals	RC
2024_topps_chrome,2024,Topps,Chrome,nick robertson,Nick Robertson,1,1,Rookie Autographs,1,Boston Red Sox
2024_topps_chrome,2024,Topps,Chrome,nico hoerner,Nico Hoerner,1,1,Base,1,Chicago Cubs
2024_topps_chrome,2024,Topps,Chrome,noelvi marte,Noelvi Marte,7,7,1989 Topps Baseball|1989 Topps Baseball Chrome Layer Variations|Base|Chrome All Etch Rookie Rush|Exposé|Radiating Rookies Autographs|Rookie Autographs,3,Cincinnati Reds|Cincinnati Reds	RC|Cincinnati Reds	Rookie
2024_topps_chrome,2024,Topps,Chrome,nolan arenado,Nolan Arenado,3,3,Base|Let's Go|Topps Chrome Authentics,1,St. Louis Cardinals
2024_topps_chrome,2024,Topps,Chrome,nolan gorman,Nolan Gorman,1,1,Base,1,St. Louis Cardinals
2024_topps_chrome,2024,Topps,Chrome,nolan jones,Nolan Jones,1,1,Base,1,Colorado Rockies
2024_topps_chrome,2024,Topps,Chrome,nolan ryan,Nolan Ryan,2,2,Chrome Legend Autographs|Ultraviolet All-Stars,2,California Angels|Texas Rangers
2024_topps_chrome,2024,Topps,Chrome,nolan schanuel,Nolan Schanuel,4,4,Base|Radiating Rookies|Rookie Autographs|Youthquake,2,Los Angeles Angels|Los Angeles Angels	RC
2024_topps_chrome,2024,Topps,Chrome,nomar garciaparra,Nomar Garciaparra,2,2,Chrome Legend Autographs|On the Spot Die-Cut Autographs,1,Boston Red Sox
2024_topps_chrome,2024,Topps,Chrome,oneil cruz,Oneil Cruz,1,1,Base,1,Pittsburgh Pirates
2024_topps_chrome,2024,Topps,Chrome,orion kerkering,Orion Kerkering,2,2,Base|Rookie Autographs,2,Philadelphia Phillies|Philadelphia Phillies	RC
2024_topps_chrome,2024,Topps,Chrome,osleivis basabe,Osleivis Basabe,2,2,Base|Rookie Autographs,2,Tampa Bay Rays|Tampa Bay Rays	RC
2024_topps_chrome,2024,Topps,Chrome,osvaldo bido,Osvaldo Bido,1,1,Rookie Autographs,1,Oakland Athletics
2024_topps_chrome,2024,Topps,Chrome,owen white,Owen White,3,3,Base|Rookie Autographs|Youthquake,2,Texas Rangers|Texas Rangers	RC
2024_topps_chrome,2024,Topps,Chrome,ozzie albies,Ozzie Albies,1,1,Base,1,Atlanta Braves
2024_topps_chrome,2024,Topps,Chrome,parker meadows,Parker Meadows,2,2,Base|Rookie Autographs,2,Detroit Tigers|Detroit Tigers	RC
2024_topps_chrome,2024,Topps,Chrome,patrick bailey,Patrick Bailey,2,2,Base|Youthquake,1,San Francisco Giants
2024_topps_chrome,2024,Topps,Chrome,paul blackburn,Paul Blackburn,1,1,Base,1,Oakland Athletics
2024_topps_chrome,2024,Topps,Chrome,paul goldschmidt,Paul Goldschmidt,3,3,Base|Strokes|Topps Chrome Authentics,1,St. Louis Cardinals
2024_topps_chrome,2024,Topps,Chrome,pete alonso,Pete Alonso,6,6,1989 Topps Baseball|1989 Topps Baseball Chrome Layer Variations|Base|Exposé|Strokes|Topps Chrome Authentics,1,New York Mets
2024_topps_chrome,2024,Topps,Chrome,pete crow-armstrong,Pete Crow-Armstrong,11,11,1989 Topps Baseball|1989 Topps Baseball Chrome Layer Variations|Base|Chrome All Etch Rookie Rush|Exposé|Helix|Let's Go|Radiating Rookies|Radiating Rookies Autographs|Rookie Autographs|Youthquake,3,Chicago Cubs|Chicago Cubs	RC|Chicago Cubs	Rookie
2024_topps_chrome,2024,Topps,Chrome,prelander berroa,Prelander Berroa,1,1,Rookie Autographs,1,Seattle Mariners
2024_topps_chrome,2024,Topps,Chrome,prince fielder,Prince Fielder,1,1,On the Spot Die-Cut Autographs,1,Milwaukee Brewers
2024_topps_chrome,2024,Topps,Chrome,quinn priester,Quinn Priester,2,2,Base|Rookie Autographs,2,Pittsburgh Pirates|Pittsburgh Pirates	RC
2024_topps_chrome,2024,Topps,Chrome,rafael devers,Rafael Devers,4,4,Base|Chrome All Etch|Fanatical|Strokes,1,Boston Red Sox
2024_topps_chrome,2024,Topps,Chrome,randy arozarena,Randy Arozarena,2,2,Base|Chrome All Etch,1,Tampa Bay Rays
2024_topps_chrome,2024,Topps,Chrome,randy johnson,Randy Johnson,1,1,Chrome Legend Autographs,1,Arizona Diamondbacks
2024_topps_chrome,2024,Topps,Chrome,randy wynne,Randy Wynne,1,1,Rookie Autographs,1,Cincinnati Reds
2024_topps_chrome,2024,Topps,Chrome,reese olson,Reese Olson,2,2,Base|Rookie Autographs,2,Detroit Tigers|Detroit Tigers	RC
2024_topps_chrome,2024,Topps,Chrome,riley greene,Riley Greene,2,2,Base|Future Stars,1,Detroit Tigers
2024_topps_chrome,2024,Topps,Chrome,robbie ray,Robbie Ray,1,1,Base,1,San Francisco Giants
2024_topps_chrome,2024,Topps,Chrome,robert garcia,Robert Garcia,1,1,Rookie Autographs,1,Washington Nationals
2024_topps_chrome,2024,Topps,Chrome,robin yount,Robin Yount,2,2,Chrome Legend Autographs|On the Spot Die-Cut Autographs,1,Milwaukee Brewers
2024_topps_chrome,2024,Topps,Chrome,roger clemens,Roger Clemens,1,1,Chrome Legend Autographs,1,Houston Astros
2024_topps_chrome,2024,Topps,Chrome,ronald acuña jr.,Ronald Acuña Jr.,11,13,1989 Topps Baseball|1989 Topps Baseball Chrome Layer Variations|2023 Topps Chrome MVP Buyback Autographs|2023 Topps Chrome MVP Buybacks|Award Winners Variations|Base|Exposé|Fanatical|Strokes|Summertime in the Park|Topps Chrome Authentics|Topps Chrome Authentics Autographs|Ultraviolet All-Stars,1,Atlanta Braves
2024_topps_chrome,2024,Topps,Chrome,ronny mauricio,Ronny Mauricio,4,4,Base|Chrome All Etch Rookie Rush|Rookie Autographs|Youthquake,2,New York Mets|New York Mets	RC
2024_topps_chrome,2024,Topps,Chrome,royce lewis,Royce Lewis,1,1,Base,1,Minnesota Twins
2024_topps_chrome,2024,Topps,Chrome,ryan howard,Ryan Howard,1,1,Dual Autographs,1,Philadelphia Phillies
2024_topps_chrome,2024,Topps,Chrome,ryan mcmahon,Ryan McMahon,1,1,Base,1,Colorado Rockies
2024_topps_chrome,2024,Topps,Chrome,ryan mountcastle,Ryan Mountcastle,2,2,Base|Topps Chrome Authentics,1,Baltimore Orioles
2024_topps_chrome,2024,Topps,Chrome,ryan noda,Ryan Noda,1,1,Base,1,Oakland Athletics
2024_topps_chrome,2024,Topps,Chrome,ryan pepiot,Ryan Pepiot,1,1,Base,1,Tampa Bay Rays
2024_topps_chrome,2024,Topps,Chrome,ryder ryan,Ryder Ryan,1,1,Rookie Autographs,1,Seattle Mariners
2024_topps_chrome,2024,Topps,Chrome,ryne sandberg,Ryne Sandberg,1,1,Chrome Legend Autographs,1,Chicago Cubs
2024_topps_chrome,2024,Topps,Chrome,sal frelick,Sal Frelick,9,9,Base|Chrome All Etch Rookie Rush|Chrome All Etch Rookie Rush Autographs|Dual Autographs|Exposé|Radiating Rookies|Radiating Rookies Autographs|Rookie Autographs|Youthquake,2,Milwaukee Brewers|Milwaukee Brewers	(RC)
2024_topps_chrome,2024,Topps,Chrome,salvador perez,Salvador Perez,3,3,Base|Strokes|Topps Chrome Authentics,1,Kansas City Royals
2024_topps_chrome,2024,Topps,Chrome,samad taylor,Samad Taylor,2,2,Base|Rookie Autographs,2,Kansas City Royals|Kansas City Royals	RC
2024_topps_chrome,2024,Topps,Chrome,sammy sosa,Sammy Sosa,1,1,Chrome Legend Autographs,1,Chicago Cubs
2024_topps_chrome,2024,Topps,Chrome,sandy alcantara,Sandy Alcantara,2,2,Base|Topps Chrome Authentics,1,Miami Marlins
2024_topps_chrome,2024,Topps,Chrome,sandy koufax,Sandy Koufax,1,1,Chrome Legend Autographs,1,Brooklyn Dodgers
2024_topps_chrome,2024,Topps,Chrome,sawyer gipson-long,Sawyer Gipson-Long,1,1,Rookie Autographs,1,Detroit Tigers
2024_topps_chrome,2024,Topps,Chrome,scott rolen,Scott Rolen,1,1,On the Spot Die-Cut Autographs,1,Cincinnati Reds
2024_topps_chrome,2024,Topps,Chrome,sean murphy,Sean Murphy,1,1,Base,1,Atlanta Braves
2024_topps_chrome,2024,Topps,Chrome,seiya suzuki,Seiya Suzuki,1,1,Base,1,Chicago Cubs
2024_topps_chrome,2024,Topps,Chrome,seth lugo,Seth Lugo,1,1,Base,1,Kansas City Royals
2024_topps_chrome,2024,Topps,Chrome,shane bieber,Shane Bieber,1,1,Base,1,Cleveland Guardians
2024_topps_chrome,2024,Topps,Chrome,shane mcclanahan,Shane McClanahan,1,1,Base,1,Tampa Bay Rays
2024_topps_chrome,2024,Topps,Chrome,shea langeliers,Shea Langeliers,1,1,Base,1,Oakland Athletics
2024_topps_chrome,2024,Topps,Chrome,shohei ohtani,Shohei Ohtani,9,10,1989 Topps Baseball|1989 Topps Baseball Chrome Layer Variations|2023 Topps Chrome MVP Buybacks|Award Winners Variations|Base|Chrome All Etch|Exposé|Helix|Strokes|Ultraviolet All-Stars,2,Los Angeles Angels|Los Angeles Dodgers
2024_topps_chrome,2024,Topps,Chrome,shota imanaga,Shota Imanaga,2,2,Base|Chrome All Etch Rookie Rush,2,Chicago Cubs|Chicago Cubs	RC
2024_topps_chrome,2024,Topps,Chrome,shōta imanaga,Shōta Imanaga,1,1,Rookie Autographs,1,Chicago Cubs
2024_topps_chrome,2024,Topps,Chrome,slade cecconi,Slade Cecconi,2,2,Base|Rookie Autographs,2,Arizona Diamondbacks|Arizona Diamondbacks	RC
2024_topps_chrome,2024,Topps,Chrome,sonny gray,Sonny Gray,1,1,Base,1,St. Louis Cardinals
2024_topps_chrome,2024,Topps,Chrome,spencer horwitz,Spencer Horwitz,2,2,Base|Rookie Autographs,2,Toronto Blue Jays|Toronto Blue Jays	RC
2024_topps_chrome,2024,Topps,Chrome,spencer steer,Spencer Steer,1,1,Base,1,Cincinnati Reds
2024_topps_chrome,2024,Topps,Chrome,spencer torkelson,Spencer Torkelson,1,1,Base,1,Detroit Tigers
2024_topps_chrome,2024,Topps,Chrome,starling marte,Starling Marte,1,1,Base,1,New York Mets
2024_topps_chrome,2024,Topps,Chrome,steven cruz,Steven Cruz,2,2,Base|Rookie Autographs,2,Kansas City Royals|Kansas City Royals	RC
2024_topps_chrome,2024,Topps,Chrome,steven kwan,Steven Kwan,3,3,Base|Topps Chrome Authentics|Topps Chrome Authentics Autographs,1,Cleveland Guardians
2024_topps_chrome,2024,Topps,Chrome,taj bradley,Taj Bradley,1,1,Base,1,Tampa Bay Rays
2024_topps_chrome,2024,Topps,Chrome,taylor kohlwey,Taylor Kohlwey,1,1,Rookie Autographs,1,New York Mets
2024_topps_chrome,2024,Topps,Chrome,teoscar hernández,Teoscar Hernández,1,1,Base,1,Los Angeles Dodgers
2024_topps_chrome,2024,Topps,Chrome,tim anderson,Tim Anderson,1,1,Base,1,Miami Marlins
2024_topps_chrome,2024,Topps,Chrome,tj hopkins,TJ Hopkins,1,1,Rookie Autographs,1,Cincinnati Reds
2024_topps_chrome,2024,Topps,Chrome,tom glavine,Tom Glavine,1,1,Chrome Legend Autographs,1,Atlanta Braves
2024_topps_chrome,2024,Topps,Chrome,trea turner,Trea Turner,6,6,1989 Topps Baseball Autographs|Base|Chrome All Etch|Chrome All Etch Autographs|Let's Go|On the Spot Die-Cut Autographs,1,Philadelphia Phillies
2024_topps_chrome,2024,Topps,Chrome,trevor story,Trevor Story,2,2,Base|Topps Chrome Authentics,1,Boston Red Sox
2024_topps_chrome,2024,Topps,Chrome,trey cabbage,Trey Cabbage,2,2,Base|Rookie Autographs,2,Los Angeles Angels|Los Angeles Angels	RC
2024_topps_chrome,2024,Topps,Chrome,tristan gray,Tristan Gray,2,2,Base|Rookie Autographs,2,Tampa Bay Rays|Tampa Bay Rays	RC
2024_topps_chrome,2024,Topps,Chrome,triston casas,Triston Casas,3,3,Base|Future Stars|Future Stars Autographs,1,Boston Red Sox
2024_topps_chrome,2024,Topps,Chrome,ty adcock,Ty Adcock,1,1,Rookie Autographs,1,Seattle Mariners
2024_topps_chrome,2024,Topps,Chrome,tyler cropley,Tyler Cropley,2,2,Base|Rookie Autographs,2,Kansas City Royals|Kansas City Royals	RC
2024_topps_chrome,2024,Topps,Chrome,tyler fitzgerald,Tyler Fitzgerald,2,2,Base|Rookie Autographs,2,San Francisco Giants|San Francisco Giants	RC
2024_topps_chrome,2024,Topps,Chrome,tyler glasnow,Tyler Glasnow,1,1,Base,1,Los Angeles Dodgers
2024_topps_chrome,2024,Topps,Chrome,tyler soderstrom,Tyler Soderstrom,4,4,Base|Chrome All Etch Rookie Rush|Rookie Autographs|Youthquake,2,Oakland Athletics|Oakland Athletics	RC
2024_topps_chrome,2024,Topps,Chrome,victor scott,Victor Scott,1,1,Base,1,St. Louis Cardinals	RC
2024_topps_chrome,2024,Topps,Chrome,victor vodnik,Victor Vodnik,1,1,Rookie Autographs,1,Colorado Rockies
2024_topps_chrome,2024,Topps,Chrome,vladimir guerrero,Vladimir Guerrero,1,1,Dual Autographs,1,Los Angeles Angels
2024_topps_chrome,2024,Topps,Chrome,vladimir guerrero jr.,Vladimir Guerrero Jr.,11,11,1989 Topps Baseball|1989 Topps Baseball Autographs|1989 Topps Baseball Chrome Layer Variations|Base|Chrome All Etch|Exposé|Helix|On the Spot Die-Cut Autographs|Strokes|Topps Chrome Authentics|Topps Chrome Authentics Autographs,1,Toronto Blue Jays
2024_topps_chrome,2024,Topps,Chrome,wade boggs,Wade Boggs,1,1,Chrome All Etch Autographs,1,Boston Red Sox
2024_topps_chrome,2024,Topps,Chrome,wade meckler,Wade Meckler,2,2,Base|Rookie Autographs,2,San Francisco Giants|San Francisco Giants	RC
2024_topps_chrome,2024,Topps,Chrome,weston wilson,Weston Wilson,1,1,Rookie Autographs,1,Philadelphia Phillies
2024_topps_chrome,2024,Topps,Chrome,will smith,Will Smith,2,2,Base|Topps Chrome Authentics,1,Los Angeles Dodgers
2024_topps_chrome,2024,Topps,Chrome,william contreras,William Contreras,1,1,Base,1,Milwaukee Brewers
2024_topps_chrome,2024,Topps,Chrome,willson contreras,Willson Contreras,1,1,Base,1,St. Louis Cardinals
2024_topps_chrome,2024,Topps,Chrome,willy adames,Willy Adames,1,1,Base,1,Milwaukee Brewers
2024_topps_chrome,2024,Topps,Chrome,wilyer abreu,Wilyer Abreu,2,2,Base|Rookie Autographs,2,Boston Red Sox|Boston Red Sox	RC
2024_topps_chrome,2024,Topps,Chrome,wyatt langford,Wyatt Langford,4,4,Base|Radiating Rookies|Radiating Rookies Autographs|Rookie Autographs,2,Texas Rangers|Texas Rangers	RC
2024_topps_chrome,2024,Topps,Chrome,xander bogaerts,Xander Bogaerts,2,2,Base|Topps Chrome Authentics,1,San Diego Padres
2024_topps_chrome,2024,Topps,Chrome,yainer diaz,Yainer Diaz,1,1,Future Stars,1,Houston Astros
2024_topps_chrome,2024,Topps,Chrome,yainer díaz,Yainer Díaz,1,1,Base,1,Houston Astros
2024_topps_chrome,2024,Topps,Chrome,yandy díaz,Yandy Díaz,1,1,Base,1,Tampa Bay Rays
2024_topps_chrome,2024,Topps,Chrome,yennier cano,Yennier Cano,1,1,Base,1,Baltimore Orioles
2024_topps_chrome,2024,Topps,Chrome,yoendrys gómez,Yoendrys Gómez,1,1,Base,1,New York Yankees	RC
2024_topps_chrome,2024,Topps,Chrome,yordan alvarez,Yordan Alvarez,6,6,Base|Exposé|Fanatical|Strokes|Topps Chrome Authentics|Ultraviolet All-Stars,1,Houston Astros
2024_topps_chrome,2024,Topps,Chrome,yoshinobu yamamoto,Yoshinobu Yamamoto,5,5,Base|Chrome All Etch Rookie Rush|Exposé|Radiating Rookies|Rookie Autographs,2,Los Angeles Dodgers|Los Angeles Dodgers	RC
2024_topps_chrome,2024,Topps,Chrome,yu darvish,Yu Darvish,1,1,Base,1,San Diego Padres
2024_topps_chrome,2024,Topps,Chrome,yuki matsui,Yuki Matsui,2,2,Base|Rookie Autographs,2,San Diego Padres|San Diego Padres	RC
2024_topps_chrome,2024,Topps,Chrome,zac gallen,Zac Gallen,1,1,Base,1,Arizona Diamondbacks
2024_topps_chrome,2024,Topps,Chrome,zach neto,Zach Neto,1,1,Base,1,Los Angeles Angels
2024_topps_chrome,2024,Topps,Chrome,zach remillard,Zach Remillard,2,2,Base|Rookie Autographs,2,Chicago White Sox|Chicago White Sox	RC
2024_topps_chrome,2024,Topps,Chrome,zack gelof,Zack Gelof,6,6,Base|Chrome All Etch Rookie Rush|Let's Go|Radiating Rookies|Rookie Autographs|Youthquake,2,Oakland Athletics|Oakland Athletics	RC
2024_topps_chrome,2024,Topps,Chrome,zack greinke,Zack Greinke,1,1,Base,1,Kansas City Royals
2024_topps_chrome,2024,Topps,Chrome,zack wheeler,Zack Wheeler,1,1,Base,1,Philadelphia Phillies
