player_name,wins,losses,win_rate,avg_win_margin,played
Noah Murdock,833,54,0.939121,5.5818,887
Shohei Ohtani,6329,477,0.929915,120.5765,6810
Aaron Judge / Jazz Chisholm Jr.,1533,120,0.927405,14.6395,1654
Mason Fluharty,2361,206,0.919751,33.551,2573
Nick Kurtz,4723,495,0.905136,32.9285,5232
Drake Baldwin,5104,701,0.879242,57.6374,5826
MJ Melendez / Bobby Witt Jr.,1602,228,0.87541,3.7394,1843
Roki Sasaki,2465,366,0.870717,48.0811,2856
Noah Cameron,1765,313,0.849374,15.4447,2106
Ben Rice,2938,536,0.845711,19.0727,3503
Daylen Lile,2043,377,0.844215,12.6314,2438
Jack Dreyer,1675,378,0.815879,17.8343,2064
Chad Patrick,2038,580,0.778457,10.06,2637
Aaron Judge,4375,1266,0.775572,18.8314,5677
AJ Blubaugh,1489,472,0.759306,12.336,1981
Marcelo Mayer,3263,1127,0.74328,23.1497,4422
James Wood,3363,1200,0.737015,27.6203,4618
Bryce Harper / Nick Castellanos,879,324,0.730673,23.4893,1215
Marcell Ozuna / Ozzie Albies,997,369,0.729868,22.1082,1377
Elly De La Cruz / Matt McLain,1894,757,0.714447,7.392,2706
Aroldis Chapman,1497,604,0.712518,4.5139,2130
Spencer Schwellenbach,2440,985,0.712409,35.9362,3476
Grant Wolfram,1628,662,0.710917,8.329,2333
Miguel Rojas,809,333,0.708406,13.8987,1166
Jake Mangum,1659,773,0.682155,26.0679,2471
Ryan Fitzgerald,1655,784,0.678557,12.4245,2453
Jacob Wilson,2806,1360,0.673548,39.5192,4216
José Ramírez / Steven Kwan,612,313,0.661622,6.13,933
Anthony Banda,1264,651,0.660052,2.538,1948
Hunter Dobbins,2678,1406,0.65573,15.6521,4122
Andrés Muñoz,769,404,0.655584,2.5387,1183
Kristian Campbell,5536,2947,0.652599,12.0872,8576
Jackson Jobe,2462,1323,0.650462,19.1832,3869
Kevin Alcántara,1245,670,0.650131,2.0249,1927
Hyeseong Kim,2887,1556,0.649786,18.6743,4472
Blake Snell / Tyler Glasnow,1620,887,0.646191,6.2701,2534
Jace Jung,1843,1023,0.643057,14.4681,2899
Bryce Harper,3801,2156,0.638073,7.8357,6033
Matt Shaw,5231,2998,0.635679,7.609,8337
Caleb Durbin,4054,2335,0.634528,12.321,6459
Logan VanWey,1627,938,0.634308,6.7055,2604
Cam Smith,4558,2698,0.62817,31.1015,7299
Justin Steele,1742,1052,0.623479,3.5631,2826
Kumar Rocker,1734,1052,0.622398,13.5438,2835
Alejandro Osuna,1754,1079,0.619132,5.0727,2865
Thomas Harrington,2163,1337,0.618,12.3791,3552
Ben Williamson,1752,1094,0.615601,21.9608,2868
Moisés Ballesteros,1902,1191,0.614937,10.4568,3120
John Rave,1660,1044,0.613905,6.5885,2731
Cade Horton,2730,1737,0.611148,32.151,4515
Patrick Monteverde,1679,1081,0.608333,3.117,2783
Iván Herrera,804,521,0.606792,4.367,1343
Elly De La Cruz,2931,1912,0.605203,16.4053,4932
Carson McCusker,1842,1231,0.599414,9.0637,3153
Trenton Brooks,1683,1128,0.598719,2.3431,2847
Fernando Cruz,1216,816,0.598425,3.0519,2057
Shane Smith,1891,1270,0.598228,7.9836,3206
Chase Meidroth,2206,1487,0.597346,12.9812,3705
Dominic Canzone,1825,1253,0.592917,5.1697,3146
Ryan Bergert,1176,809,0.592443,5.4234,2030
Brooks Lee,2054,1416,0.591931,13.0604,3495
Jorbit Vivas,1679,1171,0.589123,11.3396,2882
Yohel Pozo,1820,1278,0.587476,4.5218,3151
Zach Agnos,1859,1316,0.585512,2.681,3210
Michael Darrell-Hicks,1338,951,0.584535,2.3446,2317
Dylan Crews,2575,1833,0.584165,15.0051,4487
Lawrence Butler / Brent Rooker,1381,991,0.582209,6.2904,2396
Tsung-Che Cheng,1668,1204,0.58078,10.1372,2925
Pete Crow-Armstrong,2077,1501,0.580492,5.9183,3654
Ryan Loutos,1449,1057,0.578212,3.0946,2541
Chase Shugart,1094,805,0.576093,3.4145,1919
Caden Dana,1738,1284,0.575116,4.9193,3059
Braxton Ashcraft,991,733,0.574826,5.0616,1770
Jonathan India,1511,1130,0.572132,3.4486,2670
Tayler Saucedo,1297,972,0.571617,3.6516,2309
Logan Henderson,2117,1598,0.569852,83.3025,3791
Logan Davidson,1632,1233,0.569634,8.5194,2925
Denzel Clarke,1325,1007,0.568182,3.016,2373
Braydon Fisher,1922,1462,0.567967,5.8762,3419
Christian Yelich / Jackson Chourio,709,541,0.5672,1.1857,1279
Jonathan Bermúdez,811,626,0.56437,2.2787,1471
Jeremiah Estrada,1585,1227,0.563656,23.5564,2869
Brett Baty,1609,1256,0.561606,2.0998,2899
Eli White,1990,1554,0.561512,3.0658,3584
Brad Lord,1455,1141,0.560478,2.2334,2697
Ramón Laureano,540,424,0.560166,1.9865,971
Fernando Tatis Jr.,3223,2539,0.559354,7.6073,5842
Tyler Tolbert,1368,1078,0.55928,5.2216,2518
Tim Tawa,1411,1119,0.557708,13.8886,2569
Tim Elko,1401,1120,0.555732,11.9536,2560
Luke Keaschall,2958,2383,0.553829,17.429,5458
Mark Leiter Jr.,1393,1127,0.552778,1.6681,2582
Dane Myers,1530,1239,0.552546,2.6923,2792
Max Muncy,1832,1487,0.551973,9.922,3382
Rafael Devers,1672,1362,0.551088,8.0761,3106
J.C. Escarra,1371,1118,0.550824,4.4688,2537
Alex Vesia,1272,1049,0.54804,2.319,2371
Drew Avans,1407,1182,0.543453,10.1344,2640
Mick Abel,2841,2402,0.541865,15.568,5319
Evan Phillips,1749,1489,0.540148,4.7816,3271
Cody Bellinger,1908,1630,0.539288,8.8924,3569
Levi Jordan,1794,1547,0.536965,2.429,3401
Doug Nikhazy,1284,1110,0.536341,5.423,2435
Luis Matos,1755,1533,0.533759,9.1468,3333
Max Kepler,1284,1122,0.533666,1.9973,2462
David Morgan,1533,1350,0.531738,6.049,2932
Martín Maldonado,829,732,0.53107,1.1426,1603
Marc Church,1781,1585,0.529115,2.3977,3418
Romy Gonzalez,1078,966,0.527397,2.6858,2069
Kody Clemens,1213,1092,0.526247,1.3304,2353
Logan Evans,797,718,0.526073,7.6674,1583
Jack Leiter,1566,1412,0.525856,5.0355,3036
Nic Enright,1501,1354,0.525744,4.4113,2908
Julio Rodríguez / Randy Arozarena,450,406,0.525701,5.6423,880
Dalton Rushing,2953,2671,0.525071,11.9655,5747
Blake Treinen,1500,1375,0.521739,8.6325,2954
Austin Kitchen,1619,1488,0.521081,2.5895,3132
James Meeker,1444,1331,0.52036,4.4828,2814
Chandler Simpson,2923,2713,0.51863,23.0196,5755
Edgar Quero,2819,2619,0.518389,13.221,5549
Eric Orze,1651,1542,0.517069,8.7278,3227
Bryan King,1450,1356,0.51675,1.8007,2867
Josh Naylor,1972,1857,0.515017,4.2594,3922
Jeff Criswell,1399,1319,0.514717,2.1342,2780
Evan Sisk,1558,1478,0.513175,4.1033,3084
Chase Petty,1592,1513,0.512721,26.3873,3145
Travis Jankowski,1336,1272,0.51227,6.7994,2649
Ryan Zeferjahn,1581,1516,0.510494,3.0594,3145
Kyle Higashioka,1504,1443,0.51035,2.5906,2977
Jose Trevino,1233,1186,0.509715,2.2302,2541
Craig Yoho,1536,1482,0.508946,7.5422,3081
JoJo Romero,1730,1672,0.508524,2.5479,3441
Max Lazar,1889,1827,0.508342,2.0281,3757
Colin Rea,1383,1340,0.507896,2.1682,2742
Mickey Gasper,1633,1583,0.507774,4.0873,3261
Francisco Lindor,2694,2616,0.507345,4.349,5414
Zac Veen,2710,2644,0.506164,9.2816,5418
Travis d'Arnaud,1662,1627,0.505321,3.2589,3382
Christian Koss,1356,1340,0.502967,5.7349,2732
Will Wilson,1471,1454,0.502906,18.3912,2987
Michel Otañez,793,785,0.502535,3.4979,1598
Kyle Hendricks,1655,1656,0.499849,2.8278,3371
Ryan Gusto,1670,1694,0.496433,4.3761,3471
Ji Hwan Bae,1556,1580,0.496173,3.5344,3213
Matt Gorski,1347,1371,0.495585,3.8819,2770
Ryan Walker,1415,1441,0.495448,3.5172,2915
Carlos Estévez,363,372,0.493878,1.0512,739
Johnathan Rodríguez,308,318,0.492013,0.7944,637
Rhett Lowder,1140,1178,0.491803,6.2244,2371
Michael McGreevy,1668,1725,0.4916,10.0947,3444
Kyle Hart,1303,1350,0.491142,1.3434,2710
Elvis Alvarado,1601,1660,0.490954,1.5461,3340
Alexander Canario,1628,1691,0.490509,2.0644,3354
Randy Rodríguez,396,412,0.490099,2.5782,866
Bailey Horn,1367,1426,0.489438,1.7358,2857
Hayden Birdsong,1574,1654,0.487608,21.5799,3253
Carlos Santana,1011,1064,0.487229,5.3234,2140
Devin Williams,1543,1625,0.487058,5.7641,3220
Wilmer Flores,1144,1211,0.485775,2.7442,2394
Maverick Handley,1516,1611,0.48481,5.5112,3162
Logan Allen,1128,1200,0.484536,1.5943,2389
Grant Koch,1555,1656,0.484273,11.1774,3273
Justin Sterner,1606,1733,0.480982,2.9833,3411
Andrés Giménez,850,923,0.479413,2.7038,1802
Jeff Hoffman,1413,1541,0.478334,4.2372,2991
Tyler Owens,1270,1388,0.477803,1.8058,2748
Bryan De La Cruz,1981,2167,0.47758,2.2479,4199
Tyler Callihan,1157,1268,0.477113,3.9592,2507
José Fermin,1286,1410,0.477003,3.6319,2737
Miles Mastrobuoni,1206,1343,0.473127,3.0931,2587
Victor MESA JR.,1120,1253,0.471976,3.7649,2416
Charlie Morton,1310,1468,0.471562,5.742,2832
Carson Kelly,1319,1483,0.470735,1.5884,2852
Matt Svanson,1006,1135,0.469874,7.5454,2184
Jon Berti,1505,1698,0.469872,4.5134,3248
Jake Burger,1417,1599,0.469828,6.1324,3080
Thomas Saggese,1324,1498,0.469171,3.0843,2897
Evan Kravetz,1376,1559,0.468825,2.1246,2998
Rhylan Thomas,1418,1619,0.466908,3.3374,3076
Robert Garcia,1534,1762,0.465413,7.1917,3377
Mickey Moniak,1484,1708,0.464912,5.2393,3262
Tyler Mahle,1476,1701,0.464589,1.8421,3231
Austin Wynns,1303,1504,0.464197,26.5161,2868
Hunter Bigge,1530,1768,0.463918,2.0697,3331
Willie MacIver,1281,1483,0.463459,3.8526,2813
Armando Alvarez,1547,1793,0.463174,7.5163,3382
Fraser Ellard,1455,1688,0.462934,1.294,3196
Mike Vasil,1139,1334,0.460574,3.5449,2535
Sauryn Lao,1345,1585,0.459044,3.2094,2988
Hayden Senger,1566,1854,0.457895,8.4239,3480
Luken Baker,1580,1876,0.457176,1.6686,3524
Jared Triolo,1400,1665,0.45677,4.0381,3105
Carson Palmquist,1098,1310,0.45598,6.2189,2492
Nolan Jones,1521,1818,0.455526,2.1136,3395
Ryan Miller,1524,1823,0.455333,1.753,3397
Jeffrey Springs,1213,1460,0.453797,1.786,2727
Gio Urshela,1283,1549,0.453037,2.2309,2872
Garrett McDaniels,1278,1545,0.45271,2.2227,2918
Juan Mejia,922,1115,0.452626,3.4252,2077
Coby Mayo,1837,2223,0.452463,6.8188,4114
Luisangel Acuña,1205,1461,0.451988,8.3512,2719
Tommy Pham,1332,1616,0.451832,18.4322,3002
Robert Hassell III,1503,1825,0.451623,4.5671,3376
Jack O'Loughlin,1207,1471,0.450709,1.8929,2729
Justin Hagenman,1226,1502,0.449413,1.499,2765
Oliver Dunn,1621,1989,0.44903,4.5048,3652
Bryan Sammons,1374,1690,0.448433,1.9367,3113
Blaine Crim,1005,1237,0.44826,4.7545,2297
Brady Singer,1514,1872,0.447135,3.9918,3467
Alex Verdugo,1526,1889,0.446852,2.8522,3463
Nick Allen,1548,1922,0.44611,3.7844,3536
Tirso Ornelas,1102,1371,0.445613,7.0514,2527
Andrew Heaney,1403,1753,0.44455,2.98,3236
Ryan Johnson,1336,1672,0.444149,5.9353,3067
Zack Littell,1604,2019,0.442727,3.8405,3701
Dylan Carlson,1357,1710,0.442452,1.8616,3141
Kade Strowd,1197,1517,0.441046,2.2753,2762
Eric Wagaman,1234,1566,0.440714,2.3452,2844
Cole Henry,1246,1587,0.439816,8.787,2892
Luis Torrens,1383,1766,0.439187,4.5257,3215
Joc Pederson,1112,1425,0.438313,2.0533,2585
Agustín Ramírez,1397,1798,0.437246,2.1405,3306
Tomoyuki Sugano,1797,2333,0.435109,8.0022,4199
Rafael Marchán,561,733,0.433539,0.9653,1337
Davis Martin,1382,1807,0.433365,2.2953,3277
Clay Holmes,1258,1646,0.433196,5.1273,2956
Luis Mey,1196,1571,0.432237,2.6228,2859
Gerson Garabito,1339,1763,0.431657,1.2339,3156
Yoán Moncada,551,731,0.429797,1.3194,1299
Luis Contreras,1489,1981,0.429107,2.3485,3510
Matthew Lugo,1091,1454,0.428684,1.8253,2609
Gabriel Arias,1432,1914,0.427974,4.7246,3443
Justin Turner,1198,1603,0.427704,3.0137,2856
Derek Hill,1392,1876,0.425949,2.7077,3322
Brandon Young,1327,1793,0.425321,3.965,3171
Kyren Paris,1194,1614,0.425214,1.0771,2853
Graham Pauley,1415,1922,0.424034,1.7994,3417
Omar Cruz,1470,2005,0.423022,8.9029,3547
Chase Lee,879,1205,0.421785,3.9665,2114
Manuel Margot,1067,1472,0.420244,2.364,2602
Raymond Burgos,1219,1695,0.418325,2.2345,2961
Gage Workman,1430,1995,0.417518,15.3342,3498
Adrian Del Castillo,1068,1491,0.417351,5.0015,2612
Brady Feigl,1377,1934,0.415886,4.381,3392
CJ Alexander,1356,1907,0.415568,4.034,3342
Justin Verlander,2089,2958,0.413909,8.1198,5121
Zak Kent,950,1348,0.413403,18.7767,2345
Braxton Fulford,1144,1631,0.412252,3.613,2862
Paxton Schultz,742,1062,0.411308,3.9241,1866
Santiago Espinal,1620,2324,0.410751,2.0729,4070
Lake Bachar,1566,2252,0.410162,5.4245,3934
Luis Urías,506,731,0.409054,2.1205,1245
Tyler Freeman,1385,2001,0.409037,1.1945,3460
Michael Petersen,1414,2044,0.408907,1.7523,3507
Juan Morillo,1239,1794,0.408506,3.6194,3113
Kevin Pillar,1376,2001,0.407462,1.2139,3443
Dustin May,1192,1738,0.406826,2.3554,2993
Cade Gibson,1076,1574,0.406038,3.8652,2707
Ryan Pressly,1551,2276,0.405278,1.7583,3890
Daniel Robert,1288,1895,0.40465,1.276,3236
Eric Haase,1428,2103,0.404418,4.4153,3624
Chase Dollander,2007,2959,0.404148,5.4053,5034
Eric Yang,1386,2047,0.403729,4.2208,3486
Gunnar Hoglund,960,1434,0.401003,2.8238,2446
Connor Joe,1178,1771,0.399457,1.9647,2995
Adam Frazier,890,1342,0.398746,4.463,2268
Griffin Canning,1181,1797,0.396575,5.2932,3037
Luarbert Arias,1583,2410,0.396444,4.2379,4047
Zebby Matthews,1268,1934,0.396002,15.8918,3319
Yaramil Hiraldo,1169,1792,0.394799,3.3456,3027
Landen Roupp,1276,1980,0.391892,1.2051,3303
Joe Boyle,1502,2331,0.39186,2.6253,3929
Ty France,1302,2024,0.391461,7.1355,3388
Mike Tauchman,1299,2020,0.391383,2.6431,3352
Rowdy Tellez,1091,1702,0.390619,5.3164,2843
Ronny Simon,1171,1840,0.388907,4.5135,3101
Gavin Sheets,1326,2107,0.386251,2.7181,3491
Caleb Freeman,1051,1693,0.383017,2.0258,2805
Erik Sabrowski,1315,2122,0.382601,1.7713,3506
Jose Herrera,1376,2238,0.380742,2.4691,3644
Michael Taylor,1214,1975,0.380684,1.5984,3271
Myles Straw,976,1601,0.378735,2.9815,2615
Donovan Solano,1474,2421,0.378434,2.9144,3968
Mitch Spence,1461,2438,0.374711,3.9038,3941
Tylor Megill,1200,2023,0.372324,2.606,3280
Matthew Liberatore,1109,1875,0.371649,3.0281,3045
Jamie Westbrook,1187,2024,0.369667,1.9458,3244
Steven Matz,1324,2261,0.369317,5.1508,3682
Tanner Gordon,1178,2028,0.367436,1.4737,3263
Parker Dunshee,1478,2580,0.364219,3.8762,4137
Matt Mervis,1271,2250,0.360977,1.955,3574
Nick Pivetta,1121,1991,0.360219,1.608,3176
Walker Buehler,749,1333,0.35975,2.5583,2141
Blade Tidwell,889,1594,0.358035,4.9212,2545
Jason Heyward,1030,1851,0.357515,2.9833,2948
Nathan Wiles,973,1759,0.356149,6.2726,2832
Ryan Rolison,947,1714,0.355881,3.5538,2694
Michael Lorenzen,1428,2627,0.352158,1.885,4128
Max Meyer,877,1620,0.351221,3.3109,2562
Nathaniel Lowe,1222,2270,0.349943,39.3547,3537
Kris Bubic,1267,2357,0.349614,1.9508,3740
Connor Thomas,865,1629,0.346832,2.5102,2539
Dairon Blanco,1187,2259,0.344457,2.6488,3541
Alan Roden,1147,2184,0.344341,5.5318,3393
Drew Rasmussen,1104,2106,0.343925,1.648,3251
Matt Thaiss,1321,2520,0.343921,1.5725,3909
Isaac Paredes,1148,2210,0.34187,5.3362,3409
Curtis Mead,1483,2857,0.341705,3.3417,4402
Michael Soroka,1008,1987,0.336561,2.0174,3040
Paul DeJong,1360,2728,0.332681,2.1764,4157
Chris Paddack,897,1813,0.330996,0.8558,2766
Christian Vázquez,559,1160,0.325189,0.579,1772
Liam Hicks,989,2072,0.323097,3.9946,3156
Jose Iglesias,917,1959,0.318846,3.3451,2960
Thairo Estrada,1135,2431,0.318284,1.6504,3651
Colton Gordon,908,1945,0.318261,2.9617,2931
Luis Guerrero,961,2066,0.317476,2.2288,3088
Tyler Heineman,912,2072,0.30563,4.9399,3053
Antonio Senzatela,1079,2538,0.298314,1.2703,3703
Carlos Duran,749,1789,0.295114,4.9571,2602
Orlando Ribalta,1034,2481,0.294168,1.1893,3608
Cal Quantrill,773,1989,0.27987,1.0432,2805
Danny Jansen,809,2353,0.255851,3.2305,3205
Jorge Soler,758,2258,0.251326,1.8082,3100
Adael Amador,514,1541,0.250122,2.7292,2109
Victor Caratini,586,1796,0.246012,0.7676,2419
Camilo Doval,530,1701,0.237562,1.0292,2261
Amed Rosario,449,1785,0.200985,1.5717,2323
