keyword,title
stitch,Shohei Ohtani 2025 Topps Update All-Star Stitches #AS-SO Event Worn Jersey
stitch,Shohei Ohtani 2025 Topps Update All Star Stitches #AS-SO EVENT WORN Relic
stitch,Shohei Ohtani 2025 Topps Update Series All Star Game Stitches Player-Worn Relic
stitch,2025 Topps Update KC Royals Kris Bubic All Star Game Stitches Relic #AS-KB
stitch,2025 Topps Update Series - All-Star Stitches Kris Bubic #AS-KB
stitch,2025 Topps Update All Star Stitches Relic Kris Bubic AS-KB Kansas City Royals
stitch,2025 Topps Update - All-Star Stitches #AS-KB Kris Bubic
stitch,2025 Topps Update Series - All-Star Stitches Kris Bubic #AS-KB Royals
stitch,2025 Topps Update | ALL-STAR STITCHES EVENT-WORN RELIC #AS-FL | FRANCISCO LINDOR
stitch,2025 Topps Update Francisco Lindor All-Star Stitches Relic AS-FL New Yorks Mets
stitch,2025 Topps Update Francisco Lindor All-Star Stitches Relic #AS-FL
stitch,2025 Topps Update - Shane Smith - #AS-SS All-Star Stitches Relic - White Sox
stitch,2025 Topps Update All-Star Stitches #AS-SS Shane Smith Game Used Relic
stitch,2025 Topps Update- Shane Smith All-Star Stitches Relic Rookie Card #AS-SS
stitch,2025 Topps Update Series #AS-EDL Elly De La Cruz All-Star Stitches Relic
stitch,2025 Topps Update Series - All-Star Stitches Elly De La Cruz #AS-EDL (MEM)
stitch,Elly De La Cruz 2025 Topps Update All-Star Stitches Relics #AS-EDL Reds
stitch,"2025 Topps Update Series - All-Star Stitches James Wood #AS-JW (MEM, RC)"
stitch,2025 Topps Update Fernando Tatis Jr All Star Game Stitches Relic Padres
stitch,2025 Topps Update Fernando Tatis Jr All-Star Stitches Relic #AS-FT Padres
stitch,2025 Topps Update Series - JACOB WILSON #AS-JWI All-Star Stitches Relic
stitch,2025 Topps Update Jacob Wilson RC Jersey Relic SP All-Star Stitches Rookie
stitch,2025 Topps Update Series - All-Star Stitches Pete Crow-Armstrong #AS-PC
stitch,2025 Topps Update Series All-Star Stitches Aroldis Chapman #AS-AC
