seq,status,item_id,sku,variant,title,stripped_title,proposed_search,run_id,returned
1,done,298608762397,draft-ABDCEDB2-8417-4898-9B2F-C361BA8BA981,base,2026 Topps Flagship Football Marvin Harrison Jr. #1 Cardinals,2026 Topps Flagship Football Marvin Harrison Jr. #1,2026 Topps Flagship Football Marvin Harrison Jr. #1,f41ae114-a26e-4eb8-8a57-f33a61c1ae24,
2,done,298617151677,cardlot-1787732096,base,2026 Topps Football Drake London Falcons #11,2026 Topps Football Drake London #11,2026 Topps Football Drake London #11,2632cc4b-4164-4fd5-ae18-9663c85cfb9a,
3,done,298605886908,cardlot-1787286839,base,2026 Topps Football Flagship Fernando Mendoza Las Vegas Raiders #301,2026 Topps Football Flagship Fernando Mendoza #301,2026 Topps Football Flagship Fernando Mendoza #301,c89fa0b8-604d-4c7e-a6f7-8d2b8b13e34f,
4,done,298646772306,cardlot-1788584962,diamante,2026 Topps Football Eli Heidenreich Diamante Foil RC Steelers #398,2026 Topps Football Eli Heidenreich Diamante Foil RC #398,2026 Topps Football Eli Heidenreich Diamante Foil RC #398,d5d07e25-48cd-49d4-b203-1e5680122f39,
5,done,298646800098,cardlot-1788585634,diamante,2026 Topps Football Jordan Addison Pink Diamante Foil Vikings #132,2026 Topps Football Jordan Addison Pink Diamante Foil #132,2026 Topps Football Jordan Addison Pink Diamante Foil #132,0ba380c9-1503-4769-a9e9-7a0db7960a10,
6,done,298646789506,cardlot-1788585148,diamante,2026 Topps Football Michael Penix Jr. Diamante Foil Falcons #8,2026 Topps Football Michael Penix Jr. Diamante Foil #8,2026 Topps Football Michael Penix Jr. Diamante Foil #8,c2baed7f-4fb0-458a-8cdd-f882d33db1fc,
7,done,298646791899,cardlot-1788585226,diamante,2026 Topps Football Shedeur Sanders Diamante Foil Browns #216,2026 Topps Football Shedeur Sanders Diamante Foil #216,2026 Topps Football Shedeur Sanders Diamante Foil #216,05e0e061-c64b-424c-8bc3-6c10e3985225,
8,done,298646781229,cardlot-1788585090,diamante,2026 Topps Football T.J. Parker Diamante Foil RC Bills #376,2026 Topps Football T.J. Parker Diamante Foil RC #376,2026 Topps Football T.J. Parker Diamante Foil RC #376,a2999cef-e1d2-489b-a90b-ace74b785e6f,
9,done,298646777004,cardlot-1788585022,diamante,2026 Topps Football Uar Bernard Diamante Foil RC Eagles #400,2026 Topps Football Uar Bernard Diamante Foil RC #400,2026 Topps Football Uar Bernard Diamante Foil RC #400,b7e2c0db-c951-436e-9d99-b3662c4e0c5c,
10,done,298609142620,draft-8B30949B-D760-478C-AEA2-009B4D4CD51B,football,2026 Topps Aaron Jones Sr. Football Parallel Vikings #240,2026 Topps Aaron Jones Sr. Football Parallel #240,2026 Topps Aaron Jones Sr. Football Parallel #240,570e8e22-5f45-4efa-93ca-7e253bce15df,
11,done,298609174226,draft-B36D97E6-D498-4080-B2A1-D2BD6CDE7FDD,football,2026 Topps Adam Randall Football Parallel Ravens #377,2026 Topps Adam Randall Football Parallel #377,2026 Topps Adam Randall Football Parallel #377,0628dc63-9cd1-48c3-a558-f0654572e464,
12,done,298609142404,draft-18244B61-2F11-4655-9271-9A61437C18DF,football,2026 Topps Alvin Kamara Football Parallel Saints #149,2026 Topps Alvin Kamara Football Parallel #149,2026 Topps Alvin Kamara Football Parallel #149,72d9cda5-0055-4379-810a-ab20dc919f87,
13,done,298609185463,draft-933BAAC1-C728-4577-8934-2AA80A55553A,football,2026 Topps Anthony Smith Football Parallel Cowboys #396,2026 Topps Anthony Smith Football Parallel #396,2026 Topps Anthony Smith Football Parallel #396,24d06bc1-f070-45a9-915a-4160d2b4389d,
14,done,298609185398,draft-0F2A16C5-E020-4C28-B098-B184435BE439,football,2026 Topps Arvell Reese Football Parallel Giants #346,2026 Topps Arvell Reese Football Parallel #346,2026 Topps Arvell Reese Football Parallel #346,4f06d48c-c7b8-42e6-80fb-f3061415df8b,
15,done,298609183123,draft-B34D9B47-982B-40E8-AD83-77347AD4776D,football,2026 Topps Avieon Terrell Football Parallel Falcons #379,2026 Topps Avieon Terrell Football Parallel #379,2026 Topps Avieon Terrell Football Parallel #379,a641efa4-7da8-422c-a539-e818554606b0,
16,done,298609151224,draft-78CA3410-6A2D-4B2D-BE47-CA28F481AC61,football,2026 Topps Breece Hall Football Parallel Jets #162,2026 Topps Breece Hall Football Parallel #162,2026 Topps Breece Hall Football Parallel #162,c0c57419-69ca-4df5-9b75-e71013f43b64,
17,done,298609161797,draft-1B28C70E-AD14-4563-9584-0183C6D6F1B0,football,2026 Topps Bucky Irving Football Parallel Buccaneers #188,2026 Topps Bucky Irving Football Parallel #188,2026 Topps Bucky Irving Football Parallel #188,033a4419-c31e-4be1-be0f-0bfdcd265467,
18,done,298609151619,draft-B584292F-ACC8-46A4-A2C8-B092B42C0652,football,2026 Topps Calvin Ridley Football Parallel Titans #195,2026 Topps Calvin Ridley Football Parallel #195,2026 Topps Calvin Ridley Football Parallel #195,57c4f912-9306-4353-9a62-c0b159f056a2,
19,done,298609142781,draft-D2A2E807-16E6-4D32-9EA9-02C2E6AB7F23,football,2026 Topps Cameron Dicker Football Parallel Chargers #112,2026 Topps Cameron Dicker Football Parallel #112,2026 Topps Cameron Dicker Football Parallel #112,9762399a-d852-4846-8e16-c7f912d3bf0e,
20,done,298609185717,draft-48687F45-A642-4A23-A45E-97A001A0FFBA,football,2026 Topps Carnell Tate Football Parallel Titans #318,2026 Topps Carnell Tate Football Parallel #318,2026 Topps Carnell Tate Football Parallel #318,6fae1cbb-6837-4c9b-9ae2-6b04a4dc3144,
21,done,298609174342,draft-E8C2EA3D-B727-4130-993E-F53104718098,football,2026 Topps Cashius Howell Football Parallel Bengals #357,2026 Topps Cashius Howell Football Parallel #357,2026 Topps Cashius Howell Football Parallel #357,3858b03c-9ebb-4f7b-9c72-caf583426d71,
22,done,298609175071,draft-14BADF42-37D3-42CA-A827-A4D5A1C50732,football,2026 Topps CeeDee Lamb Football Parallel Cowboys #54,2026 Topps CeeDee Lamb Football Parallel #54,2026 Topps CeeDee Lamb Football Parallel #54,ae2a980b-2a72-492f-b648-415f9fd32cbd,
23,done,298609161163,draft-C4256FBC-6B15-4CA6-BA02-79DFF4C14749,football,2026 Topps Chase Brown Football Parallel Bengals #42,2026 Topps Chase Brown Football Parallel #42,2026 Topps Chase Brown Football Parallel #42,6162e46a-8af3-47d4-b34f-1ce3351a2b5b,
24,done,298609174708,draft-10307562-18C1-4181-8C73-3D34D3B520CF,football,2026 Topps Chris Bell Football Parallel Dolphins #324,2026 Topps Chris Bell Football Parallel #324,2026 Topps Chris Bell Football Parallel #324,4afd814e-ca3c-4d4e-a24e-057152ed7f88,
25,done,298609174888,draft-42408E9F-6440-4840-8358-11407FA600BD,football,2026 Topps Chris Johnson II Football Parallel Dolphins #356,2026 Topps Chris Johnson II Football Parallel #356,2026 Topps Chris Johnson II Football Parallel #356,e0181ba6-de31-4b2b-9d01-b55aa2f4671d,
26,done,298609156807,draft-85DA4F22-828A-4E46-BC1C-62076439D94A,football,2026 Topps Chris Jones Football Parallel Chiefs #102,2026 Topps Chris Jones Football Parallel #102,2026 Topps Chris Jones Football Parallel #102,4a38b091-7aa3-4831-a5fa-406dd4d72d97,
27,done,298609182629,draft-9BC54817-01DD-470A-A1FB-8926711E9CAE,football,2026 Topps Chris McClellan Football Parallel Packers #366,2026 Topps Chris McClellan Football Parallel #366,2026 Topps Chris McClellan Football Parallel #366,49fff2b3-923b-4b0e-b2b6-bbbbede45130,
28,done,298609142119,draft-2DEDE344-8FC7-4E93-A6BB-C9387E7B10A0,football,2026 Topps Cleveland Browns Football Parallel Browns #295,2026 Topps Football Parallel #295,2026 Topps Football Parallel #295,f9a8a2b6-b913-4609-8e72-17d83ecce6b0,
29,done,298609157380,draft-F24DD5C9-F721-48D4-8046-76FE3D54867A,football,2026 Topps Cobee Bryant Football Parallel Falcons #203,2026 Topps Cobee Bryant Football Parallel #203,2026 Topps Cobee Bryant Football Parallel #203,e050ce1b-1f23-47b1-9fc3-ed17c3a30bda,
30,done,298609182930,draft-AF8E3511-AE65-4563-A5F8-0AC939E8D404,football,2026 Topps Colton Hood Football Parallel Giants #381,2026 Topps Colton Hood Football Parallel #381,2026 Topps Colton Hood Football Parallel #381,d1eef84a-0204-45ee-a791-3bf303e43e68,
31,done,298609151306,draft-690246F7-DA65-4C85-ACEE-0BE2C1A78060,football,2026 Topps Cooper Kupp Football Parallel Seahawks #248,2026 Topps Cooper Kupp Football Parallel #248,2026 Topps Cooper Kupp Football Parallel #248,f7274467-f616-4bb3-9d3c-84fbdf31ea21,
32,done,298609156991,draft-B013F814-FD96-4860-A99A-697C4A61DCD1,football,2026 Topps DJ Moore Football Parallel Bills #36,2026 Topps DJ Moore Football Parallel #36,2026 Topps DJ Moore Football Parallel #36,faef15df-af6e-4356-9a15-7085b89aacbf,
33,done,298609162662,draft-2CC83560-2BAE-440F-B493-D5E1250B498A,football,2026 Topps Dallas Cowboys Football Parallel Cowboys #272,2026 Topps Football Parallel #272,2026 Topps Football Parallel #272,d1e78fd9-ed34-49e4-9b42-85e6115fae32,
34,done,298609160910,draft-3F644E3F-7F65-40FA-AC8B-37DBA378ABB2,football,2026 Topps Danielle Hunter Football Parallel Texans #226,2026 Topps Danielle Hunter Football Parallel #226,2026 Topps Danielle Hunter Football Parallel #226,6e0de0d2-7924-413c-8bc9-5dea721ef3d3,
35,done,298609182392,draft-0A95D791-F0FC-4FA1-A7BF-7C579EEFA5E0,football,2026 Topps Deion Burks Football Parallel Colts #333,2026 Topps Deion Burks Football Parallel #333,2026 Topps Deion Burks Football Parallel #333,6654668b-64ad-4a2a-87dc-e6b8b015e46c,
36,done,298609156606,draft-CA746955-560E-4619-9B6C-C049FE2A152E,football,2026 Topps Derrick Henry Football Parallel Ravens #16,2026 Topps Derrick Henry Football Parallel #16,2026 Topps Derrick Henry Football Parallel #16,9822473f-c53f-44ca-aaf3-979619d6f00a,
37,done,298609151120,draft-73A820C0-8BCD-4392-B127-84C4857333CE,football,2026 Topps Dont'e Thornton Jr. Football Parallel Raiders #118,2026 Topps Dont'e Thornton Jr. Football Parallel #118,2026 Topps Dont'e Thornton Jr. Football Parallel #118,dc151fc9-cecb-49c7-b376-c93c05d3af4d,
38,done,298609498142,cardlot-1787478230,football,2026 Topps Football Ashton Jeanty Football Parallel Raiders #262,2026 Topps Football Ashton Jeanty Football Parallel #262,2026 Topps Football Ashton Jeanty Football Parallel #262,f3842a6f-cc34-4de2-ae2a-931dc7852e45,
39,done,298613599396,cardlot-1787631104,football,2026 Topps Football Baltimore Ravens Football Parallel Ravens #300,2026 Topps Football Football Parallel #300,2026 Topps Football Football Parallel #300,5f536982-3ca1-4e18-a726-be6d047d1787,
40,done,298613646630,cardlot-1787632609,football,2026 Topps Football Bhayshul Tuten Football Parallel Jaguars #91,2026 Topps Football Bhayshul Tuten Football Parallel #91,2026 Topps Football Bhayshul Tuten Football Parallel #91,3457bc7c-a1b0-40f1-9b13-99649b3c595b,
41,done,298613613839,cardlot-1787631671,football,2026 Topps Football Blake Corum Football Parallel Rams #234,2026 Topps Football Blake Corum Football Parallel #234,2026 Topps Football Blake Corum Football Parallel #234,28c4e940-b887-43ac-93ec-9fd67cea830b,
42,done,298613648636,cardlot-1787632796,football,2026 Topps Football Bobby Wagner Football Parallel Commanders #260,2026 Topps Football Bobby Wagner Football Parallel #260,2026 Topps Football Bobby Wagner Football Parallel #260,711179c6-bbef-434a-8e30-03e66f8214a3,
43,done,298613583839,cardlot-1787630892,football,2026 Topps Football Brock Bowers Football Parallel Raiders #119,2026 Topps Football Brock Bowers Football Parallel #119,2026 Topps Football Brock Bowers Football Parallel #119,3c167d7f-3984-4491-9619-db1dfd3934f3,
44,done,298613649022,cardlot-1787632853,football,2026 Topps Football Byron Young Football Parallel Rams #116,2026 Topps Football Byron Young Football Parallel #116,2026 Topps Football Byron Young Football Parallel #116,5f0623a9-0649-4910-98e3-e3c98999d52e,
45,done,298613561087,cardlot-1787629774,football,2026 Topps Football Chris Brazzell II Football Parallel RC Panthers #326,2026 Topps Football Chris Brazzell II Football Parallel RC #326,2026 Topps Football Chris Brazzell II Football Parallel RC #326,5561146f-bb95-4b03-81e1-544aad7311b4,
46,done,298609497623,cardlot-1787478160,football,2026 Topps Football Dak Prescott Football Parallel Cowboys #53,2026 Topps Football Dak Prescott Football Parallel #53,2026 Topps Football Dak Prescott Football Parallel #53,0a821504-6903-49bf-a2d6-2a19f6127165,
47,done,298613614390,cardlot-1787631729,football,2026 Topps Football Dallas Goedert Football Parallel Eagles #170,2026 Topps Football Dallas Goedert Football Parallel #170,2026 Topps Football Dallas Goedert Football Parallel #170,7ea51127-b44e-42ca-ac82-9e35b65cb0ed,
48,done,298613610702,cardlot-1787631470,football,2026 Topps Football Daniel Jones Football Parallel Colts #89,2026 Topps Football Daniel Jones Football Parallel #89,2026 Topps Football Daniel Jones Football Parallel #89,43bd7ce3-d4ce-412f-a53d-719d11fbfc1e,
49,done,298613650659,cardlot-1787632985,football,2026 Topps Football Derrick Henry; Jonathan Taylor; James Cook Football Parallel,2026 Topps Football Derrick Henry; Jonathan Taylor; James Cook Football Parallel,2026 Topps Football Derrick Henry; Jonathan Taylor; James Cook Football Parallel,0709818c-50b8-4810-a768-756cc0d01ba2,
50,done,298613651846,cardlot-1787633050,football,2026 Topps Football Devin White; Jordyn Brooks; Cedric Gray Football Parallel Ra,2026 Topps Football Devin White; Jordyn Brooks; Cedric Gray Football Parallel Ra,2026 Topps Football Devin White; Jordyn Brooks; Cedric Gray Football Parallel Ra,f8b8ca34-3435-4a04-a421-8b95f15fb801,
51,done,298613604495,cardlot-1787631165,football,2026 Topps Football Drake London Football Parallel Falcons #11,2026 Topps Football Drake London Football Parallel #11,2026 Topps Football Drake London Football Parallel #11,8d77ccfe-35a3-4a8f-b775-82c5a250ce26,
52,done,298613579900,cardlot-1787630574,football,2026 Topps Football Emeka Egbuka Football Parallel Buccaneers #261,2026 Topps Football Emeka Egbuka Football Parallel #261,2026 Topps Football Emeka Egbuka Football Parallel #261,94433c12-73b2-430f-9ee2-b8c42cbfc02c,
53,done,298613558320,cardlot-1787629605,football,2026 Topps Football Garrett Nussmeier Football Parallel RC Chiefs #303,2026 Topps Football Garrett Nussmeier Football Parallel RC #303,2026 Topps Football Garrett Nussmeier Football Parallel RC #303,843d3478-82db-470d-904c-d683e6e74daf,
54,done,298609502132,cardlot-1787478467,football,2026 Topps Football George Kittle Football Parallel 49ers #183,2026 Topps Football George Kittle Football Parallel #183,2026 Topps Football George Kittle Football Parallel #183,7a091899-b8ca-46b3-8949-56388fe70bc7,
55,done,298613647209,cardlot-1787632676,football,2026 Topps Football Ja'Tavion Sanders Football Parallel Panthers #27,2026 Topps Football Ja'Tavion Sanders Football Parallel #27,2026 Topps Football Ja'Tavion Sanders Football Parallel #27,e8d8ec48-d43f-481e-89e6-bcc0b33d06fd,
56,done,298613612046,cardlot-1787631609,football,2026 Topps Football Jalen Carter Football Parallel Eagles #65,2026 Topps Football Jalen Carter Football Parallel #65,2026 Topps Football Jalen Carter Football Parallel #65,fd268ac3-a2f5-45fd-ad1e-0a6de6ffc299,
57,done,298613611317,cardlot-1787631527,football,2026 Topps Football James Conner Football Parallel Cardinals #3,2026 Topps Football James Conner Football Parallel #3,2026 Topps Football James Conner Football Parallel #3,cdbeeffc-afb3-48b3-98de-1aa86491d3b2,
58,done,298613580968,cardlot-1787630663,football,2026 Topps Football Jared Goff Football Parallel Lions #68,2026 Topps Football Jared Goff Football Parallel #68,2026 Topps Football Jared Goff Football Parallel #68,5e5765f1-2bca-4dc2-a224-50cbb361978f,
59,done,298613645900,cardlot-1787632550,football,2026 Topps Football Javonte Williams Football Parallel Cowboys #51,2026 Topps Football Javonte Williams Football Parallel #51,2026 Topps Football Javonte Williams Football Parallel #51,c0d2eb67-ca1f-4b28-a0bb-5289306d0baf,
60,done,298613616618,cardlot-1787631888,football,2026 Topps Football Jayden Reed Football Parallel Packers #71,2026 Topps Football Jayden Reed Football Parallel #71,2026 Topps Football Jayden Reed Football Parallel #71,1869b145-0c71-415b-a1c0-eca847f3e125,
61,done,298613647681,cardlot-1787632719,football,2026 Topps Football Jeffery Simmons Football Parallel Titans #257,2026 Topps Football Jeffery Simmons Football Parallel #257,2026 Topps Football Jeffery Simmons Football Parallel #257,cc9450d4-b127-4fd2-b5ef-223f29ca264e,
62,done,298613644184,cardlot-1787632470,football,2026 Topps Football Joe Alt Football Parallel Chargers #105,2026 Topps Football Joe Alt Football Parallel #105,2026 Topps Football Joe Alt Football Parallel #105,50e773cd-316d-47b4-9983-2c2805db7d0b,
63,done,298613618295,cardlot-1787631979,football,2026 Topps Football Jonathan Greenard Football Parallel Vikings #239,2026 Topps Football Jonathan Greenard Football Parallel #239,2026 Topps Football Jonathan Greenard Football Parallel #239,2004744d-8a6a-41dd-9efb-c6b1a13bce67,
64,done,298613636000,cardlot-1787632369,football,2026 Topps Football Josh Hines-Allen Football Parallel Jaguars #95,2026 Topps Football Josh Hines-Allen Football Parallel #95,2026 Topps Football Josh Hines-Allen Football Parallel #95,2f44c721-f1bb-4ff8-a98b-859a2703a2a5,
65,done,298613616102,cardlot-1787631825,football,2026 Topps Football Josh Jacobs Football Parallel Packers #77,2026 Topps Football Josh Jacobs Football Parallel #77,2026 Topps Football Josh Jacobs Football Parallel #77,73cc99fe-cf96-4736-9862-977ed62bd106,
66,done,298613556151,cardlot-1787629503,football,2026 Topps Football Kayden McDonald Football Parallel RC Texans #364,2026 Topps Football Kayden McDonald Football Parallel RC #364,2026 Topps Football Kayden McDonald Football Parallel RC #364,54d43574-b307-4bf2-b40e-6ae253b4c913,
67,done,298609496847,cardlot-1787478080,football,2026 Topps Football Lamar Jackson Football Parallel Ravens #13,2026 Topps Football Lamar Jackson Football Parallel #13,2026 Topps Football Lamar Jackson Football Parallel #13,5d9ff1f0-369f-4151-a249-a2fddde1beee,
68,done,298609501469,cardlot-1787478419,football,2026 Topps Football Micah Parsons Football Parallel Packers #72,2026 Topps Football Micah Parsons Football Parallel #72,2026 Topps Football Micah Parsons Football Parallel #72,fc2f8e9c-f17c-4178-bfde-af5a25d4f06c,
69,done,298613619877,cardlot-1787632076,football,2026 Topps Football New York Giants Football Parallel Giants #275,2026 Topps Football Football Parallel #275,2026 Topps Football Football Parallel #275,7a798c01-eee9-4aa8-8435-6c4832b6c441,
70,done,298613605392,cardlot-1787631209,football,2026 Topps Football Nnamdi Madubuike Football Parallel Ravens #205,2026 Topps Football Nnamdi Madubuike Football Parallel #205,2026 Topps Football Nnamdi Madubuike Football Parallel #205,ab8b6c1b-b76c-479d-85f0-77e0ea007d85,
71,done,298613572121,cardlot-1787629946,football,2026 Topps Football Omar Cooper Jr. Football Parallel RC Jets #321,2026 Topps Football Omar Cooper Jr. Football Parallel RC #321,2026 Topps Football Omar Cooper Jr. Football Parallel RC #321,c523d73c-1063-4b1f-a9dc-2ef2fa649b8a,
72,done,298613609827,cardlot-1787631367,football,2026 Topps Football Quinnen Williams Football Parallel Cowboys #56,2026 Topps Football Quinnen Williams Football Parallel #56,2026 Topps Football Quinnen Williams Football Parallel #56,891d1f8c-7012-4772-a0e3-10940bf39f2b,
73,done,298613550003,cardlot-1787629272,football,2026 Topps Football Reggie Virgil Football Parallel RC Cardinals #383,2026 Topps Football Reggie Virgil Football Parallel RC #383,2026 Topps Football Reggie Virgil Football Parallel RC #383,3200d29f-eb1b-43d9-96db-d9ca0fadd1de,
74,done,298613617334,cardlot-1787631938,football,2026 Topps Football Tony Pollard Football Parallel Titans #193,2026 Topps Football Tony Pollard Football Parallel #193,2026 Topps Football Tony Pollard Football Parallel #193,7583c729-5a95-451c-9a08-0bfd81390ea3,
75,done,298613630433,cardlot-1787632300,football,2026 Topps Football Travis Etienne Jr. Football Parallel Saints #93,2026 Topps Football Travis Etienne Jr. Football Parallel #93,2026 Topps Football Travis Etienne Jr. Football Parallel #93,e8dc8a12-fa00-4839-9822-850b15ded01c,
76,done,298613625162,cardlot-1787632206,football,2026 Topps Football Tre' Harris III / Tre Harris III Football Parallel Chargers,2026 Topps Football Tre' Harris III / Tre Harris III Football Parallel,2026 Topps Football Tre' Harris III / Tre Harris III Football Parallel,1f3ab953-6b4c-4a08-9614-79759717e2b3,
77,done,298613620655,cardlot-1787632137,football,2026 Topps Football Trey Hendrickson Football Parallel Ravens #39,2026 Topps Football Trey Hendrickson Football Parallel #39,2026 Topps Football Trey Hendrickson Football Parallel #39,c5752dfb-66d7-4f09-abfc-ee9ef603e814,
78,done,298613582492,cardlot-1787630798,football,2026 Topps Football Trey McBride; Puka Nacua; Jaxon Smith-Njigba Football Parall,2026 Topps Football Trey McBride; Puka Nacua; Jaxon Smith-Njigba Football Parall,2026 Topps Football Trey McBride; Puka Nacua; Jaxon Smith-Njigba Football Parall,15e47975-14a4-49de-a7ab-1003c9caf269,
79,done,298613648239,cardlot-1787632756,football,2026 Topps Football Vita Vea Football Parallel Buccaneers #191,2026 Topps Football Vita Vea Football Parallel #191,2026 Topps Football Vita Vea Football Parallel #191,989d8cd7-5254-4e09-a15b-1ad4bb0d6406,
80,done,298613641712,cardlot-1787632428,football,2026 Topps Football Will Anderson Jr. Football Parallel Texans #82,2026 Topps Football Will Anderson Jr. Football Parallel #82,2026 Topps Football Will Anderson Jr. Football Parallel #82,c4c905de-8e65-4e65-a223-c2ff23808c95,
81,done,298613650077,cardlot-1787632914,football,2026 Topps Football Will Johnson Football Parallel Cardinals #6,2026 Topps Football Will Johnson Football Parallel #6,2026 Topps Football Will Johnson Football Parallel #6,3660d970-9cd8-4acd-814e-7f7b30c147a6,
82,done,298609154500,draft-B3399859-8666-41E9-95DD-7B58C4EE4450,football,2026 Topps Fred Warner Football Parallel 49ers #184,2026 Topps Fred Warner Football Parallel #184,2026 Topps Fred Warner Football Parallel #184,47f0845c-14ce-4d0f-80ed-fa715fe4c83d,
83,done,298609173970,draft-574831A9-E434-4A02-821C-A42CC484771C,football,2026 Topps Garrett Wilson Football Parallel Jets #159,2026 Topps Garrett Wilson Football Parallel #159,2026 Topps Garrett Wilson Football Parallel #159,8b9a8e1d-ceee-4bb0-9e2a-1218549567f1,
84,done,298609154387,draft-8F4E0822-A5F1-4DD5-8604-51798E48DFB1,football,2026 Topps George Kittle Football Parallel 49ers #183,2026 Topps George Kittle Football Parallel #183,2026 Topps George Kittle Football Parallel #183,8e19e3cd-9dc5-440d-a21a-b7764011ed1d,
85,done,298609161882,draft-E9BDBE0A-FF8E-42A6-9461-DE50631DAA2F,football,2026 Topps Harold Fannin Jr. Football Parallel Browns #46,2026 Topps Harold Fannin Jr. Football Parallel #46,2026 Topps Harold Fannin Jr. Football Parallel #46,35e9cd27-6fc9-44a2-9720-5990a18efcb8,
86,done,298609182567,draft-7C6D9652-2EF0-4046-9E72-5C696FE2F0E3,football,2026 Topps J.J. McCarthy Football Parallel Vikings #134,2026 Topps J.J. McCarthy Football Parallel #134,2026 Topps J.J. McCarthy Football Parallel #134,b921f088-b0a8-41d9-b314-5f7ca39d9f8a,
87,done,298609152444,draft-A0F1559B-998D-4D53-9355-C761E231ABAF,football,2026 Topps Jacory Croskey-Merritt Football Parallel Commanders #197,2026 Topps Jacory Croskey-Merritt Football Parallel #197,2026 Topps Jacory Croskey-Merritt Football Parallel #197,b688e084-74ee-4279-844c-30a99112eb16,
88,done,298609182817,draft-D4D76998-8CFC-4729-9056-A6D6C992430A,football,2026 Topps Jayden Daniels Football Parallel Commanders #196,2026 Topps Jayden Daniels Football Parallel #196,2026 Topps Jayden Daniels Football Parallel #196,f61690cf-c4b7-44e3-90fc-50c0e57d0e4f,
89,done,298609151526,draft-F2646D7C-FFB9-453C-BFE7-898774F0D8A7,football,2026 Topps Jimmy Horn Jr. Football Parallel Panthers #31,2026 Topps Jimmy Horn Jr. Football Parallel #31,2026 Topps Jimmy Horn Jr. Football Parallel #31,b05c51ba-9b31-4f8c-a14b-140561bbbeb5,
90,done,298609150998,draft-CB512EA9-8ABE-48CF-9209-0EB711823111,football,2026 Topps Jonah Laulu Football Parallel Raiders #235,2026 Topps Jonah Laulu Football Parallel #235,2026 Topps Jonah Laulu Football Parallel #235,549a02b9-fbbb-43f8-b452-ffb527498cd1,
91,done,298609151458,draft-F8DACCD6-ED2D-492C-BDB4-392D7DFF3959,football,2026 Topps Jonathan Taylor Football Parallel Colts #86,2026 Topps Jonathan Taylor Football Parallel #86,2026 Topps Jonathan Taylor Football Parallel #86,e6c5a4de-b311-4d37-ae01-bdbfe570bad4,
92,done,298609151376,draft-F528E2BA-D91E-46D2-AFB1-53884669F92E,football,2026 Topps Jordan Mailata Football Parallel Eagles #166,2026 Topps Jordan Mailata Football Parallel #166,2026 Topps Jordan Mailata Football Parallel #166,b9eff12b-bf8b-48f9-9271-968cf893dad3,
93,done,298609154645,draft-DBEE9849-71FF-49C5-83A6-D8A7FD82D59A,football,2026 Topps Justice Hill Football Parallel Ravens #18,2026 Topps Justice Hill Football Parallel #18,2026 Topps Justice Hill Football Parallel #18,d68cc21a-d650-4335-afbd-7e0d6fdbf776,
94,done,298609174585,draft-1EA7A0CA-F6A6-4425-A371-CDC9A1E1C085,football,2026 Topps KC Concepcion Football Parallel Browns #323,2026 Topps KC Concepcion Football Parallel #323,2026 Topps KC Concepcion Football Parallel #323,a2bd1fe1-80cd-42eb-aef9-755dee6857a4,
95,done,298609161480,draft-F06B0E46-FBB6-40C0-B510-F606D74966B4,football,2026 Topps Kayshon Boutte Football Parallel Patriots #242,2026 Topps Kayshon Boutte Football Parallel #242,2026 Topps Kayshon Boutte Football Parallel #242,7a526dca-0545-4498-a1c9-604d1fb35322,
96,done,298609182686,draft-B8DC0CF0-2F5A-4311-88BB-708173B5D5A6,football,2026 Topps Kaytron Allen Football Parallel Commanders #315,2026 Topps Kaytron Allen Football Parallel #315,2026 Topps Kaytron Allen Football Parallel #315,8ba48b67-0421-4a35-b4d1-72123e9ba6c7,
97,done,298609157264,draft-6A29B3FA-F530-48FB-9EA8-EC0F8AD2F3BC,football,2026 Topps Kayvon Thibodeaux Football Parallel Giants #245,2026 Topps Kayvon Thibodeaux Football Parallel #245,2026 Topps Kayvon Thibodeaux Football Parallel #245,bdd2cbb6-8de9-46bb-86e6-8c9a4d9944d9,
98,done,298609175127,draft-68BA8470-DDDA-407B-A3C9-3DD07438254E,football,2026 Topps Kendrick Law Football Parallel Lions #374,2026 Topps Kendrick Law Football Parallel #374,2026 Topps Kendrick Law Football Parallel #374,58307801-cc62-452e-b84b-ba295d0777ed,
99,done,298609174650,draft-69CC2EE7-C621-429E-90E4-EF31462EF39C,football,2026 Topps Kevin Coleman Jr. Football Parallel Dolphins #337,2026 Topps Kevin Coleman Jr. Football Parallel #337,2026 Topps Kevin Coleman Jr. Football Parallel #337,417f9d55-972b-4943-af55-06d489573a18,
100,done,298609183237,draft-F8AE7D4D-8F2E-43A8-8AB8-B2F6F6956C33,football,2026 Topps Lewis Bond Football Parallel Texans #395,2026 Topps Lewis Bond Football Parallel #395,2026 Topps Lewis Bond Football Parallel #395,c09c08fb-eae6-4fbd-9419-6e4eeda83f9e,
101,done,298609185501,draft-ACE528EC-6101-4000-A9F1-94023B5E2025,football,2026 Topps Malachi Lawrence Football Parallel Cowboys #352,2026 Topps Malachi Lawrence Football Parallel #352,2026 Topps Malachi Lawrence Football Parallel #352,f3520128-dc3f-4254-969f-b68affc282e6,
102,done,298609183008,draft-425C02C3-6D36-4AB3-A141-03A8FA639061,football,2026 Topps Michael Penix Jr. Football Parallel Falcons #8,2026 Topps Michael Penix Jr. Football Parallel #8,2026 Topps Michael Penix Jr. Football Parallel #8,1699c069-c9ce-405a-996b-916c6c6a5580,
103,done,298609161347,draft-E536125A-292F-4C58-930F-8A62C9AE647A,football,2026 Topps Milton Williams Football Parallel Patriots #142,2026 Topps Milton Williams Football Parallel #142,2026 Topps Milton Williams Football Parallel #142,6c0246b8-bdf3-498c-a860-5e37306eff60,
104,done,298609142041,draft-762A5E67-6A57-49B6-935C-C6EE30881C57,football,2026 Topps Montez Sweat Football Parallel Bears #212,2026 Topps Montez Sweat Football Parallel #212,2026 Topps Montez Sweat Football Parallel #212,15ff9b15-fba6-49d2-b082-cfaffaf4c504,
105,done,298609142321,draft-7E9E6750-E92B-45FB-AB1B-2A5CBDCE0A00,football,2026 Topps Pete Werner Football Parallel Saints #44,2026 Topps Pete Werner Football Parallel #44,2026 Topps Pete Werner Football Parallel #44,bd93ffad-d36f-45fc-be76-fcee170576b9,
106,done,298609157183,draft-314975CD-BAA1-43E2-8CDD-D48E4FC18F64,football,2026 Topps RJ Harvey Football Parallel Broncos #59,2026 Topps RJ Harvey Football Parallel #59,2026 Topps RJ Harvey Football Parallel #59,703f00b5-0aed-4c95-a51a-35bc02e979e3,
107,done,298609183501,draft-EE95DC4F-AC86-4245-A320-E074CEDFC83E,football,2026 Topps Rhamondre Stevenson Football Parallel Patriots #141,2026 Topps Rhamondre Stevenson Football Parallel #141,2026 Topps Rhamondre Stevenson Football Parallel #141,72c44981-ccb4-4b7e-b5f5-8e5d4b413202,
108,done,298609174069,draft-C91997BD-740F-4DD3-B43C-55F4AE6BBC72,football,2026 Topps Sam Darnold Football Parallel Seahawks #177,2026 Topps Sam Darnold Football Parallel #177,2026 Topps Sam Darnold Football Parallel #177,fd69bf08-5d46-4b8a-a8b4-e4373d6c4ef2,
109,done,298609151725,draft-328D36C2-3C48-4E65-87C5-9E78A7116F10,football,2026 Topps Sam LaPorta Football Parallel Lions #221,2026 Topps Sam LaPorta Football Parallel #221,2026 Topps Sam LaPorta Football Parallel #221,9ea1c18b-374c-43a8-8efa-b81770d05746,
110,done,298609175233,draft-38A40282-1E0B-4637-A283-825C27170B41,football,2026 Topps Seth McGowan Football Parallel Colts #388,2026 Topps Seth McGowan Football Parallel #388,2026 Topps Seth McGowan Football Parallel #388,9ec6389c-1f6a-479e-99c2-2ce0ba062626,
111,done,298609174471,draft-F3FAC1C0-D540-4671-AE7D-85FD851A4696,football,2026 Topps Shedeur Sanders Football Parallel Browns #216,2026 Topps Shedeur Sanders Football Parallel #216,2026 Topps Shedeur Sanders Football Parallel #216,ebb5b962-eec0-436b-8cd1-7fbb42cd6229,
112,done,298609154035,draft-E41342C1-46DF-4D5C-B656-684CE90CE0E2,football,2026 Topps Terry McLaurin Football Parallel Commanders #200,2026 Topps Terry McLaurin Football Parallel #200,2026 Topps Terry McLaurin Football Parallel #200,b80ff4f3-5d49-45fd-a99c-d78483c4cbc0,
113,done,298609161959,draft-57CE91EF-9C39-4BA1-A788-6499081F4D46,football,2026 Topps Trevor Lawrence; Drake Maye; Justin Herbert Football Parallel Jaguars,2026 Topps Trevor Lawrence; Drake Maye; Justin Herbert Football Parallel,2026 Topps Trevor Lawrence; Drake Maye; Justin Herbert Football Parallel,c90d10ac-87ab-4576-9a44-aadba82cbae3,
114,done,298609185543,draft-010EB770-2B8A-41C3-9E7D-D976608A7C36,football,2026 Topps Ty Simpson Football Parallel Rams #302,2026 Topps Ty Simpson Football Parallel #302,2026 Topps Ty Simpson Football Parallel #302,9d12356c-7fcb-43a5-bf62-157d5880f256,
115,done,298609142203,draft-ADA259EE-132F-4259-8593-D47987143141,football,2026 Topps Tyrone Tracy Jr. Football Parallel Giants #152,2026 Topps Tyrone Tracy Jr. Football Parallel #152,2026 Topps Tyrone Tracy Jr. Football Parallel #152,b0c19c66-30dc-4053-aed4-a7d789cfcc86,
116,done,298609161644,draft-71B0FABA-DD91-4F76-AFB2-8F70E2B3D3C1,football,2026 Topps Will Johnson Football Parallel Cardinals #6,2026 Topps Will Johnson Football Parallel #6,2026 Topps Will Johnson Football Parallel #6,a1b2d0cf-e8e2-45da-acfd-cac0b9dd1bf7,
117,done,298609160827,draft-03D6B043-23F7-4749-B41A-3C4E97A7AAD8,football,2026 Topps Woody Marks Football Parallel Texans #78,2026 Topps Woody Marks Football Parallel #78,2026 Topps Woody Marks Football Parallel #78,12484943-7481-4e2d-bae0-6481f2378682,
118,done,298609483265,,gold,2026 Topps Flagship Football Bo Nix Gold #/2026 Broncos #58,2026 Topps Flagship Football Bo Nix Gold #/2026 #58,2026 Topps Flagship Football Bo Nix Gold #/2026 #58,04455be6-e011-494d-9a5c-d5d15ba22c9a,
119,done,298606122765,cardlot-1787295884,gold,2026 Topps Football Adonai Mitchell Gold #/2026 Jets #247,2026 Topps Football Adonai Mitchell Gold #/2026 #247,2026 Topps Football Adonai Mitchell Gold #/2026 #247,4f7c8db1-05e8-4763-b843-f4bee5798a9c,
120,done,298643820173,cardlot-1788501649,gold,2026 Topps Football Bijan Robinson Gold #/2026 Falcons #12,2026 Topps Football Bijan Robinson Gold #/2026 #12,2026 Topps Football Bijan Robinson Gold #/2026 #12,dc9d5646-82c1-4222-99b2-0bd8221031d5,
121,done,298605930851,cardlot-1787288537,gold,2026 Topps Football Carson Beck Gold #/2026 RC Cardinals #305,2026 Topps Football Carson Beck Gold #/2026 RC #305,2026 Topps Football Carson Beck Gold #/2026 RC #305,cd2e2679-cb69-4eb1-809a-2093f582d08c,
122,done,298643811908,cardlot-1788501283,gold,2026 Topps Football Chase Young Gold #/2026 Saints #244,2026 Topps Football Chase Young Gold #/2026 #244,2026 Topps Football Chase Young Gold #/2026 #244,f8e769d6-bb0d-4a09-8556-d34265916962,
123,done,298609168217,cardlot-1787452395,gold,2026 Topps Football Chimere Dike Gold #/2026 Titans #192,2026 Topps Football Chimere Dike Gold #/2026 #192,2026 Topps Football Chimere Dike Gold #/2026 #192,ccb6fbdf-c894-4f76-b851-2b3166067cf3,
124,done,298606479557,cardlot-1787306557,gold,2026 Topps Football Green Bay Packers Gold #/2026 Packers #297,2026 Topps Football Gold #/2026 #297,2026 Topps Football Gold #/2026 #297,7fd0a5be-a82c-42a9-a68f-fa53e28940cb,
125,done,298643809720,cardlot-1788501130,gold,2026 Topps Football Jalen Ramsey Gold #/2026 Steelers #172,2026 Topps Football Jalen Ramsey Gold #/2026 #172,2026 Topps Football Jalen Ramsey Gold #/2026 #172,12e58aaf-2e20-402a-a479-8aaec9605ccd,
126,done,298606478351,cardlot-1787306472,gold,2026 Topps Football Jaylon Johnson Gold #/2026 Bears #38,2026 Topps Football Jaylon Johnson Gold #/2026 #38,2026 Topps Football Jaylon Johnson Gold #/2026 #38,aa9f3cd9-95ad-4169-b8a0-029372096fdc,
127,done,298628448129,cardlot-1788069755,gold,2026 Topps Football Jeremiyah Love Gold #/2026 RC Cardinals #309,2026 Topps Football Jeremiyah Love Gold #/2026 RC #309,2026 Topps Football Jeremiyah Love Gold #/2026 RC #309,bd18212f-1e45-4c44-811b-68e73fe31fab,
128,done,298643813690,cardlot-1788501442,gold,2026 Topps Football Jonathan Greenard Gold #/2026 Vikings #239,2026 Topps Football Jonathan Greenard Gold #/2026 #239,2026 Topps Football Jonathan Greenard Gold #/2026 #239,47a09e41-1b20-4ea1-969c-1e9db3a72ddd,
129,done,298643790438,cardlot-1788500839,gold,2026 Topps Football Josh Cameron Gold #/2026 RC Jaguars #387,2026 Topps Football Josh Cameron Gold #/2026 RC #387,2026 Topps Football Josh Cameron Gold #/2026 RC #387,c05607d4-456a-447e-b68f-dcc5b4e5cd6c,
130,done,298643803080,cardlot-1788501064,gold,2026 Topps Football Mark Andrews Gold #/2026 Ravens #15,2026 Topps Football Mark Andrews Gold #/2026 #15,2026 Topps Football Mark Andrews Gold #/2026 #15,f670542e-5887-4fa7-a929-98edbfc881ec,
131,done,298643814796,cardlot-1788501497,gold,2026 Topps Football Mason Graham Gold #/2026 Browns #50,2026 Topps Football Mason Graham Gold #/2026 #50,2026 Topps Football Mason Graham Gold #/2026 #50,763a86bf-195d-4cf7-8087-222b520d4759,
132,done,298643790968,cardlot-1788500935,gold,2026 Topps Football Michael Wilson Gold #/2026 Cardinals #202,2026 Topps Football Michael Wilson Gold #/2026 #202,2026 Topps Football Michael Wilson Gold #/2026 #202,7cd27be8-97d2-4b99-9967-1c6dcdfe5178,
133,done,298643812259,cardlot-1788501346,gold,2026 Topps Football Milton Williams Gold #/2026 Patriots #142,2026 Topps Football Milton Williams Gold #/2026 #142,2026 Topps Football Milton Williams Gold #/2026 #142,51b900df-cfbb-4e49-9cb7-50ed0c29e41b,
134,done,298606121379,cardlot-1787295772,gold,2026 Topps Football Rashee Rice Gold #/2026 Chiefs #101,2026 Topps Football Rashee Rice Gold #/2026 #101,2026 Topps Football Rashee Rice Gold #/2026 #101,aa3b7cd6-c48c-43fb-ad72-b5394792df25,
135,done,298606122080,cardlot-1787295830,gold,2026 Topps Football Rhamondre Stevenson Gold #/2026 Patriots #141,2026 Topps Football Rhamondre Stevenson Gold #/2026 #141,2026 Topps Football Rhamondre Stevenson Gold #/2026 #141,7b4aa523-c9b9-4312-8436-b79c6672ef00,
136,done,298643796321,cardlot-1788501004,gold,2026 Topps Football Travis Etienne Jr. Gold #/2026 Saints #93,2026 Topps Football Travis Etienne Jr. Gold #/2026 #93,2026 Topps Football Travis Etienne Jr. Gold #/2026 #93,35289047-f8f5-4245-adab-cfeff69c19d0,
137,done,298606123722,cardlot-1787295957,gold,2026 Topps Football TreVeyon Henderson Gold #/2026 Patriots #135,2026 Topps Football TreVeyon Henderson Gold #/2026 #135,2026 Topps Football TreVeyon Henderson Gold #/2026 #135,dd0c1e95-40c0-46ad-aea8-23760d1a3b9a,
138,done,298609166874,cardlot-1787452337,gold,2026 Topps Football Tua Tagovailoa Gold #/2026 Falcons #126,2026 Topps Football Tua Tagovailoa Gold #/2026 #126,2026 Topps Football Tua Tagovailoa Gold #/2026 #126,62b8972a-920d-47ca-b707-27a69b525049,
139,done,298609170815,cardlot-1787452469,gold,2026 Topps Football Will Campbell Gold #/2026 Patriots #137,2026 Topps Football Will Campbell Gold #/2026 #137,2026 Topps Football Will Campbell Gold #/2026 #137,a4cc1933-3095-4737-927f-a4ea648e4b51,
140,done,298617082212,cardlot-1787731192,holo,2026 Topps Football A.J. Brown Holo Foil Eagles #169,2026 Topps Football A.J. Brown Holo Foil #169,2026 Topps Football A.J. Brown Holo Foil #169,1a4ebf78-9908-42aa-93c1-aff4b49a5206,
141,done,298608224807,cardlot-1787388650,holo,2026 Topps Football Aaron Rodgers Aqua Holo Foil Steelers #173,2026 Topps Football Aaron Rodgers Aqua Holo Foil #173,2026 Topps Football Aaron Rodgers Aqua Holo Foil #173,4500670f-5217-4f52-bf64-56834729b416,
142,done,298609504405,cardlot-1787478698,holo,2026 Topps Football Adonai Mitchell Pink Holo Foil Jets #247,2026 Topps Football Adonai Mitchell Pink Holo Foil #247,2026 Topps Football Adonai Mitchell Pink Holo Foil #247,20171bbf-fc29-40bc-aa7f-551700e1bc5b,
143,done,298646802219,cardlot-1788585766,holo,2026 Topps Football Aidan Hutchinson; Brian Burns; Micah Parsons Pink Holo Foil,2026 Topps Football Aidan Hutchinson; Brian Burns; Micah Parsons Pink Holo Foil,2026 Topps Football Aidan Hutchinson; Brian Burns; Micah Parsons Pink Holo Foil,a7838f47-5756-450c-978c-d035df290b7d,
144,done,298616985997,cardlot-1787729743,holo,2026 Topps Football Akheem Mesidor Holo Foil RC Chargers #345,2026 Topps Football Akheem Mesidor Holo Foil RC #345,2026 Topps Football Akheem Mesidor Holo Foil RC #345,259ce10f-24cd-4539-a990-9dc86816e7c4,
145,done,298617044087,cardlot-1787730634,holo,2026 Topps Football Alvin Kamara Holo Foil Saints #149,2026 Topps Football Alvin Kamara Holo Foil #149,2026 Topps Football Alvin Kamara Holo Foil #149,06af709f-0a5e-4f7f-96fb-da2193eee07e,
146,done,298646733409,cardlot-1788583693,holo,2026 Topps Football Baker Mayfield Holo Foil Buccaneers #190,2026 Topps Football Baker Mayfield Holo Foil #190,2026 Topps Football Baker Mayfield Holo Foil #190,b4f19c0a-fec4-4962-8742-0d4124b8d90c,
147,done,298617100930,cardlot-1787731503,holo,2026 Topps Football Brandon Aubrey Holo Foil Cowboys #52,2026 Topps Football Brandon Aubrey Holo Foil #52,2026 Topps Football Brandon Aubrey Holo Foil #52,6ecb1c61-19cb-401e-8e1c-5566c1483229,
148,done,298646751028,cardlot-1788583871,holo,2026 Topps Football Buffalo Bills Holo Foil Bills #292,2026 Topps Football Holo Foil #292,2026 Topps Football Holo Foil #292,539a85c5-b26b-4085-87f0-5c666b9826f6,
149,done,298646728311,cardlot-1788583399,holo,2026 Topps Football CJ Stroud Holo Foil Texans #80,2026 Topps Football CJ Stroud Holo Foil #80,2026 Topps Football CJ Stroud Holo Foil #80,26b60b39-ef5b-4190-a4bd-a756c090b84b,
150,done,298609503811,cardlot-1787478621,holo,2026 Topps Football Cam Skattebo Pink Holo Foil Giants #268,2026 Topps Football Cam Skattebo Pink Holo Foil #268,2026 Topps Football Cam Skattebo Pink Holo Foil #268,0d26a0bb-ec44-491d-af3a-8062ece32ae1,
151,done,298646805570,cardlot-1788585965,holo,2026 Topps Football Cameron Heyward Pink Holo Foil Steelers #253,2026 Topps Football Cameron Heyward Pink Holo Foil #253,2026 Topps Football Cameron Heyward Pink Holo Foil #253,df70e587-f0e6-423c-83b9-1bc796438764,
152,done,298643821061,cardlot-1788501730,holo,2026 Topps Football Chase Young Aqua Holo Foil Saints #244,2026 Topps Football Chase Young Aqua Holo Foil #244,2026 Topps Football Chase Young Aqua Holo Foil #244,5a33cce5-31c8-4459-b86d-9fe5b4fa3000,
153,done,298616982110,cardlot-1787729673,holo,2026 Topps Football Chris Bell Holo Foil RC Dolphins #324,2026 Topps Football Chris Bell Holo Foil RC #324,2026 Topps Football Chris Bell Holo Foil RC #324,d98f7978-a6af-4339-8b05-6ad01a46eebf,
154,done,298646806832,cardlot-1788586024,holo,2026 Topps Football Cooper DeJean Pink Holo Foil Eagles #163,2026 Topps Football Cooper DeJean Pink Holo Foil #163,2026 Topps Football Cooper DeJean Pink Holo Foil #163,29f3446e-f008-40ad-9b0a-bcf54b6e1a7d,
155,done,298617020616,cardlot-1787730333,holo,2026 Topps Football DK Metcalf Holo Foil Steelers #175,2026 Topps Football DK Metcalf Holo Foil #175,2026 Topps Football DK Metcalf Holo Foil #175,f0bafcad-2e31-4af0-9fd1-8c60b5484eee,
156,done,298617114067,cardlot-1787731717,holo,2026 Topps Football DaRon Bland Holo Foil Cowboys #218,2026 Topps Football DaRon Bland Holo Foil #218,2026 Topps Football DaRon Bland Holo Foil #218,b9f7cbed-2daa-464e-8642-01e6e5cfc2d4,
157,done,298646728704,cardlot-1788583443,holo,2026 Topps Football Dak Prescott Holo Foil Cowboys #53,2026 Topps Football Dak Prescott Holo Foil #53,2026 Topps Football Dak Prescott Holo Foil #53,3b9f9baa-becf-46ee-b3f8-cc7dfcc17e15,
158,done,298617024845,cardlot-1787730418,holo,2026 Topps Football Dallas Cowboys Holo Foil Cowboys #272,2026 Topps Football Holo Foil #272,2026 Topps Football Holo Foil #272,635ec81d-0668-4d4a-b96c-b2f0b56b5862,
159,done,298646808780,cardlot-1788586131,holo,2026 Topps Football De'Von Achane Pink Holo Foil Dolphins #127,2026 Topps Football De'Von Achane Pink Holo Foil #127,2026 Topps Football De'Von Achane Pink Holo Foil #127,7deea657-5408-44a2-8ef7-f5373903e067,
160,done,298643822317,cardlot-1788501799,holo,2026 Topps Football Derrick Brown Aqua Holo Foil Panthers #227,2026 Topps Football Derrick Brown Aqua Holo Foil #227,2026 Topps Football Derrick Brown Aqua Holo Foil #227,253c0952-98e5-4b0c-b583-e38cea2c7d79,
161,done,298646727553,cardlot-1788583330,holo,2026 Topps Football Eli Heidenreich Holo Foil RC Steelers #398,2026 Topps Football Eli Heidenreich Holo Foil RC #398,2026 Topps Football Eli Heidenreich Holo Foil RC #398,ac5b4dde-9bbf-4237-8008-3f026473a71c,
162,done,298616995860,cardlot-1787729922,holo,2026 Topps Football Eli Stowers Holo Foil RC Eagles #339,2026 Topps Football Eli Stowers Holo Foil RC #339,2026 Topps Football Eli Stowers Holo Foil RC #339,b170c4f1-fb86-489a-9c9c-924a184f25bd,
163,done,298608954819,cardlot-1787436136,holo,2026 Topps Football Emeka Egbuka Pink Holo Foil Buccaneers #261,2026 Topps Football Emeka Egbuka Pink Holo Foil #261,2026 Topps Football Emeka Egbuka Pink Holo Foil #261,723b5843-a8e3-44f3-a03b-0cc8089fd2d2,
164,done,298646725498,cardlot-1788583173,holo,2026 Topps Football Emmanuel Henderson Jr. Holo Foil RC Seahawks #392,2026 Topps Football Emmanuel Henderson Jr. Holo Foil RC #392,2026 Topps Football Emmanuel Henderson Jr. Holo Foil RC #392,b8237309-6efe-4548-8623-c56f06fd9027,
165,done,298617002264,cardlot-1787730024,holo,2026 Topps Football Francis Mauigoa Holo Foil RC Giants #373,2026 Topps Football Francis Mauigoa Holo Foil RC #373,2026 Topps Football Francis Mauigoa Holo Foil RC #373,f59ec4ef-f18b-45e7-a3a4-e438687208fe,
166,done,298616990777,cardlot-1787729824,holo,2026 Topps Football Germie Bernard Holo Foil RC Steelers #325,2026 Topps Football Germie Bernard Holo Foil RC #325,2026 Topps Football Germie Bernard Holo Foil RC #325,0b015324-8f5c-4c4b-842a-88682d28a271,
167,done,298646730774,cardlot-1788583510,holo,2026 Topps Football Green Bay Packers Holo Foil Packers #297,2026 Topps Football Holo Foil #297,2026 Topps Football Holo Foil #297,4b4ab77e-099f-489c-bd9b-89dc0d799fd5,
168,done,298617093143,cardlot-1787731339,holo,2026 Topps Football Isiah Pacheco Holo Foil Lions #103,2026 Topps Football Isiah Pacheco Holo Foil #103,2026 Topps Football Isiah Pacheco Holo Foil #103,2aca1546-c20e-4599-ab6c-3575fa39bc03,
169,done,298646807397,cardlot-1788586075,holo,2026 Topps Football Isiah Pacheco Pink Holo Foil Lions #103,2026 Topps Football Isiah Pacheco Pink Holo Foil #103,2026 Topps Football Isiah Pacheco Pink Holo Foil #103,af346ae7-ff1e-4f66-8997-040b1e6d5ba8,
170,done,298617033924,cardlot-1787730582,holo,2026 Topps Football Jake Ferguson Holo Foil Cowboys #55,2026 Topps Football Jake Ferguson Holo Foil #55,2026 Topps Football Jake Ferguson Holo Foil #55,cda68e09-7dc1-43ce-8868-4834c68033c4,
171,done,298617060829,cardlot-1787730751,holo,2026 Topps Football James Cook Holo Foil Bills #25,2026 Topps Football James Cook Holo Foil #25,2026 Topps Football James Cook Holo Foil #25,70c2c933-34ea-46e9-8bac-ca1969979d0e,
172,done,298617096826,cardlot-1787731425,holo,2026 Topps Football Jameson Williams Holo Foil Lions #67,2026 Topps Football Jameson Williams Holo Foil #67,2026 Topps Football Jameson Williams Holo Foil #67,5901d139-4c51-4850-91e0-15bd3586587c,
173,done,298646804080,cardlot-1788585903,holo,2026 Topps Football Joe Thuney Pink Holo Foil Bears #213,2026 Topps Football Joe Thuney Pink Holo Foil #213,2026 Topps Football Joe Thuney Pink Holo Foil #213,6f262190-759e-4666-9ad2-c92fa5ecf5f2,
174,done,298617064893,cardlot-1787730808,holo,2026 Topps Football Jordan Addison Holo Foil Vikings #132,2026 Topps Football Jordan Addison Holo Foil #132,2026 Topps Football Jordan Addison Holo Foil #132,ea99fb27-d5b7-4675-8182-1e0a1bf5842b,
175,done,298646800757,cardlot-1788585683,holo,2026 Topps Football Jordan Addison Pink Holo Foil Vikings #132,2026 Topps Football Jordan Addison Pink Holo Foil #132,2026 Topps Football Jordan Addison Pink Holo Foil #132,f96ecddb-e091-4714-8871-91cc88f73b0d,
176,done,298617010655,cardlot-1787730206,holo,2026 Topps Football Jordan Love Holo Foil Packers #76,2026 Topps Football Jordan Love Holo Foil #76,2026 Topps Football Jordan Love Holo Foil #76,3bd61574-e76f-4bcf-bea7-666a7c5db9fd,
177,done,298609467167,cardlot-1787476129,holo,2026 Topps Football Josh Allen Green Holo Foil #/99 Bills #22,2026 Topps Football Josh Allen Green Holo Foil #/99 #22,2026 Topps Football Josh Allen Green Holo Foil #/99 #22,937b1d1d-2c81-4f1f-b2e6-4f86c0d481f1,
178,done,298646732490,cardlot-1788583574,holo,2026 Topps Football Kansas City Chiefs Holo Foil Chiefs #291,2026 Topps Football Holo Foil #291,2026 Topps Football Holo Foil #291,6b3cf211-5c07-488f-a3e9-fed675bca773,
179,done,298617109475,cardlot-1787731652,holo,2026 Topps Football Kayshon Boutte Holo Foil Patriots #242,2026 Topps Football Kayshon Boutte Holo Foil #242,2026 Topps Football Kayshon Boutte Holo Foil #242,636b37b2-c6f5-4b4f-a771-d0298dfadf0f,
180,done,298646735399,cardlot-1788583745,holo,2026 Topps Football Luther Burden III Holo Foil Bears #34,2026 Topps Football Luther Burden III Holo Foil #34,2026 Topps Football Luther Burden III Holo Foil #34,9bed92fb-f4a8-48dd-a4c0-acc9aea45b3c,
181,done,298617029367,cardlot-1787730499,holo,2026 Topps Football Pat Surtain II Holo Foil Broncos #60,2026 Topps Football Pat Surtain II Holo Foil #60,2026 Topps Football Pat Surtain II Holo Foil #60,de05b58f-c3b3-4f1f-b87b-badb9cab4dc4,
182,done,298617071045,cardlot-1787730952,holo,2026 Topps Football Pete Werner Holo Foil Saints #44,2026 Topps Football Pete Werner Holo Foil #44,2026 Topps Football Pete Werner Holo Foil #44,06bd35c5-4605-49f7-9d55-e2eecb97fd5a,
183,done,298646802896,cardlot-1788585826,holo,2026 Topps Football Pete Werner Pink Holo Foil Saints #44,2026 Topps Football Pete Werner Pink Holo Foil #44,2026 Topps Football Pete Werner Pink Holo Foil #44,59d4692e-1748-4990-ae60-1b3eda66d18f,
184,done,298617105310,cardlot-1787731581,holo,2026 Topps Football Romeo Doubs Holo Foil Patriots #74,2026 Topps Football Romeo Doubs Holo Foil #74,2026 Topps Football Romeo Doubs Holo Foil #74,c7056ab5-5ebe-4bef-94a6-793dfa790542,
185,done,298608953518,cardlot-1787436056,holo,2026 Topps Football Saquon Barkley Pink Holo Foil Eagles #164,2026 Topps Football Saquon Barkley Pink Holo Foil #164,2026 Topps Football Saquon Barkley Pink Holo Foil #164,3f4fe438-8e85-4d0a-8bf4-112d91c49b9c,
186,done,298608950275,cardlot-1787435954,holo,2026 Topps Football Seattle Seahawks Pink Holo Foil Seahawks #277,2026 Topps Football Pink Holo Foil #277,2026 Topps Football Pink Holo Foil #277,3edeccb5-7689-439a-b69d-35876e14aecf,
187,done,298617076579,cardlot-1787731060,holo,2026 Topps Football Shemar Stewart Holo Foil Bengals #215,2026 Topps Football Shemar Stewart Holo Foil #215,2026 Topps Football Shemar Stewart Holo Foil #215,dd650e41-f223-4898-9bb0-ee8fa40a74d0,
188,done,298616978596,cardlot-1787729588,holo,2026 Topps Football Skyler Bell Holo Foil RC Bills #327,2026 Topps Football Skyler Bell Holo Foil RC #327,2026 Topps Football Skyler Bell Holo Foil RC #327,0df05f3a-0484-4686-9a6b-42cc85b55c9c,
189,done,298646732860,cardlot-1788583622,holo,2026 Topps Football Tetairoa McMillan Holo Foil Panthers #269,2026 Topps Football Tetairoa McMillan Holo Foil #269,2026 Topps Football Tetairoa McMillan Holo Foil #269,d0ddb524-96e9-4ead-9d6c-16678518456e,
190,done,298617014360,cardlot-1787730268,holo,2026 Topps Football Trevor Lawrence Holo Foil Jaguars #94,2026 Topps Football Trevor Lawrence Holo Foil #94,2026 Topps Football Trevor Lawrence Holo Foil #94,d03e194f-e8be-44d3-a6c1-18e6a2aeefa0,
191,done,298646744836,cardlot-1788583819,holo,2026 Topps Football Trevor Lawrence; Drake Maye; Justin Herbert Holo Foil Jaguar,2026 Topps Football Trevor Lawrence; Drake Maye; Justin Herbert Holo Foil Jaguar,2026 Topps Football Trevor Lawrence; Drake Maye; Justin Herbert Holo Foil Jaguar,7b97ef39-a3e6-43a2-83a0-2660929dbb05,
192,done,298617067462,cardlot-1787730862,holo,2026 Topps Football Will Johnson Holo Foil Cardinals #6,2026 Topps Football Will Johnson Holo Foil #6,2026 Topps Football Will Johnson Holo Foil #6,72d32310-68d0-4658-a0bc-e87b6266fec7,
193,done,298617079590,cardlot-1787731129,holo,2026 Topps Football Zach Charbonnet Holo Foil Seahawks #252,2026 Topps Football Zach Charbonnet Holo Foil #252,2026 Topps Football Zach Charbonnet Holo Foil #252,6b796021-5861-4ec6-b190-0cb70eabfbdc,
194,done,298646726495,cardlot-1788583268,holo,2026 Topps Football Zavion Thomas Holo Foil RC Bears #367,2026 Topps Football Zavion Thomas Holo Foil RC #367,2026 Topps Football Zavion Thomas Holo Foil RC #367,300286b4-5a5b-4e1a-8272-b05e81a3307a,
195,done,298617073799,cardlot-1787731006,holo,2026 Topps Football Zay Flowers Holo Foil Ravens #14,2026 Topps Football Zay Flowers Holo Foil #14,2026 Topps Football Zay Flowers Holo Foil #14,af3f568b-e2f1-44f0-9227-c6db0fcea7c6,
196,done,298609470822,cardlot-1787476285,other,2026 Topps Football Brian Thomas Jr. Football Green #/99 Jaguars #92,2026 Topps Football Brian Thomas Jr. Football Green #/99 #92,2026 Topps Football Brian Thomas Jr. Football Green #/99 #92,27fd0e28-99e2-446b-a411-9df67b355d85,
197,done,298606450419,cardlot-1787305268,other,2026 Topps Football Isaac TeSlaa Silver Crackle Foil Lions #64,2026 Topps Football Isaac TeSlaa Silver Crackle Foil #64,2026 Topps Football Isaac TeSlaa Silver Crackle Foil #64,4096b78f-9ed1-44ef-b406-066a05b3999e,
198,done,298609135535,cardlot-1787450084,other,2026 Topps Football James Conner Team Color Border Cardinals #3,2026 Topps Football James Conner Team Color Border #3,2026 Topps Football James Conner Team Color Border #3,ea150bce-db51-45da-8e4c-67a6f75973b2,
199,done,298628474846,cardlot-1788070769,other,2026 Topps Football Pat Bryant Football Green #/99 Broncos #219,2026 Topps Football Pat Bryant Football Green #/99 #219,2026 Topps Football Pat Bryant Football Green #/99 #219,b0e1ec42-2a13-44ad-84bf-69d92bbb6d05,
200,done,298620101172,cardlot-1787809937,other,2026 Topps Zion Young Football Black #/10 RC #360 Ravens,2026 Topps Zion Young Football Black #/10 RC #360,2026 Topps Zion Young Football Black #/10 RC #360,9daa1733-d2ea-48ab-a718-34683c6a5771,
201,done,298606129934,cardlot-1787296118,rainbow,2026 Topps Football Aidan Hutchinson Rainbow Foil Lions #69,2026 Topps Football Aidan Hutchinson Rainbow Foil #69,2026 Topps Football Aidan Hutchinson Rainbow Foil #69,edfbbc18-fcca-4e4a-bc69-c47aad51a03a,
202,done,298614185859,cardlot-1787649907,rainbow,2026 Topps Football Aidan Hutchinson; Brian Burns; Micah Parsons Rainbow Foil Li,2026 Topps Football Aidan Hutchinson; Brian Burns; Micah Parsons Rainbow Foil Li,2026 Topps Football Aidan Hutchinson; Brian Burns; Micah Parsons Rainbow Foil Li,65b94bd1-7b71-4167-8913-51a928f55a30,
203,done,298614130167,cardlot-1787647935,rainbow,2026 Topps Football Anthony Hill Jr. Rainbow Foil RC Titans #389,2026 Topps Football Anthony Hill Jr. Rainbow Foil RC #389,2026 Topps Football Anthony Hill Jr. Rainbow Foil RC #389,5c6eec1f-01a6-4bbe-b8db-9b67615bf126,
204,done,298646657297,cardlot-1788580911,rainbow,2026 Topps Football Antonio Williams Rainbow Foil RC Commanders #328,2026 Topps Football Antonio Williams Rainbow Foil RC #328,2026 Topps Football Antonio Williams Rainbow Foil RC #328,a9dcd6fe-cd5d-40a1-9da2-3677d2c199d1,
205,done,298646686635,cardlot-1788581841,rainbow,2026 Topps Football Breece Hall Rainbow Foil Jets #162,2026 Topps Football Breece Hall Rainbow Foil #162,2026 Topps Football Breece Hall Rainbow Foil #162,872da3e9-63f9-411b-9f5f-90da7c269354,
206,done,298614140233,cardlot-1787648364,rainbow,2026 Topps Football Bryce Boettcher Rainbow Foil RC Colts #371,2026 Topps Football Bryce Boettcher Rainbow Foil RC #371,2026 Topps Football Bryce Boettcher Rainbow Foil RC #371,a95370ed-eeb7-4ac5-bf60-452e6c7594a9,
207,done,298646660551,cardlot-1788581263,rainbow,2026 Topps Football Bryce Young Rainbow Foil Panthers #29,2026 Topps Football Bryce Young Rainbow Foil #29,2026 Topps Football Bryce Young Rainbow Foil #29,888dc89a-27f1-4771-b729-e02bb2f8d37e,
208,done,298614154502,cardlot-1787649012,rainbow,2026 Topps Football Buffalo Bills Rainbow Foil Bills #292,2026 Topps Football Rainbow Foil #292,2026 Topps Football Rainbow Foil #292,3759a748-689c-4624-9e04-e9c05d14b554,
209,done,298646650908,cardlot-1788580666,rainbow,2026 Topps Football CJ Williams Rainbow Foil RC Jaguars #394,2026 Topps Football CJ Williams Rainbow Foil RC #394,2026 Topps Football CJ Williams Rainbow Foil RC #394,69fa33c2-da0f-474b-bcc4-cd129e6426d1,
210,done,298614148281,cardlot-1787648703,rainbow,2026 Topps Football CeeDee Lamb Rainbow Foil Cowboys #54,2026 Topps Football CeeDee Lamb Rainbow Foil #54,2026 Topps Football CeeDee Lamb Rainbow Foil #54,8f0cbd37-e0c3-402d-90fb-bfe1e5c675cd,
211,done,298614138791,cardlot-1787648268,rainbow,2026 Topps Football Chris McClellan Rainbow Foil RC Packers #366,2026 Topps Football Chris McClellan Rainbow Foil RC #366,2026 Topps Football Chris McClellan Rainbow Foil RC #366,7179fc3c-4113-49d4-b048-6dc67a379228,
212,done,298614182305,cardlot-1787649677,rainbow,2026 Topps Football Chuba Hubbard Rainbow Foil Panthers #28,2026 Topps Football Chuba Hubbard Rainbow Foil #28,2026 Topps Football Chuba Hubbard Rainbow Foil #28,bf7fd82c-0d7e-45f0-8b19-1b7110e2c111,
213,done,298614137774,cardlot-1787648181,rainbow,2026 Topps Football Colbie Young Rainbow Foil RC Bengals #372,2026 Topps Football Colbie Young Rainbow Foil RC #372,2026 Topps Football Colbie Young Rainbow Foil RC #372,c5515242-cb4e-4e38-ac7c-90d99b836adf,
214,done,298614151155,cardlot-1787648843,rainbow,2026 Topps Football Colston Loveland Rainbow Foil Bears #270,2026 Topps Football Colston Loveland Rainbow Foil #270,2026 Topps Football Colston Loveland Rainbow Foil #270,cc56ae69-4d18-4e83-80df-9ce42f9d6a72,
215,done,298614181297,cardlot-1787649616,rainbow,2026 Topps Football Cooper DeJean Rainbow Foil Eagles #163,2026 Topps Football Cooper DeJean Rainbow Foil #163,2026 Topps Football Cooper DeJean Rainbow Foil #163,73d5faf4-db3f-4d81-9cd7-86afaa9d7643,
216,done,298614174306,cardlot-1787649288,rainbow,2026 Topps Football D'Andre Swift Rainbow Foil Bears #37,2026 Topps Football D'Andre Swift Rainbow Foil #37,2026 Topps Football D'Andre Swift Rainbow Foil #37,ac2b19bc-c046-4241-98e3-15457d8ac8ec,
217,done,298646659574,cardlot-1788581212,rainbow,2026 Topps Football Dak Prescott Rainbow Foil Cowboys #53,2026 Topps Football Dak Prescott Rainbow Foil #53,2026 Topps Football Dak Prescott Rainbow Foil #53,1db3e4fb-58b8-4e31-b5d0-490cff3f76d6,
218,done,298606144075,cardlot-1787296259,rainbow,2026 Topps Football Demond Claiborne Rainbow Foil RC Vikings #316,2026 Topps Football Demond Claiborne Rainbow Foil RC #316,2026 Topps Football Demond Claiborne Rainbow Foil RC #316,ae780822-3ce5-4bc9-b9cb-a960a67e16f8,
219,done,298606146674,cardlot-1787296336,rainbow,2026 Topps Football Denzel Boston Rainbow Foil RC Browns #322,2026 Topps Football Denzel Boston Rainbow Foil RC #322,2026 Topps Football Denzel Boston Rainbow Foil RC #322,858bd0d8-4f05-4d14-927f-b3a23aa471e4,
220,done,298614157501,cardlot-1787649097,rainbow,2026 Topps Football Detroit Lions Rainbow Foil Lions #299,2026 Topps Football Rainbow Foil #299,2026 Topps Football Rainbow Foil #299,985915d1-6a6a-48e9-831c-d12685caa678,
221,done,298606125111,cardlot-1787296031,rainbow,2026 Topps Football Devon Witherspoon Rainbow Foil Seahawks #179,2026 Topps Football Devon Witherspoon Rainbow Foil #179,2026 Topps Football Devon Witherspoon Rainbow Foil #179,1e7b0928-484f-45c6-92fa-10415933c5d1,
222,done,298646658423,cardlot-1788581091,rainbow,2026 Topps Football Eli Stowers Rainbow Foil RC Eagles #339,2026 Topps Football Eli Stowers Rainbow Foil RC #339,2026 Topps Football Eli Stowers Rainbow Foil RC #339,4aa62849-111e-4161-8400-d365ab6a6f55,
223,done,298646680507,cardlot-1788581543,rainbow,2026 Topps Football Jameson Williams Rainbow Foil Lions #67,2026 Topps Football Jameson Williams Rainbow Foil #67,2026 Topps Football Jameson Williams Rainbow Foil #67,d8073883-11ee-4a71-81d1-9865f23df9bf,
224,done,298646685506,cardlot-1788581723,rainbow,2026 Topps Football Jared Verse Rainbow Foil Rams #231,2026 Topps Football Jared Verse Rainbow Foil #231,2026 Topps Football Jared Verse Rainbow Foil #231,00d04d85-33d8-4736-9052-34e1f81c402c,
225,done,298614145331,cardlot-1787648530,rainbow,2026 Topps Football Jaxson Dart Rainbow Foil Giants #266,2026 Topps Football Jaxson Dart Rainbow Foil #266,2026 Topps Football Jaxson Dart Rainbow Foil #266,21950df2-a20b-488e-bcba-95911b437394,
226,done,298609464122,cardlot-1787475906,rainbow,2026 Topps Football Jayden Daniels Rainbow Foil Commanders #196,2026 Topps Football Jayden Daniels Rainbow Foil #196,2026 Topps Football Jayden Daniels Rainbow Foil #196,27f4c526-03d4-4de3-a700-97b8a6f07120,
227,done,298614179617,cardlot-1787649521,rainbow,2026 Topps Football Jaylon Johnson Rainbow Foil Bears #38,2026 Topps Football Jaylon Johnson Rainbow Foil #38,2026 Topps Football Jaylon Johnson Rainbow Foil #38,6af21743-e106-42ea-869b-f7cf78d9ddd5,
228,done,298614186916,cardlot-1787649968,rainbow,2026 Topps Football Joe Thuney Rainbow Foil Bears #213,2026 Topps Football Joe Thuney Rainbow Foil #213,2026 Topps Football Joe Thuney Rainbow Foil #213,8bb153ac-3167-43b4-afb8-06b9b8e0ca24,
229,done,298646682617,cardlot-1788581662,rainbow,2026 Topps Football Jordan Addison Rainbow Foil Vikings #132,2026 Topps Football Jordan Addison Rainbow Foil #132,2026 Topps Football Jordan Addison Rainbow Foil #132,8b4b147b-6834-44b8-94c2-543a90a7ded3,
230,done,298646650188,cardlot-1788580592,rainbow,2026 Topps Football KC Concepcion Rainbow Foil RC Browns #323,2026 Topps Football KC Concepcion Rainbow Foil RC #323,2026 Topps Football KC Concepcion Rainbow Foil RC #323,09de9385-e20d-44cd-a8d7-581f4cafea03,
231,done,298614135950,cardlot-1787648027,rainbow,2026 Topps Football Keldric Faulk Rainbow Foil RC Titans #344,2026 Topps Football Keldric Faulk Rainbow Foil RC #344,2026 Topps Football Keldric Faulk Rainbow Foil RC #344,785f6a43-b249-4316-82c9-9ae22d6bec6c,
232,done,298614150193,cardlot-1787648788,rainbow,2026 Topps Football Kyle Hamilton Rainbow Foil Ravens #19,2026 Topps Football Kyle Hamilton Rainbow Foil #19,2026 Topps Football Kyle Hamilton Rainbow Foil #19,4240668c-dc4c-4593-bf30-d988b790f105,
233,done,298646651869,cardlot-1788580753,rainbow,2026 Topps Football Malachi Fields Rainbow Foil RC Giants #330,2026 Topps Football Malachi Fields Rainbow Foil RC #330,2026 Topps Football Malachi Fields Rainbow Foil RC #330,77152de9-42b4-40df-a3df-fc0b59bb91b7,
234,done,298614146443,cardlot-1787648603,rainbow,2026 Topps Football Michael Penix Jr. Rainbow Foil Falcons #8,2026 Topps Football Michael Penix Jr. Rainbow Foil #8,2026 Topps Football Michael Penix Jr. Rainbow Foil #8,b039244c-85ab-40c3-a4d3-7c632068d571,
235,done,298614184521,cardlot-1787649813,rainbow,2026 Topps Football Michael Wilson Rainbow Foil Cardinals #202,2026 Topps Football Michael Wilson Rainbow Foil #202,2026 Topps Football Michael Wilson Rainbow Foil #202,55b000d3-def0-49c6-b394-369c2f25a803,
236,done,298614137244,cardlot-1787648107,rainbow,2026 Topps Football Monroe Freeling Rainbow Foil RC Panthers #355,2026 Topps Football Monroe Freeling Rainbow Foil RC #355,2026 Topps Football Monroe Freeling Rainbow Foil RC #355,a09374ac-11c4-43f3-a86d-bb728dba4101,
237,done,298614123163,cardlot-1787647866,rainbow,2026 Topps Football Omar Cooper Jr. Rainbow Foil RC Jets #321,2026 Topps Football Omar Cooper Jr. Rainbow Foil RC #321,2026 Topps Football Omar Cooper Jr. Rainbow Foil RC #321,6eb9b513-9c8e-4ee6-acf0-a88c4ded0fb6,
238,done,298606151280,cardlot-1787296480,rainbow,2026 Topps Football Pat Surtain II Rainbow Foil Broncos #60,2026 Topps Football Pat Surtain II Rainbow Foil #60,2026 Topps Football Pat Surtain II Rainbow Foil #60,cf4ac719-e07f-44ab-aa25-b0d4422c1c00,
239,done,298614180713,cardlot-1787649567,rainbow,2026 Topps Football Quentin Johnston Rainbow Foil Chargers #111,2026 Topps Football Quentin Johnston Rainbow Foil #111,2026 Topps Football Quentin Johnston Rainbow Foil #111,24800341-2fa0-4be4-be0a-161ca71d3de9,
240,done,298614183926,cardlot-1787649771,rainbow,2026 Topps Football Quenton Nelson Rainbow Foil Colts #84,2026 Topps Football Quenton Nelson Rainbow Foil #84,2026 Topps Football Quenton Nelson Rainbow Foil #84,d70b37c3-933e-436e-a8c6-a59ef37a606b,
241,done,298646669106,cardlot-1788581390,rainbow,2026 Topps Football Quinshon Judkins / Theo Johnson Rainbow Foil Browns #267,2026 Topps Football Quinshon Judkins / Theo Johnson Rainbow Foil #267,2026 Topps Football Quinshon Judkins / Theo Johnson Rainbow Foil #267,8c76bdcb-87a0-46ae-9778-1976aebf0bb7,
242,done,298614187676,cardlot-1787650018,rainbow,2026 Topps Football Ricky Pearsall Rainbow Foil 49ers #182,2026 Topps Football Ricky Pearsall Rainbow Foil #182,2026 Topps Football Ricky Pearsall Rainbow Foil #182,ccf3476e-d69d-4867-aac9-2ba753578c9d,
243,done,298614143601,cardlot-1787648440,rainbow,2026 Topps Football Seth McGowan Rainbow Foil RC Colts #388,2026 Topps Football Seth McGowan Rainbow Foil RC #388,2026 Topps Football Seth McGowan Rainbow Foil RC #388,c3e5930d-4c14-4f1d-91ab-3b0dd4756ad3,
244,done,298646656140,cardlot-1788580833,rainbow,2026 Topps Football Skyler Bell Rainbow Foil RC Bills #327,2026 Topps Football Skyler Bell Rainbow Foil RC #327,2026 Topps Football Skyler Bell Rainbow Foil RC #327,b065c7b4-21ff-4350-962b-239e6f654e7c,
245,done,298614177695,cardlot-1787649357,rainbow,2026 Topps Football TreVeyon Henderson Rainbow Foil Patriots #135,2026 Topps Football TreVeyon Henderson Rainbow Foil #135,2026 Topps Football TreVeyon Henderson Rainbow Foil #135,52892124-a82c-4533-9d68-f7629d1ce732,
246,done,298606149154,cardlot-1787296405,rainbow,2026 Topps Football Tyler Shough Rainbow Foil Saints #145,2026 Topps Football Tyler Shough Rainbow Foil #145,2026 Topps Football Tyler Shough Rainbow Foil #145,95a8d3fc-a9ca-44c6-ab22-43a735d131e7,
247,done,298646657827,cardlot-1788580990,rainbow,2026 Topps Football Uar Bernard Rainbow Foil RC Eagles #400,2026 Topps Football Uar Bernard Rainbow Foil RC #400,2026 Topps Football Uar Bernard Rainbow Foil RC #400,0c3d727d-e61f-42d5-b484-9b1de72f16ac,
248,done,298614166578,cardlot-1787649180,rainbow,2026 Topps Football Will Campbell Rainbow Foil Patriots #137,2026 Topps Football Will Campbell Rainbow Foil #137,2026 Topps Football Will Campbell Rainbow Foil #137,1e309e6f-f73c-44d7-83c7-56383181b120,
249,done,298614183154,cardlot-1787649728,rainbow,2026 Topps Football Xavier McKinney Rainbow Foil Packers #223,2026 Topps Football Xavier McKinney Rainbow Foil #223,2026 Topps Football Xavier McKinney Rainbow Foil #223,c1991b64-ecad-46da-b73d-cc33afd79851,
250,done,298606153793,cardlot-1787296621,sandglitter,2026 Topps Football Abdul Carter Sandglitter Giants #150,2026 Topps Football Abdul Carter Sandglitter #150,2026 Topps Football Abdul Carter Sandglitter #150,c41b04bb-3a15-4efc-a2de-c6e0ce5aa73c,
251,done,298617155600,cardlot-1787732127,sandglitter,2026 Topps Football Drake London Sandglitter Falcons #11,2026 Topps Football Drake London Sandglitter #11,2026 Topps Football Drake London Sandglitter #11,6198053e-e248-4858-b810-45f2c9c4ff5e,
252,done,298617148650,cardlot-1787732027,sandglitter,2026 Topps Football Pete Werner Sandglitter Saints #44,2026 Topps Football Pete Werner Sandglitter #44,2026 Topps Football Pete Werner Sandglitter #44,3d22ec2a-5c46-44f9-a1aa-57a12379d8cf,
253,done,298617140038,cardlot-1787731921,sandglitter,2026 Topps Football RJ Harvey Sandglitter Broncos #59,2026 Topps Football RJ Harvey Sandglitter #59,2026 Topps Football RJ Harvey Sandglitter #59,0930ece8-f530-49b1-a3ea-a333e0a76740,
254,done,298605927366,cardlot-1787288404,sandglitter,2026 Topps Football Spencer Rattler Sandglitter Orange #/25 Saints #243,2026 Topps Football Spencer Rattler Sandglitter Orange #/25 #243,2026 Topps Football Spencer Rattler Sandglitter Orange #/25 #243,a4bbbe37-1080-46c4-9e1f-a36f68890d83,
255,done,298617159588,cardlot-1787732200,sandglitter,2026 Topps Football Talanoa Hufanga Sandglitter Broncos #220,2026 Topps Football Talanoa Hufanga Sandglitter #220,2026 Topps Football Talanoa Hufanga Sandglitter #220,25eb3467-8510-4274-bf52-2e3a508c2816,
256,done,298617118854,cardlot-1787731814,sandglitter,2026 Topps Football Will Johnson Sandglitter Cardinals #6,2026 Topps Football Will Johnson Sandglitter #6,2026 Topps Football Will Johnson Sandglitter #6,8049e81f-052b-40fe-87e0-d135a363e28f,
