title,player_guess,confidence,method,span_len,dict_freq
2025 Topps Update Diamante Pick List You Choose,,0.0,none,0,0
2025 Topps Update Series - BASE CARDS US1-175 - You Pick - Set Builder,,0.0,none,0,0
2025 Topps Update Series Base #US1-US350 Pick From List,,0.0,none,0,0
2025 Topps Update Sand Glitter Pick List You Choose,Sand Glitter,0.6,dict,2,193
2025 Topps Update Holo Foil Pick List You Choose,,0.0,none,0,0
2025 Topps Update Pink Diamante Pick List You Choose,Pink Diamante,0.6,dict,2,374
2025 Topps Update Series - BASE CARDS US1-175 - You Pick - Set Builder,,0.0,none,0,0
2025 Topps Update Series Base #US1-US350 Pick From List,,0.0,none,0,0
"2025 Topps Update RC Rookie #US97 BRANDON YOUNG ORIOLES ""3-card lot""",BRANDON YOUNG ORIOLES,0.6,heuristic,3,0
2025 Topps Update Series - Brandon Young #US97 (RC) 2 Card Rookie Lot,Brandon Young,0.6,dict,2,133
Lot Of 5 - 2025 Topps Update - Brandon Young  - RC #US97 -Next Day Ship,Brandon Young,0.6,dict,2,133
Brandon Young 2025 Topps Update #US97/Heritage #676 RC Baltimore 2-Card Lot,Brandon Young,0.6,dict,2,133
2025 Topps Update Brandon Young Rookie RC 5-Card Player Lot #US97 Orioles,Brandon Young,0.6,dict,2,133
2025 Topps Update Base Cards (US1-US175) YOU PICK FROM LIST COMPLETE YOUR SET,,0.0,none,0,0
2025 Topps Update Diamante Pick List You Choose,,0.0,none,0,0
2025 Topps Update Rookie Lot of 5 RC- Brandon Young,Brandon Young,0.6,dict,2,133
2025 Topps Update Series - BASE CARDS US1-175 - You Pick - Set Builder,,0.0,none,0,0
2025 Topps Update - Brandon Young  - Orioles - #US97 - LOT OF 25,Brandon Young Orioles,0.6,dict,3,2
2025 Topps Update J.C. Escarra Rookie RC 5-Card Player Lot #US96 Yankees,,0.0,none,0,0
2025 Topps Update Series 5 card lot- J.C. Escarra RC,,0.0,none,0,0
2025 Topps Update Diamante Pick List You Choose,,0.0,none,0,0
2025 Topps Update Orange & Black Halloween Foil Pick List You Choose,Orange Black Halloween,0.75,dict,3,9
2025 Topps Update - Rookie Cards / Combos / Team Cards Set Builder - You Pick!,Combos Team,0.3,heuristic,2,0
2025 Topps Update Series - BASE CARDS US1-175 - You Pick - Set Builder,,0.0,none,0,0
2025 Topps Update - (10) COUNT BASE & ROOKIE CARD LOTS - #s US1-US200 - U PICK,,0.0,none,0,0
2025 Topps Update Series Base #US1-US350 Pick From List,,0.0,none,0,0
2025 Topps Update Baseball ⚾️ - PARALLELS - You choose the card!,,0.0,none,0,0
2025 Topps Update Diamante Pick List You Choose,,0.0,none,0,0
2025 Topps Update Series - BASE CARDS US1-175 - You Pick - Set Builder,,0.0,none,0,0
2025 Topps Update Holo Foil Pick List You Choose,,0.0,none,0,0
2025 Topps Update Adael Amador Rookie Debut 5-Card Player Lot #US94 Rockies,Adael Amador,0.6,dict,2,84
2025 Topps Update Diamante Pick List You Choose,,0.0,none,0,0
2025 Topps Update Adael Amador RC Rookie Debut Lot x8 Rockies US94,Adael Amador,0.6,dict,2,84
2025 Topps Update Adael Amador Rookie Debut 6 Card Lot,Adael Amador,0.6,dict,2,84
2025 Topps Update Pink Holo Foil Pick List You Choose,,0.0,none,0,0
2025 Topps Update Holo Foil Pick List You Choose,,0.0,none,0,0
Lot Of 5 - 2025 Topps Update - Adael Amador - RC Debut #US94 -Next Day Ship,Adael Amador,0.6,dict,2,84
Lot Of 2 - 2025 Topps Update - Adael Amador - RC Debut #US94 & RC #191 Rockies,Adael Amador,0.6,dict,2,84
2025 Topps Update Series - BASE CARDS US1-175 - You Pick - Set Builder,,0.0,none,0,0
Drew AVANS 2025 Topps Update Lot of (4),Drew AVANS,0.3,heuristic,2,0
2025 Topps Update Holo Foil Pick List You Choose,,0.0,none,0,0
2025 Topps Update Drew Avans RC Rookie Lot x22 Brewers,Drew Avans,0.6,dict,2,91
"2025 Topps Update #US91 Tyler Heineman Toronto Blue Jays ""3-card lot""",Toronto Blue Jays,0.9,dict,3,221
2025 Topps Update Series - BASE CARDS US1-175 - You Pick - Set Builder,,0.0,none,0,0
2025 Topps Update Baseball ⚾️ - PARALLELS - You choose the card!,,0.0,none,0,0
2025 Topps Update Series Base #US1-US350 Pick From List,,0.0,none,0,0
2025 Topps Update Pink Foil Lot (3) Rookie 💥💥,,0.0,none,0,0
2025 Topps Update Rainbow Foil Pick List You Choose,,0.0,none,0,0
2025 Topps Update Series- GOLD BORDER PARALLEL /2025 - You Pick - Set Builder,GOLD BORDER,0.6,dict,2,22
2025 Topps Update Base Cards (US1-US175) YOU PICK FROM LIST COMPLETE YOUR SET,,0.0,none,0,0
2025 Topps Update Gold /2025 Pick List You Choose,,0.0,none,0,0
2025 Topps Update Diamante Pick List You Choose,,0.0,none,0,0
5 count lot 2025 Topps Update Tyler Heineman cards #US91 Toronto Blue Jays,Toronto Blue Jays,0.9,dict,3,221
2025 Topps Update Series TYLER HEINEMAN #US91 3 Card Lot!!!,TYLER HEINEMAN,0.45,dict,2,8
2025 Topps Update Pink Diamante Pick List You Choose,Pink Diamante,0.6,dict,2,374
2025 Topps Update - Tyler Heineman - Blue Jays - #US91 - LOT OF 25,Tyler Heineman Blue,0.75,dict,3,9
Omar CRUZ 2025 Topps Update Lot of (3),Omar CRUZ,0.3,heuristic,2,0
2025 Topps Update Rookie Lot of 5 RC- Omar Cruz,Omar Cruz,0.6,dict,2,136
2025 Topps Update Series OMAR CRUZ Rookie #US90 3 Card Lot!!!,OMAR CRUZ,0.45,dict,2,12
2025 Topps Update Omar Cruz Rookie RC 5-Card Player Lot #US90 Padres,Omar Cruz,0.6,dict,2,136
Lot Of 5 - 2025 Topps Update - Omar Cruz - RC -#US90 - Next Day Ship,Omar Cruz,0.6,dict,2,136
2025 Topps Update Series - BASE CARDS US1-175 - You Pick - Set Builder,,0.0,none,0,0
2025 Topps Update Diamante Pick List You Choose,,0.0,none,0,0
2025 Topps Update Diamante Pick List You Choose,,0.0,none,0,0
5 count lot 2025 Topps Update Jeff Hoffman cards #US9 Toronto Blue Jays,Toronto Blue Jays,0.9,dict,3,221
2025 Topps Update Topps Foil Parallel FANATICS Exclusive Pick List You Choose,FANATICS Exclusive,0.3,heuristic,2,0
2025 Topps Update Rainbow Foil Pick List You Choose,,0.0,none,0,0
2025 Topps Update Orange & Black Halloween Foil Pick List You Choose,Orange Black Halloween,0.75,dict,3,9
"2025 Topps Update Series US9 Jeff Hoffman, Toronto Blue Jays ""3-card lot""",Toronto Blue Jays,0.9,dict,3,221
2025 Topps Update Series Base #US1-US350 Pick From List,,0.0,none,0,0
2025 Topps Update Series - BASE CARDS US1-175 - You Pick - Set Builder,,0.0,none,0,0
2025 Topps Update Base Cards (US1-US175) YOU PICK FROM LIST COMPLETE YOUR SET,,0.0,none,0,0
2025 Topps Update Series BRAYDON FISHER Rookie Card #US89 3 Card Lot!!!,BRAYDON FISHER,0.45,dict,2,16
2025 Topps Update Series - BASE CARDS US1-175 - You Pick - Set Builder,,0.0,none,0,0
Lot Of 5 - 2025 Topps Update - Braydon Fisher  - RC #US89 -Next Day Ship,Braydon Fisher,0.6,dict,2,122
5 Card Lot 2025 Topps Update Kevin Pillar Rookie RC Braydon Fisher Mick Abel,Braydon Fisher Mick,0.6,heuristic,3,0
2025 Topps Update - Braydon Fisher - Blue Jays - #US89 - LOT OF 25,Braydon Fisher Blue,0.6,dict,3,1
"2025 Topps Update RC Rookie #US89 BRAYDON FISHER BLUE JAYS ""3-card lot""",BRAYDON FISHER BLUE,0.6,dict,3,1
3 count lot 2025 Topps Update Braydon Fisher Rookie Cards US89 Toronto Blue Jays,Toronto Blue Jays,0.9,dict,3,221
2025 Topps Update Braydon Fisher Rookie RC 5-Card Player Lot #US89 Blue Jays,Blue Jays,0.6,dict,2,367
2025 Topps Update Rookie Lot of 5 RC- Braydon Fisher,Braydon Fisher,0.6,dict,2,122
2025 Topps Update Diamante Pick List You Choose,,0.0,none,0,0
Braydon FISHER 2025 Topps Update Rookie Lot of (7),Braydon FISHER,0.3,heuristic,2,0
2025 Topps Update Base Cards (US1-US175) YOU PICK FROM LIST COMPLETE YOUR SET,,0.0,none,0,0
2025 Topps Update Diamante Pick List You Choose,,0.0,none,0,0
2025 Topps Update Series - BASE CARDS US1-175 - You Pick - Set Builder,,0.0,none,0,0
2025 Topps Update Orange & Black Halloween Foil Pick List You Choose,Orange Black Halloween,0.75,dict,3,9
2025 Topps Update Base Cards US 1 - 175 Pick Your Lot ~ Multi & Ship Discount RC,,0.0,none,0,0
2025 Topps Update Holo Foil Pick List You Choose,,0.0,none,0,0
2025 Topps Update Holo Foil Pick List You Choose,,0.0,none,0,0
2025 Topps Update Series Lot of (3) Aaron Judge cards - Yankees,Aaron Judge,0.6,dict,2,322
2025 Topps Update Parallels - You choose the card!,,0.0,none,0,0
2025 Topps Update City Boys Aaron Judge Jazz Chisholm Jr 4 Card Lot,Aaron Judge Jazz,0.9,dict,3,155
(10) 2025 Topps Update Lot Aaron Judge / Jazz Chisholm Jr. #US85,Aaron Judge Jazz,0.9,dict,3,155
2025 Topps Update #US85 Aaron Judge/Jazz Chisholm Jr.  & US86 JUDGE (4) CARD LOT,Aaron Judge Jazz,0.9,dict,3,155
SHOHEI OHTANI 2025 TOPPS UPDATE LOS ANGELES ANGELS DODGERS MVP LOT(4),LOS ANGELES ANGELS,0.6,dict,3,2
2025 Topps Update Series - NOD AND SMILE #US84 - SHOHEI OHTANI - LOT of 3,SHOHEI OHTANI,0.45,dict,2,13
2025 Topps Update All Star Game Pick List You Choose,All Star Game,0.9,dict,3,23
2025 Topps Update Inserts - You choose the card! 2 CARD MINIMUM!,,0.0,none,0,0
2025 Topps Update Series All Star Game Foil Chisholm Kris Bubic Lot*58 NH -YL47,All Star Game,0.9,dict,3,23
2025 Topps Update Series - BASE CARDS US1-175 - You Pick - Set Builder,,0.0,none,0,0
2025 Topps Update Diamante Pick List You Choose,,0.0,none,0,0
2025 Topps Update Gold /2025 Pick List You Choose,,0.0,none,0,0
2025 Topps Update Series - BASE CARDS US1-175 - You Pick - Set Builder,,0.0,none,0,0
2025 Topps Update Diamante Pick List You Choose,,0.0,none,0,0
Holo Foil Parallel Lot (8) - 2025 Topps Update Series - Rookies/All-Stars,Rookies All-Stars,0.3,heuristic,2,0
2025 Topps Update Series Base #US1-US350 Pick From List,,0.0,none,0,0
2025 Topps Update Orange & Black Halloween Foil Pick List You Choose,Orange Black Halloween,0.75,dict,3,9
2025 Topps Update Series - Veteran Combos Brent Rooker Lawrence Butler #US80 Lot,Rooker Lawrence Butler,0.9,dict,3,63
(12) 2025 Topps Update Lot Brent Rooker / Lawrence Butler #US80,Rooker Lawrence Butler,0.9,dict,3,63
2025 Topps Update Sandglitter - You choose the card!,,0.0,none,0,0
2025 Topps Update  Baseball Cards 1-200 -Complete Your Set - You Choose RC,,0.0,none,0,0
2025 Topps Update Baseball Base Cards: Pick from List (#US1-US252),,0.0,none,0,0
2025 Topps Update Tanner Gordon Rookie RC 5-Card Player Lot #US8 Rockies,Tanner Gordon,0.6,dict,2,142
(2) Lot 2025 Topps Update Tanner Gordon Pink Holo Foil Rookie Card,Tanner Gordon Pink,0.6,dict,3,1
Lot Of 5 - 2025 Topps Update - Tanner Gordon - RC -#US8 - Next Day Ship,Tanner Gordon,0.6,dict,2,142
2025 Topps Update Rookie Lot of 5 RC- Tanner Gordon,Tanner Gordon,0.6,dict,2,142
2025 Topps Update Series - BASE CARDS US1-175 - You Pick - Set Builder,,0.0,none,0,0
2025 Topps Update Pink Diamante Pick List You Choose,Pink Diamante,0.6,dict,2,374
2025 Topps UPDATE SERIES  ATHLETICS   PURPLE  LOT OF 2!     MACIVER   /250!!,ATHLETICS PURPLE,0.3,heuristic,2,0
Willie Maciver 2025 Topps Update #US79/Heritage High RC Athletics 2-Card Lot,Willie Maciver,0.45,dict,2,5
2025 Topps Update Series Base #US1-US350 Pick From List,,0.0,none,0,0
Willie MacIVER 2025 Topps Update Rookie Lot of (4),Willie MacIVER,0.3,dict,2,1
Lot Of 5 - 2025 Topps Update - Willie MacIver - RC #US79 -Next Day Ship,Willie MacIver,0.6,dict,2,77
2025 Topps Update Series - BASE CARDS US1-175 - You Pick - Set Builder,,0.0,none,0,0
2025 Topps Update Trenton Brooks Rookie RC 5-Card Player Lot #US78 Padres,Trenton Brooks,0.6,dict,2,125
2025 Topps Update Rainbow Foil Pick List You Choose,,0.0,none,0,0
Trenton Brooks Rookie Lot 2025 Topps Update #US78 San Diego Padres (5 Cards),San Diego Padres,0.9,dict,3,257
Trenton BROOKS 2025 Topps Update Rookie Lot of (3),Trenton BROOKS,0.3,heuristic,2,0
(10) 2025 Topps Update Rookie Lot Trenton Brooks #US78,Trenton Brooks,0.6,dict,2,125
2025 Topps Update Series - BASE CARDS US1-175 - You Pick - Set Builder,,0.0,none,0,0
2025 Topps Update Series TRENTON BROOKS Rookie #US78 3 Card Lot!!!,TRENTON BROOKS,0.45,dict,2,13
2025 Topps Update Diamante Pick List You Choose,,0.0,none,0,0
2025 Topps Update Series - BASE CARDS US1-175 - You Pick - Set Builder,,0.0,none,0,0
2025 Topps Update Series - Jack Dreyer #US77 (RC) 2 Card Rookie Lot,Jack Dreyer,0.6,dict,2,69
Lot Of 5 - 2025 Topps Update - Jack Dreyer - RC #US77 -Next Day Ship,Jack Dreyer,0.6,dict,2,69
2025 Topps Update Jack Dreyer Rookie RC 5-Card Player Lot #US77 Dodgers,Jack Dreyer,0.6,dict,2,69
2025 Topps Update Series Base #US1-US350 Pick From List,,0.0,none,0,0
2025 Topps Update Orange & Black Halloween Foil Pick List You Choose,Orange Black Halloween,0.75,dict,3,9
2025 Topps Update Base Cards (US1-US175) YOU PICK FROM LIST COMPLETE YOUR SET,,0.0,none,0,0
2025 Topps Update Series Base #US1-US350 Pick From List,,0.0,none,0,0
2025 Topps Update Baseball ⚾️ - PARALLELS - You choose the card!,,0.0,none,0,0
2025 Topps Update Rainbow Foil Pick List You Choose,,0.0,none,0,0
2025 Topps Update Series Base #US1-US350 Pick From List,,0.0,none,0,0
2025 Topps Update Holo Foil Pick List You Choose,,0.0,none,0,0
2025 Topps Update - (10) COUNT BASE & ROOKIE CARD LOTS - #s US1-US200 - U PICK,,0.0,none,0,0
2025 Topps Update Diamante Pick List You Choose,,0.0,none,0,0
2025 Topps Update Series - BASE CARDS US1-175 - You Pick - Set Builder,,0.0,none,0,0
2025 Topps Update Base Cards (US1-US175) YOU PICK FROM LIST COMPLETE YOUR SET,,0.0,none,0,0
2025 Topps Update Baseball Base Cards: Pick from List (#US1-US252),,0.0,none,0,0
2025 Topps Update Series - BASE CARDS US1-175 - You Pick - Set Builder,,0.0,none,0,0
2025 Topps Update Base Cards (US1-US175) YOU PICK FROM LIST COMPLETE YOUR SET,,0.0,none,0,0
2025 Topps Update Series Base #US1-US350 Pick From List,,0.0,none,0,0
2025 Topps Update Pink Diamante Pick List You Choose,Pink Diamante,0.6,dict,2,374
2025 Topps Update Orange & Black Halloween Foil Pick List You Choose,Orange Black Halloween,0.75,dict,3,9
2025 Topps Update Holo Foil Pick List You Choose,,0.0,none,0,0
2025 Topps Update Orange & Black Halloween Foil Pick List You Choose,Orange Black Halloween,0.75,dict,3,9
2025 Topps Update Rainbow Foil Pick List You Choose,,0.0,none,0,0
2025 Topps Update Diamante Pick List You Choose,,0.0,none,0,0
2025 Topps Update Pink Diamante Pick List You Choose,Pink Diamante,0.6,dict,2,374
2025 Topps Update Series - BASE CARDS US1-175 - You Pick - Set Builder,,0.0,none,0,0
Lot Of 5 - 2025 Topps Update - Tsung-Che Cheng - RC -#US72 - Next Day Ship,Tsung-Che Cheng,0.6,dict,2,83
"Tsung-Che Cheng 4 Card RC LOT | 2025 Topps Update Ghost Foil, Holo Foil, Bowman",Tsung-Che Cheng,0.6,dict,2,83
Tsung-Che CHENG 2025 Topps Update Lot of (4),Tsung-Che CHENG,0.3,heuristic,2,0
2025 Topps Update Rainbow Foil Pick List You Choose,,0.0,none,0,0
2025 Topps Update Holo Foil Pick List You Choose,,0.0,none,0,0
2025 Topps Update Series - BASE CARDS US1-175 - You Pick - Set Builder,,0.0,none,0,0
2025 Topps Update Diamante Pick List You Choose,,0.0,none,0,0
2025 Topps Update Series JASON HEYWARD #US71 3 Card Lot!!!,JASON HEYWARD,0.45,dict,2,9
2025 Topps Update Pink Diamante Pick List You Choose,Pink Diamante,0.6,dict,2,374
2025 Topps Update San Diego Padres x5 Card Lot Tatis Machado ASG 35th Aqua Foil,San Diego Padres,0.9,dict,3,257
2025 Topps Update Base Cards US 1 - 175 Pick Your Lot ~ Multi & Ship Discount RC,,0.0,none,0,0
2025 Topps Update Topps Foil Parallel FANATICS Exclusive Pick List You Choose,FANATICS Exclusive,0.3,heuristic,2,0
2025 Topps Update Diamante Pick List You Choose,,0.0,none,0,0
2025 Topps Update Series (6-Card Glitter Foil Lot) Inserts! ⚾️🔥⚾️,,0.0,none,0,0
70 Card Lot 2025 Topps Update Series Holo Foil Parallel Cards SEE LIST!,,0.0,none,0,0
2025 Topps Update Series - BASE CARDS US1-175 - You Pick - Set Builder,,0.0,none,0,0
2025 Topps Update Pink Diamante Pick List You Choose,Pink Diamante,0.6,dict,2,374
2025 Topps Update Series Holiday Parallel Lot (16) - Rookies/Veterans *NO DUPES*,Rookies Veterans,0.3,heuristic,2,0
(9) 2025 Topps Update Holiday Parallel Lot,,0.0,none,0,0
2025 Topps Update Base Cards (US1-US175) YOU PICK FROM LIST COMPLETE YOUR SET,,0.0,none,0,0
2025 Topps Update Series - BASE CARDS US1-175 - You Pick - Set Builder,,0.0,none,0,0
2025 Topps Update Rainbow Foil - You choose the card!,,0.0,none,0,0
2025 Topps Update Justin Verlander Orange #US100 Steven Matz & Nick Pivetta Lot,Justin Verlander Orange,0.6,heuristic,3,0
2025 Topps Update Gold /2025 Pick List You Choose,,0.0,none,0,0
2025 Topps Update Series Base #US1-US350 Pick From List,,0.0,none,0,0
2025 Topps Update Parallels - You choose the card!,,0.0,none,0,0
2025 Topps Update Diamante Pick List You Choose,,0.0,none,0,0
2025 Topps Update Holo Foil Pick List You Choose,,0.0,none,0,0
2025 Topps Update Pink Diamante Pick List You Choose,Pink Diamante,0.6,dict,2,374
2025 Topps Update Base Cards US 1 - 175 Pick Your Lot ~ Multi & Ship Discount RC,,0.0,none,0,0
2025 Topps Update Orange & Black Halloween Foil Pick List You Choose,Orange Black Halloween,0.75,dict,3,9
2025 Topps Update Baseball ⚾️ - PARALLELS - You choose the card!,,0.0,none,0,0
2025 Topps Update Rainbow Foil Pick List You Choose,,0.0,none,0,0
2025 Topps Update Series Base #US1-US350 Pick From List,,0.0,none,0,0
2025 Topps Update Diamante Pick List You Choose,,0.0,none,0,0
2025 Topps Update Series - BASE CARDS US1-175 - You Pick - Set Builder,,0.0,none,0,0
2025 Topps Update Nic Enright Rookie RC 5-Card Player Lot #US67 Guardians,Nic Enright,0.6,dict,2,78
2025 Topps Update Rookie Lot of 5 RC- Nic Enright,Nic Enright,0.6,dict,2,78
2025 Topps Update Series - BASE CARDS US1-175 - You Pick - Set Builder,,0.0,none,0,0
2025 Topps Update Series Nic Enright (LOT),Nic Enright,0.6,dict,2,78
Lot of x6 Nic Enright #US67 Rookie Card (RC) 2025 Topps Update Series Baseball,Nic Enright,0.6,dict,2,78
2025 Topps Update Pink Diamante Pick List You Choose,Pink Diamante,0.6,dict,2,374
2025 Topps Update Series NIC ENRIGHT Rookie #US67 3 Card Lot!!!,NIC ENRIGHT,0.45,dict,2,9
Lot Of 5 - 2025 Topps Update - Nic Enright - RC #US67 -Next Day Ship,Nic Enright,0.6,dict,2,78
2025 Topps Update - Nic Enright - Guardians - #US67 - LOT OF 25,Nic Enright Guardians,0.6,heuristic,3,0
2025 Topps Update Series - BASE CARDS US1-175 - You Pick - Set Builder,,0.0,none,0,0
2025 Topps Update Diamante Pick List You Choose,,0.0,none,0,0
2025 Topps Update Base Cards US 1 - 175 Pick Your Lot ~ Multi & Ship Discount RC,,0.0,none,0,0
2025 Topps Update Base Cards (US1-US175) YOU PICK FROM LIST COMPLETE YOUR SET,,0.0,none,0,0
2025 Topps Update Rainbow Foil Pick List You Choose,,0.0,none,0,0
2025 Topps Update Series - BASE CARDS US1-175 - You Pick - Set Builder,,0.0,none,0,0
2025 Topps Update Rookie Lot of 5 RC- Noah Cameron,Noah Cameron,0.6,dict,2,77
2025 Topps Update Series Base #US1-US350 Pick From List,,0.0,none,0,0
(8) 2025 Topps Update Noah Cameron Rookie RC 8-Card Lot RC #US65 Royals,Noah Cameron,0.6,dict,2,77
2025 Topps Update Rainbow Foil Pick List You Choose,,0.0,none,0,0
2025 Topps Update Base Cards (US1-US175) YOU PICK FROM LIST COMPLETE YOUR SET,,0.0,none,0,0
2025 Topps Update Series - BASE CARDS US1-175 - You Pick - Set Builder,,0.0,none,0,0
2025 Topps Update Diamante Pick List You Choose,,0.0,none,0,0
2025 Topps Update Holo Foil Pick List You Choose,,0.0,none,0,0
2025 Topps Update Orange & Black Halloween Foil Pick List You Choose,Orange Black Halloween,0.75,dict,3,9
2025 Topps Update Series Base #US1-US350 Pick From List,,0.0,none,0,0
Lot Of 5 - 2025 Topps Update - Connor Thomas - RC #US63 -Next Day Ship,Connor Thomas,0.6,dict,2,84
2025 Topps Update Diamante Pick List You Choose,,0.0,none,0,0
2025 Topps Update Series - BASE CARDS US1-175 - You Pick - Set Builder,,0.0,none,0,0
2025 Topps Update Rookie Lot of 5 RC- Connor Thomas,Connor Thomas,0.6,dict,2,84
2025 Topps Update - Connor Thomas - Brewers - #US63 - LOT OF 25,Connor Thomas Brewers,0.6,dict,3,1
Connor THOMAS 2025 Topps Update Rookie Lot of (5),Connor THOMAS,0.3,heuristic,2,0
2025 Topps Update Base Cards US 1 - 175 Pick Your Lot ~ Multi & Ship Discount RC,,0.0,none,0,0
2025 Topps Update Orange & Black Halloween Foil Pick List You Choose,Orange Black Halloween,0.75,dict,3,9
2025 Topps Update Base Cards (US1-US175) YOU PICK FROM LIST COMPLETE YOUR SET,,0.0,none,0,0
2025 Topps Update Pink Diamante Pick List You Choose,Pink Diamante,0.6,dict,2,374
2025 Topps Update Holo Foil Pick List You Choose,,0.0,none,0,0
2025 Topps Update Series - BASE CARDS US1-175 - You Pick - Set Builder,,0.0,none,0,0
2025 Topps Update Elvis Alvarado Rookie RC 5-Card Player Lot #US61 Athletics,Elvis Alvarado,0.6,dict,2,130
2025 Topps Update Rookie Lot of 5 RC- Elvis Alvarado,Elvis Alvarado,0.6,dict,2,130
2025 Topps Update Series - BASE CARDS US1-175 - You Pick - Set Builder,,0.0,none,0,0
2025 Topps Update US61 Elvis Alvarado RC Base/Pink Diamante Lot of (2),Pink Diamante,0.6,dict,2,374
Elvis Alvarado 2025 Topps Update/Heritage High Number RC Athletics 3-Card Lot,Heritage High Number,0.6,dict,3,2
2025 Topps Update Series Base #US1-US350 Pick From List,,0.0,none,0,0
2025 Topps Update Elvis Alvarado RC Rookie Lot x6 Athletics US61,Elvis Alvarado,0.6,dict,2,130
2025 Topps Update Pink Diamante Pick List You Choose,Pink Diamante,0.6,dict,2,374
Lot Of 5 - 2025 Topps Update - Elvis Alvarado - RC #US61 -Next Day Ship,Elvis Alvarado,0.6,dict,2,130
Lot Of 5 - 2025 Topps Update - Michael McGreevy - RC Debut #US60 -Next Day Ship,Michael McGreevy,0.6,dict,2,77
"2025 Topps Update RC Rookie #US60 MICHAEL MCGREEVY DEBUT CARDINALS ""3-card lot""",MICHAEL MCGREEVY DEBUT,0.6,heuristic,3,0
2025 Topps Update Series - BASE CARDS US1-175 - You Pick - Set Builder,,0.0,none,0,0
2025 Topps Update Diamante Pick List You Choose,,0.0,none,0,0
2025 Topps Update Series Rookie Debut Michael McGreevy #US60 Holiday (RC) (LOT),Debut Michael McGreevy,0.75,dict,3,13
2025 Topps Update Pink Diamante Pick List You Choose,Pink Diamante,0.6,dict,2,374
2025 Topps Update Levi Jordan Rookie RC 5-Card Player Lot #US6 Reds,Levi Jordan,0.6,dict,2,139
2025 Topps Update Series - Levi Jordan #US6 (RC) 2 Card Lot,Levi Jordan,0.6,dict,2,139
2025 Topps Update Series 5 card lot- Levi Jordan RC,Levi Jordan,0.6,dict,2,139
2025 Topps Update Orange & Black Halloween Foil Pick List You Choose,Orange Black Halloween,0.75,dict,3,9
2025 Topps Update Base Cards (US1-US175) YOU PICK FROM LIST COMPLETE YOUR SET,,0.0,none,0,0
2025 Topps Update Series Base #US1-US350 Pick From List,,0.0,none,0,0
2025 Topps Update Diamante Pick List You Choose,,0.0,none,0,0
2025 Topps Update Pink Diamante Pick List You Choose,Pink Diamante,0.6,dict,2,374
2025 Topps Update Parallels - You choose the card!,,0.0,none,0,0
2025 Topps Update Series - BASE CARDS US1-175 - You Pick - Set Builder,,0.0,none,0,0
2025 Topps Update Holo Foil Pick List You Choose,,0.0,none,0,0
Lot Of 5 - 2025 Topps Update - Levi Jordan - RC -#US6 - Next Day Ship,Levi Jordan,0.6,dict,2,139
Levi JORDAN 2025 Topps Update Rookie Lot of (4) - Rainbow Foil Parallel,Levi JORDAN,0.3,heuristic,2,0
*25 Card Lot* 2025 Topps Update Caleb Durbin RC #US170 Brewers,Caleb Durbin,0.6,dict,2,130
2025 Topps Update Holo Foil Pick List You Choose,,0.0,none,0,0
2025 Topps Update Caleb Durbin Rookie Debut RC 5-Card Player Lot #US59 Brewers,Caleb Durbin,0.6,dict,2,130
2025 Topps Update Caleb Durbin Rookie RC 5-Card Player Lot #US170 Brewers,Caleb Durbin,0.6,dict,2,130
2025 Topps Update - Caleb Durbin - Brewers - #US59 - LOT OF 25,Caleb Durbin Brewers,0.6,dict,3,2
2025 Topps Update Series Caleb Durbin Rookie & Rookie Debut 4 Card Lot,Caleb Durbin,0.6,dict,2,130
CALEB DURBIN 2025 Topps Update Series CHROME MOJO - Milwaukee Brewers RC Lot 12,MOJO Milwaukee Brewers,0.6,heuristic,3,0
2025 Topps Update Series - BASE CARDS US1-175 - You Pick - Set Builder,,0.0,none,0,0
2025 Topps Update Baseball Gold Parallels (14) Fourteen Card Lot,Gold Parallels Fourteen,0.6,heuristic,3,0
2025 Topps Update | NL Central Rookie Builder Lot #3 | 16 Cards | 8 Rookies (RC),,0.0,none,0,0
2025 Topps Update Base Cards US 1 - 175 Pick Your Lot ~ Multi & Ship Discount RC,,0.0,none,0,0
2025 Topps Update Rainbow Foil Pick List You Choose,,0.0,none,0,0
2025 Topps Update Series Base #US1-US350 Pick From List,,0.0,none,0,0
2025 Topps Update Diamante Pick List You Choose,,0.0,none,0,0
2025 Topps Update Holo Foil Pick List You Choose,,0.0,none,0,0
2025 Topps Update Chicago White Sox 5 Card Lot,Chicago White Sox,0.9,dict,3,120
2025 Topps Update Pink Diamante Pick List You Choose,Pink Diamante,0.6,dict,2,374
2025 Topps Update Series - BASE CARDS US1-175 - You Pick - Set Builder,,0.0,none,0,0
2025 Topps Update Diamante Pick List You Choose,,0.0,none,0,0
2025 Topps Update Series Base #US1-US350 Pick From List,,0.0,none,0,0
2025 Topps Update Base Cards (US1-US175) YOU PICK FROM LIST COMPLETE YOUR SET,,0.0,none,0,0
2025 Topps Update Orange & Black Halloween Foil Pick List You Choose,Orange Black Halloween,0.75,dict,3,9
2025 Topps Update Rainbow Foil Pick List You Choose,,0.0,none,0,0
2025 Topps Update Base Cards US 1 - 175 Pick Your Lot ~ Multi & Ship Discount RC,,0.0,none,0,0
2025 Topps Update Baseball Base Cards: Pick from List (#US1-US252),,0.0,none,0,0
2025 Topps Update Series Holiday Parallel Lot (16) - Rookies/Veterans *NO DUPES*,Rookies Veterans,0.3,heuristic,2,0
2025 Topps Update Base Cards (US1-US175) YOU PICK FROM LIST COMPLETE YOUR SET,,0.0,none,0,0
2025 Topps Update Series - BASE CARDS US1-175 - You Pick - Set Builder,,0.0,none,0,0
2025 Topps Update Diamante Pick List You Choose,,0.0,none,0,0
"2025 Topps Update RC Rookie #US55 TOMOYUKI SUGANO DEBUT ORIOLES ""3-card lot""",TOMOYUKI SUGANO DEBUT,0.6,heuristic,3,0
Lot Of 2 -2025 Topps Update - Tomoyuki Sugano - RC Debut #US55 & RC #417 Orioles,Tomoyuki Sugano,0.6,dict,2,151
2025 Topps Update Diamante Pick List You Choose,,0.0,none,0,0
TOMOYUKI SUGANO 2025 Topps Update CHROME MOJO ROOKIE Baltimore Orioles RC Lot 18,Baltimore Orioles,0.6,dict,2,64
Lot Of 5 - 2025 Topps Update - Tomoyuki Sugano - RC Debut-#US55 - Next Day Ship,Tomoyuki Sugano,0.6,dict,2,151
2025 Topps Update Pink Holo Foil Pick List You Choose,,0.0,none,0,0
2025 Topps Update Rainbow Foil Pick List You Choose,,0.0,none,0,0
2025 Topps Update Base Cards US 1 - 175 Pick Your Lot ~ Multi & Ship Discount RC,,0.0,none,0,0
2025 Topps Update Sandglitter - You choose the card!,,0.0,none,0,0
2025 Topps Update Rainbow Foil - You choose the card!,,0.0,none,0,0
2025 Topps Update Series - BASE CARDS US1-175 - You Pick - Set Builder,,0.0,none,0,0
2025 Topps Update Diamante Pick List You Choose,,0.0,none,0,0
"2025 Topps Update Series /2025 Gold Lot! (4 Cards) Orlando Ribalta, Max Lazar +",Orlando Ribalta Max,0.6,heuristic,3,0
Luarbert ARIAS2025 Topps Update Rookie Lot of (3),Luarbert ARIAS,0.3,heuristic,2,0
2025 Topps Update Luarbert Arias Rookie RC 5-Card Player Lot #US53 Marlins,Luarbert Arias,0.6,dict,2,139
2025 Topps Update Series Base #US1-US350 Pick From List,,0.0,none,0,0
2025 Topps Update Rookie Lot of 5 RC- Luarbert Arias,Luarbert Arias,0.6,dict,2,139
2025 Topps Update Diamante Pick List You Choose,,0.0,none,0,0
Lot Of 5 - 2025 Topps Update - Luarbert Arias - RC -#US53 - Next Day Ship,Luarbert Arias,0.6,dict,2,139
2025 Topps Update Orange & Black Halloween Foil Pick List You Choose,Orange Black Halloween,0.75,dict,3,9
2025 Topps Update Diamante Pick List You Choose,,0.0,none,0,0
2025 Topps Update Series - BASE CARDS US1-175 - You Pick - Set Builder,,0.0,none,0,0
2025 Topps Update Liam Hicks RC Lot Of 10 True Rookie US52 Miami Marlins🔥🔥,Miami Marlins,0.6,dict,2,296
2025 Topps Update Liam Hicks Rookie RC 5-Card Player Lot #US52 Marlins,Liam Hicks,0.6,dict,2,94
Lot Of 5 - 2025 Topps Update - Liam Hicks - RC -#US52 - Next Day Ship,Liam Hicks,0.6,dict,2,94
2025 Topps Update Rainbow Foil Pick List You Choose,,0.0,none,0,0
2025 Topps Update Base Cards US 1 - 175 Pick Your Lot ~ Multi & Ship Discount RC,,0.0,none,0,0
2025 Topps Update Sandglitter - You choose the card!,,0.0,none,0,0
2025 Topps Update Base Cards (US1-US175) YOU PICK FROM LIST COMPLETE YOUR SET,,0.0,none,0,0
2025 Topps Update Gold /2025 Pick List You Choose,,0.0,none,0,0
2025 Topps Update Series Base #US1-US350 Pick From List,,0.0,none,0,0
2025 Topps Update Holo Foil Pick List You Choose,,0.0,none,0,0
2025 Topps Update | NL Central Rookie Builder Lot #3 | 16 Cards | 8 Rookies (RC),,0.0,none,0,0
2025 Topps Update Series - BASE CARDS US1-175 - You Pick - Set Builder,,0.0,none,0,0
2025 Topps Update - Adam Frazier - Pirates - #US51 - LOT OF 25,Adam Frazier Pirates,0.6,dict,3,3
2025 Topps Update Baseball ⚾️ - PARALLELS - You choose the card!,,0.0,none,0,0
2025 Topps Update Diamante Pick List You Choose,,0.0,none,0,0
2025 Topps Update Most Valuable Insert Pick List You Choose,Most Valuable Insert,0.6,dict,3,3
2025 Topps Update Series - BASE CARDS US1-175 - You Pick - Set Builder,,0.0,none,0,0
Cody Bellinger Lot 2025 Topps Update Blue & Purple Rainbow Foil #US50 /150 & 250,Cody Bellinger,0.6,dict,2,151
2025 Topps Update Rainbow Foil Pick List You Choose,,0.0,none,0,0
(13) 2025 Topps Update Rookie Lot Jeff Criswell #US5,Jeff Criswell,0.6,dict,2,138
2025 Topps Update Jeff Criswell Rookie RC 5-Card Player Lot #US5 Rockies,Jeff Criswell,0.6,dict,2,138
2025 Topps Update Base Cards (US1-US175) YOU PICK FROM LIST COMPLETE YOUR SET,,0.0,none,0,0
2025 Topps Update Gold /2025 Pick List You Choose,,0.0,none,0,0
2025 Topps Update Rookie Lot of 5 RC- Jeff Criswell,Jeff Criswell,0.6,dict,2,138
Jeff CRISWELL 2025 Topps Update Rookie Lot of (3),Jeff CRISWELL,0.3,heuristic,2,0
2025 Topps Update Series - BASE CARDS US1-175 - You Pick - Set Builder,,0.0,none,0,0
2025 Topps Update Diamante Pick List You Choose,,0.0,none,0,0
2025 Topps Update Jeff Criswell RC Rookie Lot x9 Rockies US5,Jeff Criswell,0.6,dict,2,138
Lot Of 5 - 2025 Topps Update - Jeff Criswell - RC -#US5 - Next Day Ship,Jeff Criswell,0.6,dict,2,138
2025 Topps Update Base Cards US 1 - 175 Pick Your Lot ~ Multi & Ship Discount RC,,0.0,none,0,0
2025 Topps Update Orange & Black Halloween Foil Pick List You Choose,Orange Black Halloween,0.75,dict,3,9
2025 Topps Update Michael Petersen Rookie RC 5-Card Player Lot #US49 Marlins,Michael Petersen,0.6,dict,2,124
2025 Topps Update Rainbow Foil Pick List You Choose,,0.0,none,0,0
(12) 2025 Topps Update Rookie Lot Michael Petersen #US49,Michael Petersen,0.6,dict,2,124
2025 Topps Update Base Cards (US1-US175) YOU PICK FROM LIST COMPLETE YOUR SET,,0.0,none,0,0
2025 Topps Update Gold /2025 Pick List You Choose,,0.0,none,0,0
2025 Topps Update Series - BASE CARDS US1-175 - You Pick - Set Builder,,0.0,none,0,0
2025 Topps Update Holo Foil Pick List You Choose,,0.0,none,0,0
Lot Of 5 - 2025 Topps Update - Michael Petersen - RC #Us49 -Next Day Ship,Michael Petersen,0.6,dict,2,124
Michael PETERSEN 2025 Topps Update Rookie Lot of (5),Michael PETERSEN,0.3,heuristic,2,0
2025 Topps Update Base Cards US 1 - 175 Pick Your Lot ~ Multi & Ship Discount RC,,0.0,none,0,0
2025 Topps Update Diamante Pick List You Choose,,0.0,none,0,0
2025 Topps Update Orange & Black Halloween Foil Pick List You Choose,Orange Black Halloween,0.75,dict,3,9
2025 Topps Update Rainbow Foil Pick List You Choose,,0.0,none,0,0
2025 Topps Update Rookie Lot of 5 RC- Chase Shugart,Chase Shugart,0.6,dict,2,124
2025 Topps Update Series - BASE CARDS US1-175 - You Pick - Set Builder,,0.0,none,0,0
2025 Topps Update Holo Foil Pick List You Choose,,0.0,none,0,0
2025 Topps Update Chase Shugart Rookie RC 5-Card Player Lot #US47 Pirates,Chase Shugart,0.6,dict,2,124
2025 Topps Update Base Cards US 1 - 175 Pick Your Lot ~ Multi & Ship Discount RC,,0.0,none,0,0
2025 Topps Update Base Cards US 1 - 175 Pick Your Lot ~ Multi & Ship Discount RC,,0.0,none,0,0
2025 Topps Update Topps Foil Parallel FANATICS Exclusive Pick List You Choose,FANATICS Exclusive,0.3,heuristic,2,0
2025 Topps Update Orange & Black Halloween Foil Pick List You Choose,Orange Black Halloween,0.75,dict,3,9
2025 Topps Update Diamante Pick List You Choose,,0.0,none,0,0
2025 Topps Update Diamante Pick List You Choose,,0.0,none,0,0
2025 Topps Update Series - BASE CARDS US1-175 - You Pick - Set Builder,,0.0,none,0,0
2025 Topps Update Pink Diamante Pick List You Choose,Pink Diamante,0.6,dict,2,374
2025 Topps Update | NL Central Rookie Builder Lot #3 | 16 Cards | 8 Rookies (RC),,0.0,none,0,0
2025 Topps Update Cam Smith RC 2 Card Parallel/Insert Lot!,Cam Smith,0.6,dict,2,199
2025 Topps Update Cam Smith Rookie Lot,Cam Smith,0.6,dict,2,199
2025 Topps Update Rainbow Foil Pick List You Choose,,0.0,none,0,0
2025 Topps Update Series - BASE CARDS US1-175 - You Pick - Set Builder,,0.0,none,0,0
2025 Topps Update Diamante Pick List You Choose,,0.0,none,0,0
2025 Topps Update Series DOUG NIKHAZY Rookie #US44 # Card Lot!!!,DOUG NIKHAZY,0.45,dict,2,5
2025 Topps Update Doug Nikhazy Rookie RC 5-Card Player Lot #US44 Guardians,Doug Nikhazy,0.6,dict,2,66
Lot Of 5 - 2025 Topps Update - Doug Nikhazy - RC #US44 -Next Day Ship,Doug Nikhazy,0.6,dict,2,66
2025 Topps Update Series Base #US1-US350 Pick From List,,0.0,none,0,0
2025 Topps Update Diamante Pick List You Choose,,0.0,none,0,0
2025 Topps Update Base Cards US 1 - 175 Pick Your Lot ~ Multi & Ship Discount RC,,0.0,none,0,0
2025 Topps Update Baseball Base Cards: Pick from List (#US1-US252),,0.0,none,0,0
2025 Topps Update Base Cards US 1 - 175 Pick Your Lot ~ Multi & Ship Discount RC,,0.0,none,0,0
2025 Topps Update MLB Orange and Black Foil Halloween You Choose Free Shipping,,0.0,none,0,0
2025 Topps Update Base Cards (US1-US175) YOU PICK FROM LIST COMPLETE YOUR SET,,0.0,none,0,0
2025 Topps Update Series - BASE CARDS US1-175 - You Pick - Set Builder,,0.0,none,0,0
2025 Topps Update Holo Foil Pick List You Choose,,0.0,none,0,0
2025 Topps Update Base Cards (US1-US175) YOU PICK FROM LIST COMPLETE YOUR SET,,0.0,none,0,0
2025 Topps Update Orange & Black Halloween Foil Pick List You Choose,Orange Black Halloween,0.75,dict,3,9
2025 Topps Update Series - BASE CARDS US1-175 - You Pick - Set Builder,,0.0,none,0,0
2025 Topps Update Diamante Pick List You Choose,,0.0,none,0,0
2025 Topps Update Base Cards US 1 - 175 Pick Your Lot ~ Multi & Ship Discount RC,,0.0,none,0,0
2025 Topps Update Topps Foil Parallel FANATICS Exclusive Pick List You Choose,FANATICS Exclusive,0.3,heuristic,2,0
2025 Topps Update Orange & Black Halloween Foil Pick List You Choose,Orange Black Halloween,0.75,dict,3,9
2025 Topps Update Series - BASE CARDS US1-175 - You Pick - Set Builder,,0.0,none,0,0
2025 Topps Update Diamante Pick List You Choose,,0.0,none,0,0
"4 Card 2025 Topps Update Jack o Lantern Lot | Wynns, Verdugo, Megill, Meeker RC",Wynns Verdugo Megill,0.6,heuristic,3,0
2025 Topps Update Sand Glitter Pick List You Choose,Sand Glitter,0.6,dict,2,193
2025 Topps Update Base Cards (US1-US175) YOU PICK FROM LIST COMPLETE YOUR SET,,0.0,none,0,0
2025 Topps Update Diamante Pick List You Choose,,0.0,none,0,0
2025 Topps Update Series - BASE CARDS US1-175 - You Pick - Set Builder,,0.0,none,0,0
2025 Topps Update Base Cards (US1-US175) YOU PICK FROM LIST COMPLETE YOUR SET,,0.0,none,0,0
2025 Topps Update Diamante Pick List You Choose,,0.0,none,0,0
2025 Topps Update Series - BASE CARDS US1-175 - You Pick - Set Builder,,0.0,none,0,0
2025 Topps Update Series Base #US1-US350 Pick From List,,0.0,none,0,0
"2025 Topps Update Dalton Rushing Lot (3) Holiday, 1990, Sepia Rookie Cards",Dalton Rushing,0.6,dict,2,111
"2025 Topps Update Dalton Rushing Lot (5) Holiday, 1990, Diamanté Stars of MLB",Holiday Diamant Stars,0.6,heuristic,3,0
2025 Topps Update Dalton Rushing 2 Card Lot,Dalton Rushing,0.6,dict,2,111
2025 Topps Update Diamante Pick List You Choose,,0.0,none,0,0
2025 Topps Update Series Base #US1-US350 Pick From List,,0.0,none,0,0
Lot Of 2 - 2025 Topps Update- Zebby Matthews  - RC Debut-#US37 & RC #283 - Twins,Zebby Matthews,0.6,dict,2,92
2025 Topps Update Series - Luis Guerrero #US36 (RC) 2 Card Lot,Luis Guerrero,0.6,dict,2,128
2025 Topps Update Luis Guerrero RC Lot Of 10 US36 Boston Red Sox🔥🔥,Boston Red Sox,0.9,dict,3,51
2025 Topps Update Base Cards (US1-US175) YOU PICK FROM LIST COMPLETE YOUR SET,,0.0,none,0,0
2025 Topps Update Series 5 card lot- Luis Guerrero RC,Luis Guerrero,0.6,dict,2,128
2025 Topps Update Sand Glitter Pick List You Choose,Sand Glitter,0.6,dict,2,193
2025 Topps Update Sand Glitter Pick List You Choose,Sand Glitter,0.6,dict,2,193
2025 Topps Update Pink Diamante Pick List You Choose,Pink Diamante,0.6,dict,2,374
2025 Topps Update Series - BASE CARDS US1-175 - You Pick - Set Builder,,0.0,none,0,0
LUIS GERRERO 2025 Topps Update Rookie Lot of (4) - Rainbow Foil,LUIS GERRERO,0.3,heuristic,2,0
Lot Of 5 - 2025 Topps Update - Luis Guerrero - RC -#US36 - Next Day Ship,Luis Guerrero,0.6,dict,2,128
"2025 Topps Update Series US350 Paxton Schultz, Toronto Blue Jays RC ""3-card lot""",Toronto Blue Jays,0.9,dict,3,221
2025 Topps Update Orange & Black Halloween Foil Pick List You Choose,Orange Black Halloween,0.75,dict,3,9
2025 Topps Update MLB Orange and Black Foil Halloween You Choose Free Shipping,,0.0,none,0,0
2025 Topps Update Paxton Schultz Rookie RC 5-Card Player Lot #US350 Blue Jays,Blue Jays,0.6,dict,2,367
2025 Topps Update Diamante Pick List You Choose,,0.0,none,0,0
2025 Topps Update Pink Foil Lot (4) Rookie 💥💥,,0.0,none,0,0
2025 Topps Update Base Cards US 1 - 175 Pick Your Lot ~ Multi & Ship Discount RC,,0.0,none,0,0
2025 Topps Update Base Cards (US1-US175) YOU PICK FROM LIST COMPLETE YOUR SET,,0.0,none,0,0
2025 Topps Update Sand Glitter Pick List You Choose,Sand Glitter,0.6,dict,2,193
"2025 Topps Update #US35 Steven Matz St. Louis Cardinals ""3-card lot""",St Louis Cardinals,0.9,dict,3,87
2025 Topps Update Series Base #US1-US350 Pick From List,,0.0,none,0,0
2025 Topps Update Justin Verlander Orange #US100 Steven Matz & Nick Pivetta Lot,Justin Verlander Orange,0.6,heuristic,3,0
2025 Topps Update Diamante Pick List You Choose,,0.0,none,0,0
2025 Topps Update Series - BASE CARDS US1-175 - You Pick - Set Builder,,0.0,none,0,0
2025 Topps Update Holo Foil Pick List You Choose,,0.0,none,0,0
2025 Topps Update Diamante Pick List You Choose,,0.0,none,0,0
2025 Topps Update Chandler Simpson RC 3 Card Lot,Chandler Simpson,0.6,dict,2,124
2025 Topps Update Parallels - You choose the card!,,0.0,none,0,0
2025 Topps Update Chandler Simpson Lot (3) Holiday Rookie Debut~Holiday~Stars,Debut Holiday Stars,0.6,heuristic,3,0
2025 Topps Update /Topps Chrome Update Chandler Simpson Lot,Chandler Simpson,0.6,dict,2,124
2025 Topps Update Chandler Simpson Lot (2) 💨Stars of MLB,Chandler Simpson,0.6,dict,2,124
2025 Topps Update David Morgan Rookie RC 5-Card Player Lot #US348 Padres,David Morgan,0.6,dict,2,102
2025 Topps Update Gold /2025 Pick List You Choose,,0.0,none,0,0
2025 Topps Update Holo Foil Pick List You Choose,,0.0,none,0,0
Lot Of 5 - 2025 Topps Update - David Morgan - RC #US348 -Next Day Ship,David Morgan,0.6,dict,2,102
2025 Topps Update Base Cards US176 - US350 U Pick Lot ~ Multi & Ship Discount RC,,0.0,none,0,0
2025 Topps Update Series - BASE CARDS US176-350 - You Pick - Set Builder,,0.0,none,0,0
2025 Topps Update Series Base #US1-US350 Pick From List,,0.0,none,0,0
2025 Topps Update Diamante Pick List You Choose,,0.0,none,0,0
2025 Topps Update Base Cards (US176-US350) YOU PICK FROM LIST COMPLETE YOUR SET,,0.0,none,0,0
2025 Topps Update - Michael Soroka - Nationals - #US347 - LOT OF 25,Michael Soroka Nationals,0.75,dict,3,6
2025 Topps Update | NL Central Rookie Builder Lot #3 | 16 Cards | 8 Rookies (RC),,0.0,none,0,0
2025 Topps Update Base Cards US176 - US350 U Pick Lot ~ Multi & Ship Discount RC,,0.0,none,0,0
2025 Topps Update Diamante Pick List You Choose,,0.0,none,0,0
"2025 Topps Update #US346 JoJo Romero St. Louis Cardinals ""3-card lot""",St Louis Cardinals,0.9,dict,3,87
2025 Topps Update Series - BASE CARDS US176-350 - You Pick - Set Builder,,0.0,none,0,0
2025 Topps Update Pink Holo Foil Pick List You Choose,,0.0,none,0,0
2 2025 Topps Update Matt Shaw RC Rookie Card Lot Cubs,Matt Shaw,0.6,dict,2,277
2025 Topps Update & Pro Debut Matt Shaw 5 Card Rookie Lot - Chicago Cubs,Debut Matt Shaw,0.6,dict,3,3
2025 Topps Update Series - BASE CARDS US176-350 - You Pick - Set Builder,,0.0,none,0,0
2025 Topps Update Matt Shaw RC Night Terror NT-20 Mystical Pink MYS16 Lot of (2),Mystical Pink MYS,0.6,heuristic,3,0
2025 Topps Update Matt Shaw Rookie Lot (6) #US200 Cubs “ True Rookie”,Matt Shaw,0.6,dict,2,277
2025 Topps Update Series Base #US1-US350 Pick From List,,0.0,none,0,0
2025 Topps Update Base Cards (US176-US350) YOU PICK FROM LIST COMPLETE YOUR SET,,0.0,none,0,0
2025 Topps Update Series - BASE CARDS US176-350 - You Pick - Set Builder,,0.0,none,0,0
2025 Topps Update | NL Central Rookie Builder Lot #3 | 16 Cards | 8 Rookies (RC),,0.0,none,0,0
2025 Topps Update - Brady Singer - Reds - #US344 - LOT OF 25,Brady Singer Reds,0.75,dict,3,5
2025 Topps Update Series - BASE CARDS US176-350 - You Pick - Set Builder,,0.0,none,0,0
2025 Topps Update Holo Foil Pick List You Choose,,0.0,none,0,0
2025 Topps Update Series - BASE CARDS US1-175 - You Pick - Set Builder,,0.0,none,0,0
2025 Topps Update Orange & Black Halloween Foil Pick List You Choose,Orange Black Halloween,0.75,dict,3,9
"Lot of x6 Nolan Jones #US341, 2025 Topps Update Series Baseball, Guardians",Nolan Jones,0.6,dict,2,129
5 count lot 2025 Topps Update Nolan Jones cards #US341 Cleveland Guardians,Nolan Jones,0.6,dict,2,129
2025 Topps Update Holo Foil Pick List You Choose,,0.0,none,0,0
2025 Topps Update Series Nolan Jones (4) Card Lot. All Numbered,Nolan Jones,0.6,dict,2,129
2025 Topps Update Base Cards (US176-US350) YOU PICK FROM LIST COMPLETE YOUR SET,,0.0,none,0,0
2025 Topps Update Series NOLAN JONES #US341 3 Card Lot!!!,NOLAN JONES,0.45,dict,2,10
2025 Topps Update - Nolan Jones - Guardians - #US341 - LOT OF 25,Nolan Jones Guardians,0.6,dict,3,2
2025 Topps Update Series - BASE CARDS US176-350 - You Pick - Set Builder,,0.0,none,0,0
2025 Topps Update Series Base #US1-US350 Pick From List,,0.0,none,0,0
5 count lot 2025 Topps Update Myles Straw cards #US340 Toronto Blue Jays,Toronto Blue Jays,0.9,dict,3,221
2025 Topps Update Diamante Pick List You Choose,,0.0,none,0,0
2025 Topps Update Series - BASE CARDS US176-350 - You Pick - Set Builder,,0.0,none,0,0
2025 Topps Update Base Cards US176 - US350 U Pick Lot ~ Multi & Ship Discount RC,,0.0,none,0,0
2025 Topps Update Topps Foil Parallel FANATICS Exclusive Pick List You Choose,FANATICS Exclusive,0.3,heuristic,2,0
2025 Topps Update Diamante Pick List You Choose,,0.0,none,0,0
"2025 Topps Update #US340 Myles Straw Toronto Blue Jays ""3-card lot""",Toronto Blue Jays,0.9,dict,3,221
2025 Topps Update Hayden Birdsong Rookie Debut 5-Card Player Lot #US34 Giants,Hayden Birdsong,0.6,dict,2,79
Lot Of 5 - 2025 Topps Update - Hayden Birdsong - RC Debut #US34 -Next Day Ship,Hayden Birdsong,0.6,dict,2,79
2025 Topps Update Series - BASE CARDS US1-175 - You Pick - Set Builder,,0.0,none,0,0
Lot Of 2 - 2025 Topps Update - Hayden Birdsong - RC Debut #US34 & RC #699,Hayden Birdsong,0.6,dict,2,79
2025 Topps Update Diamante Pick List You Choose,,0.0,none,0,0
2025 Topps Update Hayden Birdsong Rookie Debut 6 Card Lot,Hayden Birdsong,0.6,dict,2,79
2025 TOPPS UPDATE Hayden Birdsong Lot (3) Tinsel Diamanté & Foil #US34 GIANTS,Hayden Birdsong,0.6,dict,2,79
2025 Topps Update Base Cards US176 - US350 U Pick Lot ~ Multi & Ship Discount RC,,0.0,none,0,0
2025 Topps Update Series - BASE CARDS US176-350 - You Pick - Set Builder,,0.0,none,0,0
2025 Topps Update Diamante Pick List You Choose,,0.0,none,0,0
2025 Topps Update Diamante Pick List You Choose,,0.0,none,0,0
2025 Topps Update Gold /2025 Pick List You Choose,,0.0,none,0,0
2025 Topps Update Chase Meidroth Rookie RC 5-Card Player Lot #US337 White Sox,White Sox,0.6,dict,2,234
2025 Topps Update Rookie Lot of 5 RC- Chase Meidroth,Chase Meidroth,0.6,dict,2,107
2025 Topps Update Pink Diamante Pick List You Choose,Pink Diamante,0.6,dict,2,374
2025 Topps Update Base Singles US176 - US350   Pick from List,,0.0,none,0,0
2025 Topps Update Topps Foil Parallel FANATICS Exclusive Pick List You Choose,FANATICS Exclusive,0.3,heuristic,2,0
2025 Topps Update Sand Glitter Pick List You Choose,Sand Glitter,0.6,dict,2,193
2025 Topps Update Series Base #US1-US350 Pick From List,,0.0,none,0,0
2025 Topps Update Series Holiday Parallel Lot (16) - Rookies/Veterans *NO DUPES*,Rookies Veterans,0.3,heuristic,2,0
2025 Topps Update - NL Central Rookie Builder Lot #2 - 17 Cards - 9 Rookies (RC),,0.0,none,0,0
2025 Topps Update Pink Diamante Pick List You Choose,Pink Diamante,0.6,dict,2,374
2025 Topps Update Series - BASE CARDS US176-350 - You Pick - Set Builder,,0.0,none,0,0
2025 Topps Update Gold /2025 Pick List You Choose,,0.0,none,0,0
2025 Topps Update Orange & Black Halloween Foil Pick List You Choose,Orange Black Halloween,0.75,dict,3,9
2025 Topps Update Series Base #US1-US350 Pick From List,,0.0,none,0,0
Lot (2) / 2025 Topps Update #US334 / Luis Urías Athletics / Blue/Pink Holo #/150,Athletics Blue Pink,0.6,heuristic,3,0
2025 Topps Update Base Cards US176 - US350 U Pick Lot ~ Multi & Ship Discount RC,,0.0,none,0,0
2025 Topps Update Brady Feigl Rookie RC 5-Card Player Lot #US333 Twins,Brady Feigl,0.6,dict,2,143
2025 Topps Update Rookie Lot of 5 RC- Brady Feigl,Brady Feigl,0.6,dict,2,143
Brady FEIGL 2025 Topps Update Rookie Lot of (4),Brady FEIGL,0.3,heuristic,2,0
2025 Topps Update Series Base #US1-US350 Pick From List,,0.0,none,0,0
2025 Topps Update Series - Brady Feigl #US333 Holofoil (RC) 2 Card Lot,Brady Feigl,0.6,dict,2,143
2025 Topps Update Holo Foil Pick List You Choose,,0.0,none,0,0
2025 Topps Update Diamante Pick List You Choose,,0.0,none,0,0
2025 Topps Update Pink Diamante Pick List You Choose,Pink Diamante,0.6,dict,2,374
2025 Topps Update Series - BASE CARDS US176-350 - You Pick - Set Builder,,0.0,none,0,0
Lot Of 5 - 2025 Topps Update - Brady Feigl - RC #US333 -Next Day Ship,Brady Feigl,0.6,dict,2,143
2025 Topps Update Baseball ⚾️ - PARALLELS - You choose the card!,,0.0,none,0,0
2025 Topps Update - Elly De La Cruz / Matt McLain - Reds - #US331 - LOT OF 25,Elly De La,0.9,dict,3,179
2025 Topps Update Series Vet Combos Elly De La Cruz Matt Mclain US331 Lot Of 3,Elly De La,0.9,dict,3,179
3 Card Lot 2025 Topps Update . Elly De La Cruz Matt McLain,Elly De La,0.9,dict,3,179
2025 Topps Update Pink Holo Foil Pick List You Choose,,0.0,none,0,0
"4 Card 2025 Topps Update Jack o Lantern Lot | Wynns, Verdugo, Megill, Meeker RC",Wynns Verdugo Megill,0.6,heuristic,3,0
2025 Topps Update Series - BASE CARDS US176-350 - You Pick - Set Builder,,0.0,none,0,0
2025 Topps Update Series Base #US1-US350 Pick From List,,0.0,none,0,0
2025 Topps Update Parallels - You choose the card!,,0.0,none,0,0
2025 Topps Update Baseball ⚾️ - PARALLELS - You choose the card!,,0.0,none,0,0
2025 Topps Update Orange & Black Halloween Foil Pick List You Choose,Orange Black Halloween,0.75,dict,3,9
2025 Topps Update Base Cards US176 - US350 U Pick Lot ~ Multi & Ship Discount RC,,0.0,none,0,0
2025 Topps Update Diamante Pick List You Choose,,0.0,none,0,0
2025 Topps Update Sand Glitter Pick List You Choose,Sand Glitter,0.6,dict,2,193
2025 Topps Update Holo Foil Pick List You Choose,,0.0,none,0,0
2025 Topps Update Orange & Black Halloween Foil Pick List You Choose,Orange Black Halloween,0.75,dict,3,9
2025 Topps Update Base Cards US176 - US350 U Pick Lot ~ Multi & Ship Discount RC,,0.0,none,0,0
2025 Topps Update Diamante Pick List You Choose,,0.0,none,0,0
2025 Topps Update Gold /2025 Pick List You Choose,,0.0,none,0,0
2025 Topps Update Base Cards (US176-US350) YOU PICK FROM LIST COMPLETE YOUR SET,,0.0,none,0,0
2025 Topps Update Diamante Pick List You Choose,,0.0,none,0,0
2025 Topps Update Series - BASE CARDS US176-350 - You Pick - Set Builder,,0.0,none,0,0
2025 Topps Update MLB Orange and Black Foil Halloween You Choose Free Shipping,,0.0,none,0,0
2025 Topps Update Diamante Pick List You Choose,,0.0,none,0,0
2025 Topps Update Pink Diamante Pick List You Choose,Pink Diamante,0.6,dict,2,374
2025 Topps Update Series - BASE CARDS US176-350 - You Pick - Set Builder,,0.0,none,0,0
2025 Topps Update Series - BASE CARDS US176-350 - You Pick - Set Builder,,0.0,none,0,0
2025 Topps Update Spencer Schwellenbach Rookie Debut 5-Card Player Lot #US327,Spencer Schwellenbach,0.6,dict,2,92
2025 Topps Update Holo Foil Pick List You Choose,,0.0,none,0,0
2025 Topps Update Pink Diamante Pick List You Choose,Pink Diamante,0.6,dict,2,374
2025 Topps Update Series - BASE CARDS US176-350 - You Pick - Set Builder,,0.0,none,0,0
2025 Topps Update Rookie Lot of 5 RC- James Meeker,James Meeker,0.6,dict,2,146
"4 Card 2025 Topps Update Jack o Lantern Lot | Wynns, Verdugo, Megill, Meeker RC",Wynns Verdugo Megill,0.6,heuristic,3,0
Lot Of 5 - 2025 Topps Update - James Meeker - RC #US326 -Next Day Ship,James Meeker,0.6,dict,2,146
James MEEKER 2025 Topps Update Rookie Lot of (5),James MEEKER,0.3,heuristic,2,0
2025 Topps Update - James Meeker - Brewers - #US326 - LOT OF 25,James Meeker Brewers,0.6,dict,3,2
2025 Topps Update Series - James Meeker #US326 (RC) 3 Card Lot,James Meeker,0.6,dict,2,146
2025 Topps Update James Meeker Rookie RC 5-Card Player Lot #US326 Brewers,James Meeker,0.6,dict,2,146
2025 Topps Update Series Base #US1-US350 Pick From List,,0.0,none,0,0
2025 Topps Update Base Cards (US176-US350) YOU PICK FROM LIST COMPLETE YOUR SET,,0.0,none,0,0
2025 Topps Update James Meeker RC Rookie Lot x38 Brewers,James Meeker,0.6,dict,2,146
Edgar QUERO 2025 Topps Update Rookie Lot of (7) - Rainbow Foil Parallel,Edgar QUERO,0.3,heuristic,2,0
2025 Topps Update Edgar Quero Rookie RC 5-Card Player Lot #US145 White Sox,White Sox,0.6,dict,2,234
2025 Topps Update - Edgar Quero  - White Sox - #US145 - LOT OF 25,Edgar Quero White,0.6,dict,3,3
Ryan ZEFERJAHN 2025 Topps Update Rookie Lot of (3),Ryan ZEFERJAHN,0.3,heuristic,2,0
2025 Topps Update Series - BASE CARDS US176-350 - You Pick - Set Builder,,0.0,none,0,0
2025 Topps Update Ryan Zeferjahn Rookie RC 5-Card Player Lot #US324 Angels,Ryan Zeferjahn,0.6,dict,2,149
3 Card Lot 2025 Topps Update Ryan Zeferjahn Matthew Lugo RC Rookie Card ++,Ryan Zeferjahn Matthew,0.6,heuristic,3,0
2025 Topps Update Base Cards US176 - US350 U Pick Lot ~ Multi & Ship Discount RC,,0.0,none,0,0
2025 Topps Update Rainbow Foil Pick List You Choose,,0.0,none,0,0
2025 Topps Update Series 5 card lot- Luis Contreras RC,Luis Contreras,0.6,dict,2,138
(12) 2025 Topps Update Rookie Lot Luis Contreras #US323,Luis Contreras,0.6,dict,2,138
2025 Topps Update Luis Contreras Rookie RC 5-Card Player Lot #US323 Astros,Luis Contreras,0.6,dict,2,138
2025 Topps Update Luis Contreras RC Rookie Lot x8 Astros US323,Luis Contreras,0.6,dict,2,138
2025 Topps Update Baseball ⚾️ - PARALLELS - You choose the card!,,0.0,none,0,0
2025 Topps Update Series Base #US1-US350 Pick From List,,0.0,none,0,0
Lot Of 5 - 2025 Topps Update - Luis Contreras- RC #US323 -Next Day Ship,Luis Contreras,0.6,dict,2,138
2025 Topps Update Diamante Pick List You Choose,,0.0,none,0,0
2025 Topps Update Series Baseball (242-Rookie Card Lot!) ⚾️🔥⚾️,,0.0,none,0,0
Luis CONTRERAS 2025 Topps Update Rookie Lot of (5),Luis CONTRERAS,0.3,heuristic,2,0
Luis CONTRERAS 2025 Topps Update Rookie Lot of (6),Luis CONTRERAS,0.3,heuristic,2,0
2025 Topps Update Series - BASE CARDS US176-350 - You Pick - Set Builder,,0.0,none,0,0
2025 Topps Update Series Base #US1-US350 Pick From List,,0.0,none,0,0
2025 Topps Update Orange & Black Halloween Foil Pick List You Choose,Orange Black Halloween,0.75,dict,3,9
2025 Topps Update Gold /2025 Pick List You Choose,,0.0,none,0,0
2025 Topps Update Series - BASE CARDS US176-350 - You Pick - Set Builder,,0.0,none,0,0
2025 Topps Update Diamante Pick List You Choose,,0.0,none,0,0
2025 Topps Update Orange & Black Halloween Foil Pick List You Choose,Orange Black Halloween,0.75,dict,3,9
2025 Topps update Carson Palmquist RC Rookie Lot x11 Rockies # US321,Carson Palmquist,0.6,dict,2,70
2025 Topps Update Series - BASE CARDS US176-350 - You Pick - Set Builder,,0.0,none,0,0
Lot Of 5 - 2025 Topps Update - Carson Palmquist - RC #US321 -Next Day Ship,Carson Palmquist,0.6,dict,2,70
2025 Topps Update Rookie Lot of 5 RC- Austin Kitchen,Austin Kitchen,0.6,dict,2,146
2025 Topps Update Orange & Black Halloween Foil Pick List You Choose,Orange Black Halloween,0.75,dict,3,9
2025 Topps Update Rainbow Foil Pick List You Choose,,0.0,none,0,0
3 count lot 2025 Topps Update Austin Kitchen Rookie Cards #US320 Mariners RC,Austin Kitchen,0.6,dict,2,146
2025 Topps Update Diamante Pick List You Choose,,0.0,none,0,0
AUSTIN KITCHEN 2025 Topps Update Series RAINBOW FOIL Seattle Mariners RC Lot 12,Seattle Mariners,0.6,dict,2,150
2025 Topps Update Austin Kitchen Rookie RC (31x) Lot #US320 - Seattle Mariners !,Seattle Mariners,0.6,dict,2,150
2025 Topps Update Austin Kitchen Rookie RC 5-Card Player Lot #US320 Mariners,Austin Kitchen,0.6,dict,2,146
2025 Topps Update Gold /2025 Pick List You Choose,,0.0,none,0,0
2025 Topps Update Rookie Lot of 5 RC- Braxton Ashcraft,Braxton Ashcraft,0.6,dict,2,72
2025 Topps Update Diamante Pick List You Choose,,0.0,none,0,0
Lot Of 5 - 2025 Topps Update - Braxton Ashcraft - RC #US32 -Next Day Ship,Braxton Ashcraft,0.6,dict,2,72
2025 Topps Update Braxton Ashcraft Rookie RC 5-Card Player Lot #US32 Pirates,Braxton Ashcraft,0.6,dict,2,72
Braxton ASHCRAFT 2025 Topps Update Lot of (4),Braxton ASHCRAFT,0.3,heuristic,2,0
Braxton Ashcraft 2025 Topps Update Lot (2) Holiday Parallel & Diamanté 💥💥,Braxton Ashcraft,0.6,dict,2,72
Lot of 36 Cards - 2025 Topps Update Baseball - Sandglitter Parallelv/ RC & Vets,Sandglitter Parallelv,0.3,heuristic,2,0
2025 Topps Update Parallels - You choose the card!,,0.0,none,0,0
2025 Topps Update Holo Foil Pick List You Choose,,0.0,none,0,0
2025 Topps Update Series - BASE CARDS US176-350 - You Pick - Set Builder,,0.0,none,0,0
2025 Topps Update Series - Michael Darrell-Hicks #US319 (RC) 2 Card Rookie Lot,Michael Darrell-Hicks,0.6,dict,2,113
Lot Of 5 - 2025 Topps Update - Michael Darrell-Hicks - RC #US319 -Next Day Ship,Michael Darrell-Hicks,0.6,dict,2,113
2025 Topps Update Orange & Black Halloween Foil Pick List You Choose,Orange Black Halloween,0.75,dict,3,9
2025 Topps Update Diamante Pick List You Choose,,0.0,none,0,0
2025 Topps Update - Rhett Lowder - Reds - #US318 - LOT OF 25,Rhett Lowder Reds,0.6,heuristic,3,0
2025 Topps Update Base Cards (US176-US350) YOU PICK FROM LIST COMPLETE YOUR SET,,0.0,none,0,0
2025 Topps Update Series - BASE CARDS US176-350 - You Pick - Set Builder,,0.0,none,0,0
2025 Topps Update Base Cards US176 - US350 U Pick Lot ~ Multi & Ship Discount RC,,0.0,none,0,0
2025 Topps Update Rookie Lot of 5 RC- Ryan Miller,Ryan Miller,0.6,dict,2,135
2025 Topps Update US317 Ryan Miller RC Pink Diamante/Rainbow Foil Lot of (2),Pink Diamante,0.6,dict,2,374
2025 Topps Update Ryan Miller Rookie RC 5-Card Player Lot #US317 Tigers,Ryan Miller,0.6,dict,2,135
2025 Topps Update Diamante Pick List You Choose,,0.0,none,0,0
Lot Of 5 - 2025 Topps Update - Ryan Miller - RC -#US317 - Next Day Ship,Ryan Miller,0.6,dict,2,135
Ryan MILLER 2025 Topps Update Rookie Lot of (3) - Shimmer Foil Parallel,Ryan MILLER,0.3,heuristic,2,0
2025 Topps Update Series - BASE CARDS US176-350 - You Pick - Set Builder,,0.0,none,0,0
2025 Topps Update Rainbow Foil Pick List You Choose,,0.0,none,0,0
2025 Topps Update Base Cards US176 - US350 U Pick Lot ~ Multi & Ship Discount RC,,0.0,none,0,0
2025 Topps Update Series - BASE CARDS US176-350 - You Pick - Set Builder,,0.0,none,0,0
2025 Topps Update Gold /2025 Pick List You Choose,,0.0,none,0,0
2025 Topps Update Orange & Black Halloween Foil Pick List You Choose,Orange Black Halloween,0.75,dict,3,9
2025 Topps Update Tyler Callihan Rookie RC 5-Card Player Lot #US315 Reds,Tyler Callihan,0.6,dict,2,71
Lot Of 5 - 2025 Topps Update - Tyler Callihan - RC #US315 -Next Day Ship,Tyler Callihan,0.6,dict,2,71
2025 Topps Update Pink Diamante Pick List You Choose,Pink Diamante,0.6,dict,2,374
(12) 2025 Topps Update Rookie Lot Tyler Callihan #US315,Tyler Callihan,0.6,dict,2,71
2025 Topps Update Rookie Lot of 5 RC- Tyler Callihan,Tyler Callihan,0.6,dict,2,71
2025 Topps Update Series Base #US1-US350 Pick From List,,0.0,none,0,0
2025 Topps Update Series - BASE CARDS US176-350 - You Pick - Set Builder,,0.0,none,0,0
2025 Topps Update Gold /2025 Pick List You Choose,,0.0,none,0,0
2025 Topps Update Base Cards (US176-US350) YOU PICK FROM LIST COMPLETE YOUR SET,,0.0,none,0,0
2025 Topps Update Rookie Lot of 5 RC- Matthew Lugo,Matthew Lugo,0.6,dict,2,87
2025 Topps Update Series - BASE CARDS US176-350 - You Pick - Set Builder,,0.0,none,0,0
Lot Of 5 - 2025 Topps Update - Matthew Lugo - RC #US314 -Next Day Ship,Matthew Lugo,0.6,dict,2,87
2025 Topps Update - Matthew Lugo - Angles - #US314 - LOT OF 25,Matthew Lugo Angles,0.6,heuristic,3,0
2025 Topps Update Base Singles US176 - US350   Pick from List,,0.0,none,0,0
2025 Topps Update Base Cards US176 - US350 U Pick Lot ~ Multi & Ship Discount RC,,0.0,none,0,0
2025 Topps Update Rainbow Foil Pick List You Choose,,0.0,none,0,0
2025 Topps Update Orange & Black Halloween Foil Pick List You Choose,Orange Black Halloween,0.75,dict,3,9
2025 Topps Update Sand Glitter Pick List You Choose,Sand Glitter,0.6,dict,2,193
2025 Topps Update Series - BASE CARDS US176-350 - You Pick - Set Builder,,0.0,none,0,0
2025 Topps Update Holo Foil Pick List You Choose,,0.0,none,0,0
2025 Topps Update Parallels - You choose the card!,,0.0,none,0,0
2025 Topps Update Pink Diamante Pick List You Choose,Pink Diamante,0.6,dict,2,374
2025 Topps Update Hyeseong Kim Lot (6) Rookies 💥💥,Hyeseong Kim,0.6,dict,2,122
2025 Topps Update Series - BASE CARDS US176-350 - You Pick - Set Builder,,0.0,none,0,0
2025 Topps Update Base Cards US176 - US350 U Pick Lot ~ Multi & Ship Discount RC,,0.0,none,0,0
2025 Topps Update Orange & Black Halloween Foil Pick List You Choose,Orange Black Halloween,0.75,dict,3,9
2025 Topps Update Rainbow Foil Pick List You Choose,,0.0,none,0,0
2025 Topps Update Base Cards (US176-US350) YOU PICK FROM LIST COMPLETE YOUR SET,,0.0,none,0,0
2025 Topps Update Holo Foil Pick List You Choose,,0.0,none,0,0
2025 Topps Update Parallels - You choose the card!,,0.0,none,0,0
2025 Topps Update Diamante Pick List You Choose,,0.0,none,0,0
5 Card Lot 2025 Topps Update Kevin Pillar Rookie RC Braydon Fisher Mick Abel,Braydon Fisher Mick,0.6,heuristic,3,0
2025 Topps Update - Kevin Pillar - Rangers - #US311 - LOT OF 25,Kevin Pillar Rangers,0.6,dict,3,2
2025 Topps Update Eric Wagaman Rookie Rainbow Foil 2 Card Lot,Eric Wagaman,0.6,dict,2,74
2025 Topps Update Eric Wagaman Rookie 7 Card Lot,Eric Wagaman,0.6,dict,2,74
2025 Topps Update Gold /2025 Pick List You Choose,,0.0,none,0,0
Lot Of 5 - 2025 Topps Update - Eric Wagaman - RC #US310 -Next Day Ship,Eric Wagaman,0.6,dict,2,74
2025 Topps Update Holo Foil Pick List You Choose,,0.0,none,0,0
2025 Topps Update Series - BASE CARDS US1-175 - You Pick - Set Builder,,0.0,none,0,0
2025 Topps Update Diamante Pick List You Choose,,0.0,none,0,0
2025 Topps Update Parallels - You choose the card!,,0.0,none,0,0
2025 Topps Update Holo Foil Pick List You Choose,,0.0,none,0,0
2025 Topps Update Zach Agnos Rookie RC 5-Card Player Lot #US31 Rockies,Zach Agnos,0.6,dict,2,117
70 Card Lot 2025 Topps Update Series Holo Foil Parallel Cards SEE LIST!,,0.0,none,0,0
2025 Topps Update Pink Diamante Pick List You Choose,Pink Diamante,0.6,dict,2,374
Lot Of 5 - 2025 Topps Update - Zach Agnos - RC #US31 -Next Day Ship,Zach Agnos,0.6,dict,2,117
8 Card Lot 2025 Topps Update Colorado Rockies RC Zach Agnos Zach Veen X2 SP +++,Zach Agnos Zach,0.6,heuristic,3,0
2025 Topps Update Base Cards (US1-US175) YOU PICK FROM LIST COMPLETE YOUR SET,,0.0,none,0,0
2025 Topps Update Orange & Black Halloween Foil Pick List You Choose,Orange Black Halloween,0.75,dict,3,9
2025 Topps Update Diamante Pick List You Choose,,0.0,none,0,0
2025 Topps Update - Veteran Combos Dansby Swanson Matt Shaw #US309 (RC) 2 cd Lot,Swanson Matt Shaw,0.9,dict,3,116
2025 Topps Update Series Vet Combos Dansby Swanson Matt Shaw US309 RC Lot Of 3,Swanson Matt Shaw,0.9,dict,3,116
2025 Topps Update Series Base #US1-US350 Pick From List,,0.0,none,0,0
Lot Of 5 - 2025 Topps Update - Matt Shaw / Swanson US309 - Next Day Ship,Matt Shaw Swanson,0.6,dict,3,2
(10) 2025 Topps Update Lot Matt Shaw / Dansby Swanson #US309,Matt Shaw Dansby,0.9,dict,3,22
2025 Topps Update Diamante Pick List You Choose,,0.0,none,0,0
2025 Topps Update Diamante Pick List You Choose,,0.0,none,0,0
2025 Topps Update Holo Foil Pick List You Choose,,0.0,none,0,0
Lot Of 5 - 2025 Topps Update - Chad Patrick - RC #US307 -Next Day Ship,Chad Patrick,0.6,dict,2,84
2025 Topps Update Chad Patrick Rookie RC 5-Card Player Lot #US307 Brewers,Chad Patrick,0.6,dict,2,84
2025 Topps Update Diamante Pick List You Choose,,0.0,none,0,0
2025 Topps Update Jake Mangum Rookie RC 5-Card Player Lot #US306 Rays,Jake Mangum,0.6,dict,2,71
2025 Topps Update Diamante Pick List You Choose,,0.0,none,0,0
2025 Topps Update Series - BASE CARDS US176-350 - You Pick - Set Builder,,0.0,none,0,0
Lot Of 5 - 2025 Topps Update - Jake Mangum - RC #US306 -Next Day Ship,Jake Mangum,0.6,dict,2,71
2025 Topps Update Series Veteran Insert Lot,Veteran Insert,0.3,heuristic,2,0
2025 Topps Update Rainbow Foil Pick List You Choose,,0.0,none,0,0
2025 Topps Update Orange & Black Halloween Foil Pick List You Choose,Orange Black Halloween,0.75,dict,3,9
2025 Topps Update Base Cards US176 - US350 U Pick Lot ~ Multi & Ship Discount RC,,0.0,none,0,0
2025 Topps Update Base Cards (US176-US350) YOU PICK FROM LIST COMPLETE YOUR SET,,0.0,none,0,0
2025 Topps Update Gold /2025 Pick List You Choose,,0.0,none,0,0
2025 Topps Update Series - BASE CARDS US176-350 - You Pick - Set Builder,,0.0,none,0,0
2025 Topps Update Daniel Robert Rookie RC 5-Card Player Lot #US304 Rangers,Daniel Robert,0.6,dict,2,144
2025 Topps Update Diamante Pick List You Choose,,0.0,none,0,0
2025 Topps Update Gold /2025 Pick List You Choose,,0.0,none,0,0
2025 Topps Update Parallels - You choose the card!,,0.0,none,0,0
2025 Topps Update Pink Diamante Pick List You Choose,Pink Diamante,0.6,dict,2,374
2025 Topps Update Series Base #US1-US350 Pick From List,,0.0,none,0,0
2025 Topps Update Holo Foil Pick List You Choose,,0.0,none,0,0
Lot Of 5 - 2025 Topps Update - Daniel Robert - RC #US304 -Next Day Ship,Daniel Robert,0.6,dict,2,144
"DANIEL ROBERT 6 CARD RC LOT | 2025 Topps Update Vintage Stock /99, Aqua, Pink",Vintage Stock Aqua,0.6,heuristic,3,0
Daniel ROBERT 2025 Topps Update Rookie Lot of (4) - Pink Sandglitter Parallel,Pink Sandglitter,0.6,dict,2,20
2025 Topps Update Series - BASE CARDS US176-350 - You Pick - Set Builder,,0.0,none,0,0
2025 Topps Update Base Cards US176 - US350 U Pick Lot ~ Multi & Ship Discount RC,,0.0,none,0,0
2025 Topps Update Topps Foil Parallel FANATICS Exclusive Pick List You Choose,FANATICS Exclusive,0.3,heuristic,2,0
2025 Topps Update Gold /2025 Pick List You Choose,,0.0,none,0,0
2025 Topps Update Diamante Pick List You Choose,,0.0,none,0,0
2025 Topps Update Series - BASE CARDS US176-350 - You Pick - Set Builder,,0.0,none,0,0
2025 Topps Update Base Cards (US176-US350) YOU PICK FROM LIST COMPLETE YOUR SET,,0.0,none,0,0
Lot Of 5 - 2025 Topps Update - Logan Evans - RC #US302 -Next Day Ship,Logan Evans,0.6,dict,2,82
2025 Topps Update Diamante Pick List You Choose,,0.0,none,0,0
2025 Topps Update Logan Evans Rookie RC 5-Card Player Lot #US302 Mariners,Logan Evans,0.6,dict,2,82
2025 Topps Update Series Base #US1-US350 Pick From List,,0.0,none,0,0
Logan Evans 2025 Topps Update #US302/Heritage High Number RC Mariners 2-Card Lot,Heritage High Number,0.6,dict,3,2
2025 Topps Update Rookie Lot of 5 RC- Logan Evans,Logan Evans,0.6,dict,2,82
2025 Topps Update Pink Diamante Pick List You Choose,Pink Diamante,0.6,dict,2,374
2025 Topps Update Series - BASE CARDS US176-350 - You Pick - Set Builder,,0.0,none,0,0
2025 Topps Update Rainbow Foil Pick List You Choose,,0.0,none,0,0
Kyle Hart Rookie Lot 2025 Topps Update #US301 San Diego Padres (4 Cards),San Diego Padres,0.9,dict,3,257
2025 Topps Update Orange & Black Halloween Foil Pick List You Choose,Orange Black Halloween,0.75,dict,3,9
2025 Topps Update Kyle Hart Rookie RC 5-Card Player Lot #US301 Padres,Kyle Hart,0.6,dict,2,138
2025 Topps Update Series 5 card lot- Kyle Hart RC,Kyle Hart,0.6,dict,2,138
2025 Topps Update Series Base #US1-US350 Pick From List,,0.0,none,0,0
Lot Of 5 - 2025 Topps Update - Kyle Hart - RC #US301 -Next Day Ship,Kyle Hart,0.6,dict,2,138
Kyle HART 2025 Topps Update Rookie Lot of (4),Kyle HART,0.3,heuristic,2,0
2025 Topps Update Night Terrors Pick List You Choose,Night Terrors,0.6,dict,2,38
2025 Topps Update/Chrome Update Rafael Devers Lot #NT-22 Night Terror/USC105 SF,Night Terror USC,0.6,heuristic,3,0
2025 Topps Update Base Cards (US176-US350) YOU PICK FROM LIST COMPLETE YOUR SET,,0.0,none,0,0
2025 Topps Update Series - BASE CARDS US176-350 - You Pick - Set Builder,,0.0,none,0,0
2025 Topps Update - Rafael Devers - Giants - #US300 - LOT OF 25,Rafael Devers Giants,0.6,dict,3,3
2025 Topps Update MLB Orange and Black Foil Halloween You Choose Free Shipping,,0.0,none,0,0
2025 Topps Update Orange & Black Halloween Foil Pick List You Choose,Orange Black Halloween,0.75,dict,3,9
2025 Topps Update Series Base #US1-US350 Pick From List,,0.0,none,0,0
2025 Topps Update Gold /2025 Pick List You Choose,,0.0,none,0,0
2025 Topps Update - NL Central Rookie Builder Lot #1 - 17 Cards 9 Rookies (RC),,0.0,none,0,0
2025 Topps Update Sand Glitter Pick List You Choose,Sand Glitter,0.6,dict,2,193
2025 Topps Update Parallels - You choose the card!,,0.0,none,0,0
2025 Topps Update Series - BASE CARDS US1-175 - You Pick - Set Builder,,0.0,none,0,0
Jamie WESTBROOK 2025 Topps Update Rookie Lot of (3),Jamie WESTBROOK,0.3,heuristic,2,0
2025 Topps Update Jamie Westbrook Rookie RC 5-Card Player Lot #US3 Rays,Jamie Westbrook,0.6,dict,2,131
2025 Topps Update Holo Foil Pick List You Choose,,0.0,none,0,0
2025 Topps Update Base Cards (US176-US350) YOU PICK FROM LIST COMPLETE YOUR SET,,0.0,none,0,0
2025 Topps Update Pink Diamante Pick List You Choose,Pink Diamante,0.6,dict,2,374
2025 Topps Update Diamante Pick List You Choose,,0.0,none,0,0
2025 Topps Update Sand Glitter Pick List You Choose,Sand Glitter,0.6,dict,2,193
2025 Topps Update Diamante Pick List You Choose,,0.0,none,0,0
2025 Topps Update Orange & Black Halloween Foil Pick List You Choose,Orange Black Halloween,0.75,dict,3,9
2025 Topps Update Base Cards US176 - US350 U Pick Lot ~ Multi & Ship Discount RC,,0.0,none,0,0
2025 Topps Update Topps Foil Parallel FANATICS Exclusive Pick List You Choose,FANATICS Exclusive,0.3,heuristic,2,0
2025 Topps Update Holo Foil Pick List You Choose,,0.0,none,0,0
2025 Topps Update Series - BASE CARDS US176-350 - You Pick - Set Builder,,0.0,none,0,0
2025 Topps Update Pink Holo Foil Pick List You Choose,,0.0,none,0,0
2025 Topps Update Cam Smith Rookie Lot,Cam Smith,0.6,dict,2,199
2025 Topps Update Cam Smith RC 2 Card Parallel/Insert Lot!,Cam Smith,0.6,dict,2,199
2025 Topps Update Pink Diamante Pick List You Choose,Pink Diamante,0.6,dict,2,374
2025 Topps Update Base Cards US176 - US350 U Pick Lot ~ Multi & Ship Discount RC,,0.0,none,0,0
2025 Topps Update Topps Foil Parallel FANATICS Exclusive Pick List You Choose,FANATICS Exclusive,0.3,heuristic,2,0
2025 Topps Update Rainbow Foil Pick List You Choose,,0.0,none,0,0
2025 Topps Update Baseball ⚾️ - PARALLELS - You choose the card!,,0.0,none,0,0
2025 Topps Update Orange & Black Halloween Foil Pick List You Choose,Orange Black Halloween,0.75,dict,3,9
"36 Card Lot 2025 Topps Update Inserts & Rainbow Foils (Elly, Sasaki, PCA & More)",Foils Elly Sasaki,0.6,heuristic,3,0
2025 Topps Update Series - BASE CARDS US176-350 - You Pick - Set Builder,,0.0,none,0,0
2025 Topps Update Diamante Pick List You Choose,,0.0,none,0,0
2025 Topps Update Parker Dunshee Rookie RC 5-Card Player Lot #US296 Braves,Parker Dunshee,0.3,heuristic,2,0
2025 Topps Update Series - BASE CARDS US176-350 - You Pick - Set Builder,,0.0,none,0,0
2025 Topps Update Base Cards (US176-US350) YOU PICK FROM LIST COMPLETE YOUR SET,,0.0,none,0,0
2025 Topps Update Series RYAN BERGERT Rookie #US295 3 Card Lot!!!,RYAN BERGERT,0.3,heuristic,2,0
2025 Topps Update Ryan Bergert Rookie RC 5-Card Player Lot #US295 Padres,Ryan Bergert,0.3,heuristic,2,0
2025 Topps Update Series - BASE CARDS US176-350 - You Pick - Set Builder,,0.0,none,0,0
Lot Of 5 - 2025 Topps Update - Ryan Bergert - RC #US295 -Next Day Ship,Ryan Bergert,0.3,heuristic,2,0
2025 Topps Update - Ryan Bergert - Padres - #US295 - LOT OF 25,Ryan Bergert Padres,0.6,heuristic,3,0
2025 TOPPS UPDATE BASE US176-US350 YOU PICK FROM LIST COMLETE YOUR SET,,0.0,none,0,0
2025 Topps Update Base Cards US176 - US350 U Pick Lot ~ Multi & Ship Discount RC,,0.0,none,0,0
2025 Topps Update Topps Foil Parallel FANATICS Exclusive Pick List You Choose,FANATICS Exclusive,0.3,heuristic,2,0
2025 Topps Update Series Base #US1-US350 Pick From List,,0.0,none,0,0
2025 Topps Update Diamante Pick List You Choose,,0.0,none,0,0
2025 Topps Update Gold /2025 Pick List You Choose,,0.0,none,0,0
2025 Topps Update Base Cards (US176-US350) YOU PICK FROM LIST COMPLETE YOUR SET,,0.0,none,0,0
2025 Topps Update Holo Foil Pick List You Choose,,0.0,none,0,0
2025 Topps Update Matt Svanson Rookie RC 5-Card Player Lot #US293 Cardinals,Matt Svanson,0.3,heuristic,2,0
Lot Of 5 - 2025 Topps Update - Matt Svanson - RC -#US293 - Next Day Ship,Matt Svanson,0.3,heuristic,2,0
2025 Topps Update Series - BASE CARDS US176-350 - You Pick - Set Builder,,0.0,none,0,0
2025 Topps Update Parallels - You choose the card!,,0.0,none,0,0
2025 Topps Update Diamante Pick List You Choose,,0.0,none,0,0
2025 Topps Update Ryan Gusto Rookie RC 5-Card Player Lot #US292 Astros,Ryan Gusto,0.3,dict,2,1
2025 Topps Update Series RYAN GUSTO Rookie #US292 3 Card Lot!!!,RYAN GUSTO,0.3,heuristic,2,0
2025 Topps Update Series - BASE CARDS US176-350 - You Pick - Set Builder,,0.0,none,0,0
2025 Topps Update Series Base #US1-US350 Pick From List,,0.0,none,0,0
2025 Topps Update Series - BASE CARDS US176-350 - You Pick - Set Builder,,0.0,none,0,0
Lot Of 5 - 2025 Topps Update - Mickey Gasper - RC -#US291 - Next Day Ship,Mickey Gasper,0.3,heuristic,2,0
2025 Topps Update Base Cards US176 - US350 U Pick Lot ~ Multi & Ship Discount RC,,0.0,none,0,0
2025 Topps Update Orange & Black Halloween Foil Pick List You Choose,Orange Black Halloween,0.75,dict,3,9
2025 Topps Update Baseball ⚾️ - PARALLELS - You choose the card!,,0.0,none,0,0
(12) 2025 Topps Update Rookie Lot Mickey Gasper #US291,Mickey Gasper,0.3,heuristic,2,0
2025 Topps Update Rookie Lot of 5 RC- Mickey Gasper,Mickey Gasper,0.3,heuristic,2,0
2025 Topps Update Diamante Pick List You Choose,,0.0,none,0,0
2025 Topps Update Mystical Pick List You Choose,,0.0,none,0,0
Lot Of 5 - 2025 Topps Update - Francisco Lindor  -  #US290  - Mets - NM/MINT,Francisco Lindor,0.3,dict,2,1
FRANCISCO LINDOR 2025 Topps Update Series ALL-STAR GAME - New York Mets Lot 12,New York Mets,0.9,dict,3,121
2025 Topps Update Orange & Black Halloween Foil Pick List You Choose,Orange Black Halloween,0.75,dict,3,9
(10) Luis Matos 2025 TOPPS UPDATE SERIES CARD LOT #US29 SAN FRANCISCO GIANTS,SAN FRANCISCO GIANTS,0.6,heuristic,3,0
2025 Topps Update Diamante Pick List You Choose,,0.0,none,0,0
2025 Topps Update Pink Diamante Pick List You Choose,Pink Diamante,0.6,dict,2,374
2025 Topps Update Gold /2025 Pick List You Choose,,0.0,none,0,0
2025 Topps Update Series - BASE CARDS US1-175 - You Pick - Set Builder,,0.0,none,0,0
50 Pc Lot 2025 Topps Update Silver Foilboard Super Box Exclusive RC,Super Box Exclusive,0.6,dict,3,3
2025 Topps Update Rainbow Foil Pick List You Choose,,0.0,none,0,0
2025 Topps Update - (5)-COUNT BASE & ROOKIE CARD LOTS - #s US201-US350 - U PICK,,0.0,none,0,0
2025 Topps Update Diamante Pick List You Choose,,0.0,none,0,0
2025 Topps Update Gold /2025 Pick List You Choose,,0.0,none,0,0
2025 Topps Update Series - BASE CARDS US176-350 - You Pick - Set Builder,,0.0,none,0,0
2025 Topps Update Series - BASE CARDS US176-350 - You Pick - Set Builder,,0.0,none,0,0
2025 Topps Update Holo Foil Pick List You Choose,,0.0,none,0,0
2025 Topps Update Diamante Pick List You Choose,,0.0,none,0,0
2025 Topps Update Series Logan Allen (4) Card Lot. All Numbered,Logan Allen,0.3,heuristic,2,0
2025 Topps Update Baseball ⚾️ - PARALLELS - You choose the card!,,0.0,none,0,0
2025 Topps Update Base Cards US176 - US350 U Pick Lot ~ Multi & Ship Discount RC,,0.0,none,0,0
2025 Topps Update Rainbow Foil Pick List You Choose,,0.0,none,0,0
2025 Topps Update Series (6-Card Glitter Foil Lot) Inserts! ⚾️🔥⚾️,,0.0,none,0,0
2025 Topps Update Diamante Pick List You Choose,,0.0,none,0,0
Tim TAWA 2025 Topps Update Rookie Lot of (5),Tim TAWA,0.3,heuristic,2,0
2025 Topps Update Series - BASE CARDS US176-350 - You Pick - Set Builder,,0.0,none,0,0
Lot Of 5 - 2025 Topps Update - Tim Tawa - RC #US287 -Next Day Ship,Tim Tawa,0.3,heuristic,2,0
2025 Topps Update Base Cards US176 - US350 U Pick Lot ~ Multi & Ship Discount RC,,0.0,none,0,0
2025 Topps Update Zac Veen (RC) Lot (5) 1990 Diamanté Rainbow Colorado Rockies,Colorado Rockies,0.6,dict,2,271
2025 Topps Update Series - Zac Veen Rookie Card Lot (Base and Parallels),Zac Veen,0.3,heuristic,2,0
2025 Topps Update Zac Veen Rookie Card Lot (2) Colorado Rockies,Colorado Rockies,0.6,dict,2,271
2025 Topps Update Series Base #US1-US350 Pick From List,,0.0,none,0,0
2025 Topps Update Series - Juan Mejia #US285 (RC) 2 Card Lot,Juan Mejia,0.3,heuristic,2,0
2025 Topps Update Base Cards (US176-US350) YOU PICK FROM LIST COMPLETE YOUR SET,,0.0,none,0,0
2025 Topps Update Gold /2025 Pick List You Choose,,0.0,none,0,0
2025 Topps Update Juan Mejia Rookie RC 5-Card Player Lot #US285 Rockies,Juan Mejia,0.3,heuristic,2,0
Lot Of 5 - 2025 Topps Update - Juan Mejia - RC #US285 -Next Day Ship,Juan Mejia,0.3,heuristic,2,0
Juan MEJIA 2025 Topps Update Rookie Lot of (7) - Foil Parallel,Juan MEJIA,0.3,heuristic,2,0
2025 Topps Update Series - BASE CARDS US176-350 - You Pick - Set Builder,,0.0,none,0,0
2025 Topps Update - Juan Mejia - Rockies - #US285 - LOT OF 25,Juan Mejia Rockies,0.6,heuristic,3,0
2025 Topps Update Base Cards US176 - US350 U Pick Lot ~ Multi & Ship Discount RC,,0.0,none,0,0
2025 Topps Update Rainbow Foil Pick List You Choose,,0.0,none,0,0
2025 Topps Update Rookie Lot of 5 RC- Erik Sabrowski,Erik Sabrowski,0.3,heuristic,2,0
Erik SABROWSKI 2025 Topps Update Rookie Lot of (3),Erik SABROWSKI,0.3,heuristic,2,0
2025 Topps Update Erik Sabrowski Rookie RC 5-Card Player Lot #US284 Guardians,Erik Sabrowski,0.3,heuristic,2,0
2025 Topps Update Gold /2025 Pick List You Choose,,0.0,none,0,0
2025 Topps Update Diamante Pick List You Choose,,0.0,none,0,0
2025 Topps Update Series - BASE CARDS US176-350 - You Pick - Set Builder,,0.0,none,0,0
2025 Topps Update Series ERIK SABROWSKI Rookie #US284 3 Card Lot!!!,ERIK SABROWSKI,0.3,heuristic,2,0
Lot Of 5 - 2025 Topps Update - Erik Sabrowski - RC -#US284 - Next Day Ship,Erik Sabrowski,0.3,heuristic,2,0
ERIK SABROWSKI 2025 Topps Update Series BASE - Cleveland Guardians RC Lot 15,Cleveland Guardians,0.6,dict,2,70
2025 Topps Update Base Cards (US176-US350) YOU PICK FROM LIST COMPLETE YOUR SET,,0.0,none,0,0
2025 Topps Update Series Base #US1-US350 Pick From List,,0.0,none,0,0
2025 Topps Update Series - BASE CARDS US176-350 - You Pick - Set Builder,,0.0,none,0,0
2025 Topps Update Pink Diamante Pick List You Choose,Pink Diamante,0.6,dict,2,374
2025 Topps Update - AL West Rookie Builder Lot #1 - 17 Cards - 11 Rookies (RC),,0.0,none,0,0
2025 Topps Update - AL West Rookie Builder Lot #3 - 18 Cards - 9 Rookies (RC),,0.0,none,0,0
2025 Topps Update - Jeffrey Springs - Athletics - #US283 - LOT OF 25,Jeffrey Springs Athletics,0.6,heuristic,3,0
2025 Topps Update Series Coby Mayo 2 Card Lot #U90C-51 & US282,Coby Mayo,0.3,heuristic,2,0
2025 Topps Update Diamante Pick List You Choose,,0.0,none,0,0
2025 Topps Update Series - BASE CARDS US176-350 - You Pick - Set Builder,,0.0,none,0,0
2025 Topps Update Series Coby Mayo Rookie Debut 6 Card Lot,Coby Mayo,0.3,heuristic,2,0
2025 Topps Update Rainbow Foil Pick List You Choose,,0.0,none,0,0
2025 Topps Update Base Cards US176 - US350 U Pick Lot ~ Multi & Ship Discount RC,,0.0,none,0,0
2025 Topps Update Series Base #US1-US350 Pick From List,,0.0,none,0,0
2025 Topps Update Diamante Pick List You Choose,,0.0,none,0,0
2025 Topps Update Holo Foil Pick List You Choose,,0.0,none,0,0
2025 Topps Update Series - BASE CARDS US176-350 - You Pick - Set Builder,,0.0,none,0,0
2025 Topps Update Topps Foil Parallel FANATICS Exclusive Pick List You Choose,FANATICS Exclusive,0.3,heuristic,2,0
2025 Topps Update Sand Glitter Pick List You Choose,Sand Glitter,0.6,dict,2,193
2025 Topps Update Base Cards US176 - US350 U Pick Lot ~ Multi & Ship Discount RC,,0.0,none,0,0
2025 Topps Update Rainbow Foil Pick List You Choose,,0.0,none,0,0
2025 Topps Update Diamante Pick List You Choose,,0.0,none,0,0
2025 Topps Update Series 5 card lot- Evan Kravetz RC,Evan Kravetz,0.3,dict,2,1
2025 Topps Update Orange & Black Halloween Foil Pick List You Choose,Orange Black Halloween,0.75,dict,3,9
2025 Topps Update Series - Evan Kravetz #US280 (RC) 2 Card Rookie Lot,Evan Kravetz,0.3,dict,2,1
Evan KRAVETZ 2025 Topps Update Rookie Lot of (3),Evan KRAVETZ,0.3,heuristic,2,0
2025 Topps Update Base Cards (US176-US350) YOU PICK FROM LIST COMPLETE YOUR SET,,0.0,none,0,0
2025 Topps Update Pink Diamante Pick List You Choose,Pink Diamante,0.6,dict,2,374
2025 Topps Update Series - BASE CARDS US176-350 - You Pick - Set Builder,,0.0,none,0,0
2025 Topps Update Evan Kravetz Rookie RC 5-Card Player Lot #US280 Reds,Evan Kravetz,0.3,dict,2,1
Lot Of 5 - 2025 Topps Update - Evan Kravetz - RC -#US280 - Next Day Ship,Evan Kravetz,0.3,dict,2,1
2025 Topps Update Topps Foil Parallel FANATICS Exclusive Pick List You Choose,FANATICS Exclusive,0.3,heuristic,2,0
(14) 2025 Topps Update Rookie Lot Grant Koch #US28,Grant Koch,0.3,heuristic,2,0
2025 Topps Update Base Cards (US1-US175) YOU PICK FROM LIST COMPLETE YOUR SET,,0.0,none,0,0
2025 Topps Update Grant Koch Rookie RC 5-Card Player Lot #US28 Pirates,Grant Koch,0.3,heuristic,2,0
2025 Topps Update Series - BASE CARDS US1-175 - You Pick - Set Builder,,0.0,none,0,0
Lot Of 5 - 2025 Topps Update - Grant Koch - RC #US28 -Next Day Ship,Grant Koch,0.3,heuristic,2,0
Lot Of 5 - 2025 Topps Update - Carson McCusker - RC -#US279 - Next Day Ship,Carson McCusker,0.3,dict,2,1
2025 Topps Update Series - BASE CARDS US176-350 - You Pick - Set Builder,,0.0,none,0,0
2025 Topps Update Carson McCusker Rookie RC 5-Card Player Lot #US279 Twins,Carson McCusker,0.3,dict,2,1
2025 Topps Update Pink Diamante Pick List You Choose,Pink Diamante,0.6,dict,2,374
2025 Topps Update Diamante Pick List You Choose,,0.0,none,0,0
Shane SMITH 2025 Topps Update Rookie Lot of (5),Shane SMITH,0.3,heuristic,2,0
2025 Topps Update Parallels - You choose the card!,,0.0,none,0,0
2025 Topps Update Chandler Simpson Lot (3) Holiday Rookie Debut~Holiday~Stars,Debut Holiday Stars,0.6,heuristic,3,0
2025 Topps Update /Topps Chrome Update Chandler Simpson Lot,Chandler Simpson,0.6,dict,2,124
2025 Topps Update Chandler Simpson Lot (2) 💨Stars of MLB,Chandler Simpson,0.6,dict,2,124
2025 Topps Update Diamante Pick List You Choose,,0.0,none,0,0
2025 Topps Update Chandler Simpson RC 3 Card Lot,Chandler Simpson,0.6,dict,2,124
2025 Topps Update Series Base #US1-US350 Pick From List,,0.0,none,0,0
2025 Topps Update Diamante Pick List You Choose,,0.0,none,0,0
Chase PETTY 2025 Topps Update Rookie Lot of (4),Chase PETTY,0.3,heuristic,2,0
2025 Topps Update Chase Petty Rookie RC 5-Card Player Lot #US275 Reds,Chase Petty,0.3,heuristic,2,0
"2025 Topps Update #US274 Maverick Handley Baltimore Orioles Rookie ""3-card lot""",Maverick Handley Baltimore,0.6,heuristic,3,0
Maverick Handley 2025 Topps Update #US274/Heritage #582 RC Orioles 2-Card Lot,Maverick Handley,0.3,heuristic,2,0
2025 Topps Update Holo Foil Pick List You Choose,,0.0,none,0,0
2025 Topps Update Pink Diamante Pick List You Choose,Pink Diamante,0.6,dict,2,374
2025 Topps Update Halo Foil Parallel Lot (40) Rushing (RC) Handley (RC) 💥💥,,0.0,none,0,0
2025 Topps Update Series - BASE CARDS US176-350 - You Pick - Set Builder,,0.0,none,0,0
2025 Topps Update Series - BASE CARDS US176-350 - You Pick - Set Builder,,0.0,none,0,0
2025 Topps Update Series- Thomas Harrington Rookie Card Lot (3) #’d,Thomas Harrington,0.3,heuristic,2,0
2025 Topps Update - Thomas Harrington - Pirates - #US273 - LOT OF 25,Thomas Harrington Pirates,0.6,heuristic,3,0
2025 Topps Update Thomas Harrington Rookie Insert (2) Two Card Lot Pirates,Thomas Harrington,0.3,heuristic,2,0
2025 Topps Update Series Thomas Harrington Rookie 6 Card Lot,Thomas Harrington,0.3,heuristic,2,0
2025 Topps Update Diamante Pick List You Choose,,0.0,none,0,0
Thomas HARRINGTON 2025 Topps Update Rookie Lot of (4),Thomas HARRINGTON,0.3,heuristic,2,0
2025 Topps Update Holo Foil Pick List You Choose,,0.0,none,0,0
2025 Topps Update Series - BASE CARDS US176-350 - You Pick - Set Builder,,0.0,none,0,0
2025 Topps Update Pink Diamante Pick List You Choose,Pink Diamante,0.6,dict,2,374
2025 Topps Update Series Sand Glitter Lot (5),Sand Glitter,0.6,dict,2,193
2025 Topps Update Orange & Black Halloween Foil Pick List You Choose,Orange Black Halloween,0.75,dict,3,9
2025 Topps Update Base Cards US176 - US350 U Pick Lot ~ Multi & Ship Discount RC,,0.0,none,0,0
2025 Topps Update Base Cards (US176-US350) YOU PICK FROM LIST COMPLETE YOUR SET,,0.0,none,0,0
2025 Topps Update Series Halloween Stripes Foil Lot (8) ￼,Halloween Stripes,0.3,heuristic,2,0
2025 Topps Update Base Cards (US176-US350) YOU PICK FROM LIST COMPLETE YOUR SET,,0.0,none,0,0
2025 Topps Update Sand Glitter Pick List You Choose,Sand Glitter,0.6,dict,2,193
2025 Topps Update Series - BASE CARDS US176-350 - You Pick - Set Builder,,0.0,none,0,0
2025 Topps Update Diamante Pick List You Choose,,0.0,none,0,0
2025 Topps Update - Tylor Megill - Mets - #US271 - LOT OF 25,Tylor Megill Mets,0.6,heuristic,3,0
2025 Topps Update Holo Foil Pick List You Choose,,0.0,none,0,0
2025 Topps Update Mick Abel Rookie RC Debut 5-Card Player Lot #US270 Phillies,Mick Abel,0.3,heuristic,2,0
2025 Topps Update Orange & Black Halloween Foil Pick List You Choose,Orange Black Halloween,0.75,dict,3,9
2025 Topps Update Rainbow Foil - You choose the card!,,0.0,none,0,0
2025 Topps Update Baseball ⚾️ - PARALLELS - You choose the card!,,0.0,none,0,0
2025 Topps Update Series - BASE CARDS US1-175 - You Pick - Set Builder,,0.0,none,0,0
"2025 Topps Update 12 Card GOLD /2025 Lot - Ohtani/Sasaki, Mariners Veterans, RC",Ohtani Sasaki Mariners,0.6,heuristic,3,0
2025 Topps Update Diamante Pick List You Choose,,0.0,none,0,0
2025 Topps Update Series - BASE CARDS US176-350 - You Pick - Set Builder,,0.0,none,0,0
2025 Topps Update Series 5 card lot- Adrian Del Castillo RC Debut,Adrian Del Castillo,0.6,heuristic,3,0
Lot Of 2 - 2025 Topps Update - Adrian Del Castillo RC Debut #US267 & RC #226,Adrian Del Castillo,0.6,heuristic,3,0
2025 Topps Update Holo Foil Pick List You Choose,,0.0,none,0,0
2025 Topps Update Pink Holo Foil Pick List You Choose,,0.0,none,0,0
Lot Of 5 - 2025 Topps Update - Adrian Del Castillo RC Debut #US267 Next Day Ship,Adrian Del Castillo,0.6,heuristic,3,0
2025 Topps Update Diamante Pick List You Choose,,0.0,none,0,0
2025 Topps Update Series Base #US1-US350 Pick From List,,0.0,none,0,0
2025 Topps Update Holo Foil Pick List You Choose,,0.0,none,0,0
4 Card Lot 2025 Topps Update Pirates Rookie RC Thomas Harrington Tommy Pham ++,Thomas Harrington Tommy,0.6,heuristic,3,0
2025 Topps Update Holo Foil Pick List You Choose,,0.0,none,0,0
2025 Topps Update (25x) Lot #US265 Sauryn Lao (RC) Rookie - Seattle Mariners !,Seattle Mariners,0.6,dict,2,150
Lot Of 5 - 2025 Topps Update - Sauryn Lao - RC #US265 -Next Day Ship,Sauryn Lao,0.3,heuristic,2,0
2025 Topps Update Series - BASE CARDS US176-350 - You Pick - Set Builder,,0.0,none,0,0
2025 Topps Update Diamante Pick List You Choose,,0.0,none,0,0
2025 Topps Update Base Cards (US176-US350) YOU PICK FROM LIST COMPLETE YOUR SET,,0.0,none,0,0
2025 Topps Update Orange & Black Halloween Foil Pick List You Choose,Orange Black Halloween,0.75,dict,3,9
2025 Topps Update Sand Glitter Pick List You Choose,Sand Glitter,0.6,dict,2,193
2025 Topps Update Diamante Pick List You Choose,,0.0,none,0,0
2025 Topps Update Series Kumar Rocker US264 RC Rookie Debut Lot Of 3 Rangers,Kumar Rocker,0.3,heuristic,2,0
2025 Topps Update Series - BASE CARDS US176-350 - You Pick - Set Builder,,0.0,none,0,0
2025 Topps Update Series Kumar Rocker US264 RC Rookie Debut Lot Of 4 Rangers,Kumar Rocker,0.3,heuristic,2,0
2025 Topps Update Base Cards (US176-US350) YOU PICK FROM LIST COMPLETE YOUR SET,,0.0,none,0,0
2025 Topps Update Series Base #US1-US350 Pick From List,,0.0,none,0,0
2025 Topps Update Diamante Pick List You Choose,,0.0,none,0,0
2025 Topps Update Series - BASE CARDS US176-350 - You Pick - Set Builder,,0.0,none,0,0
2025 Topps Update - Jeremiah Estrada - Padres - #US263 - LOT OF 25,Jeremiah Estrada Padres,0.6,heuristic,3,0
2025 Topps Update Series JEREMIAH ESTRADA #US263 3 Card Lot!!!,JEREMIAH ESTRADA,0.3,heuristic,2,0
2025 Topps Update Base Cards US176 - US350 U Pick Lot ~ Multi & Ship Discount RC,,0.0,none,0,0
2025 Topps Update Rainbow Foil Pick List You Choose,,0.0,none,0,0
Moisés Ballesteros 2 Card Rookie Lot 2025 Topps Update Archives -Cubs $,Archives Cubs,0.3,heuristic,2,0
2025 Topps Update Series Moisés Ballesteros (RC) Rookie Card Lot (6) #US262 Cubs,,0.0,none,0,0
MOISES BALLESTEROS 2025 Topps Update Series SANDGLITTER - Chicago Cubs RC Lot 15,SANDGLITTER Chicago Cubs,0.6,heuristic,3,0
2025 Topps Update Series - BASE CARDS US176-350 - You Pick - Set Builder,,0.0,none,0,0
Lot Of 5 - 2025 Topps Update - Craig Yoho - RC #US261 -Next Day Ship,Craig Yoho,0.3,heuristic,2,0
2025 Topps Update Craig Yoho Rookie RC 5-Card Player Lot #US261 Brewers,Craig Yoho,0.3,heuristic,2,0
2025 Topps Update Diamante Pick List You Choose,,0.0,none,0,0
2025 Topps Update Night Terrors Pick List You Choose,Night Terrors,0.6,dict,2,38
70 Card Lot 2025 Topps Update Series Holo Foil Parallel Cards SEE LIST!,,0.0,none,0,0
2025 Topps Update Inserts Lot (5) Night Terrors Betts Soto Tatis Jr 💥💥,Night Terrors Betts,0.6,heuristic,3,0
Lot Of 5 - 2025 Topps Update - Soto / Lindor -#US260 - Next Day Ship,Soto Lindor,0.3,heuristic,2,0
"2025 Topps Update Series Mystical insert (Lot of 3) - Harper, Soto and Lindor",Harper Soto,0.3,heuristic,2,0
2025 Topps Update Rainbow Foil - You choose the card!,,0.0,none,0,0
(8) Juan Soto / Francisco Lindor 2025 TOPPS UPDATE STAR-STUDDED LOT #US260 METS,Juan Soto Francisco,0.6,heuristic,3,0
(12) 2025 Topps Update Lot Juan Soto / Francisco Lindor #US260,Juan Soto Francisco,0.6,heuristic,3,0
2025 Topps Update Series - BASE CARDS US1-175 - You Pick - Set Builder,,0.0,none,0,0
2025 Topps Update - (10) COUNT BASE & ROOKIE CARD LOTS - #s US1-US200 - U PICK,,0.0,none,0,0
2025 Topps Update Chase Dollander Halloween Parallel Lot!! Rockies!!,Chase Dollander Halloween,0.6,heuristic,3,0
2025 Topps Update Chase Dollander Rockies Parallel/Insert RC Lot of 3,Chase Dollander Rockies,0.6,heuristic,3,0
2025 Topps Update Chase Dollander Numbered Parallel Lot,Chase Dollander Numbered,0.6,heuristic,3,0
