card_number,player_name,card_type,listing_display,listing
CPA-ARO,,,CPA-ARO Chrome Alejandro Rosario Auto Card #,Alejandro Rosario 2025 Bowman Chrome Auto Rangers Card #CPA-ARO
CPA-ARO,,,CPA-ARO Chrome /299 ALEJANDRO ROSARIO # Speckle Refractor AUTO,2025 Bowman Chrome ALEJANDRO ROSARIO #CPA-ARO Speckle Refractor RC AUTO /299
CPA-ARO,,,CPA-ARO Chrome # Alejandro Rosario Autographs,2025 Bowman Chrome #CPA-ARO Alejandro Rosario Prospect Autographs
CPA-ARO,,,CPA-ARO Chrome Alejandro Rosario Auto # [ ],Alejandro Rosario 2025 Bowman Chrome 1st Auto #CPA-ARO [Rangers]
CPA-ARO,,,CPA-ARO Chrome /100 Alejandro Rosario Autographs Mini-Diamond #,Alejandro Rosario Autographs Mini-Diamond 1st /100 2025 Bowman Chrome #CPA-ARO
CPA-ARO,,,CPA-ARO Chrome /299 # Alejandro Rosario Autographs Speckle,2025 Bowman Chrome #CPA-ARO Alejandro Rosario Prospect Autographs Speckle #/299
CPA-ARO,,,CPA-ARO Alejandro Rosario Auto,Alejandro Rosario 1st Bowman Auto CPA-ARO 2025 Rangers Prospect
CPA-ABR,,,CPA-ABR Chrome Auto Anderson Brito # Auto v8j,2025 Bowman Chrome Prospect Auto Anderson Brito #CPA-ABR Auto v8j
CPA-ABR,,,CPA-ABR Chrome Auto Anderson Brito # Auto v8j,2025 Bowman Chrome Prospect Auto Anderson Brito #CPA-ABR Auto v8j
CPA-ABR,,,CPA-ABR Chrome /299 Anderson Brito Auto Speckle Astros #,2025 Bowman Chrome Anderson Brito 1st Bowman Auto Speckle /299 Astros #CPA-ABR
CPA-ABR,,,CPA-ABR Chrome Auto Anderson Brito Auto # Astros,2025 Bowman Chrome Prospect Auto Anderson Brito 1st Bowman Auto #CPA-ABR Astros
CPA-ABR,,,CPA-ABR Chrome Autographs Anderson Brito # Blue Refractor,2025 Bowman Chrome - Prospect Autographs Anderson Brito #CPA-ABR Blue Refractor
CPA-ABR,,,"CPA-ABR Chrome Autographs Anderson Brito # (AU, )","2025 Bowman Chrome - Prospect Autographs Anderson Brito #CPA-ABR (AU, RC)"
CPA-ABR,,,"CPA-ABR Chrome Autographs Anderson Brito # (AU, )","2025 Bowman Chrome - Prospect Autographs Anderson Brito #CPA-ABR (AU, RC)"
CPA-AG,,,CPA-AG Chrome Asbel Gonzalez Auto Card KC (RM),2025 Bowman Chrome Asbel Gonzalez 1st Bowman Auto CPA-AG Card KC Royals (RM)
CPA-AG,,,CPA-AG Chrome ASBEL GONZALEZ AUTO #,2025 BOWMAN CHROME 1ST ASBEL GONZALEZ AUTO #CPA-AG
CPA-AG,,,"CPA-AG Chrome Autographs Asbel Gonzalez, Asbel Gonzalez #","2025 Bowman Chrome - Prospect Autographs Asbel Gonzalez, Asbel Gonzalez #CPA-AG"
CPA-AG,,,CPA-AG Chrome Asbel Gonzalez Auto,2025 Bowman Chrome Prospects Asbel Gonzalez 1st Bowman Auto CPA-AG Royals
CPA-AG,,,CPA-AG Chrome # Asbel Gonzalez Autographs,2025 Bowman Chrome #CPA-AG Asbel Gonzalez Prospect Autographs
CPA-AG,,,CPA-AG Chrome /250 Asbel Gonzalez Auto # Purple,2025 Bowman Chrome - 1st Bowman Asbel Gonzalez Auto #CPA-AG Purple /250 - Royals
CPA-AG,,,CPA-AG Chrome Asbel Gonzalez Auto #,2025 Bowman Chrome - 1st Bowman Asbel Gonzalez Auto #CPA-AG - Kansas City Royals
CPA-AG,,,CPA-AG Chrome ASBEL GONZALEZ Rookie Autograph Auto #,ASBEL GONZALEZ 2025 Bowman Chrome 1st Rookie RC Autograph Auto #CPA-AG
CPA-AG,,,"CPA-AG Chrome Autographs Asbel Gonzalez, Asbel Gonzalez #","2025 Bowman Chrome - Prospect Autographs Asbel Gonzalez, Asbel Gonzalez #CPA-AG"
BPA-PA,,,BPA-PA Blake Aita 2024 Paper Autograph No.,Blake Aita 2024 Bowman Paper Prospect Autograph No.BPA-PA Red Sox
CPA-BW,,,CPA-BW Chrome /499 Blake Wolters # Refractor Auto,2025 Bowman Chrome Blake Wolters #CPA-BW Refractor Auto /499 1st Bowman Royals
CPA-BW,,,CPA-BW Chrome Blake Wolters Auto #,Blake Wolters 2025 Bowman Chrome 1st Auto #CPA-BW Kansas City Royals
CPA-BW,,,"CPA-BW Chrome Autographs Blake Wolters # (AU, )","2025 Bowman Chrome - Prospect Autographs Blake Wolters #CPA-BW (AU, RC)"
CPA-BW,,,CPA-BW Chrome /250 Blake Wolters # Auto Purple Refractor,2025 Bowman Chrome Baseball Blake Wolters #CPA-BW 1st Auto Purple Refractor /250
CPA-BW,,,CPA-BW Chrome /150 Blake Wolters Autograph REFRACTOR # KC,2025 Bowman Chrome Blake Wolters Autograph /150 1st REFRACTOR #CPA-BW KC ROYALS
CPA-BW,,,CPA-BW Chrome # Blake Wolters Autographs AU,2025 Bowman Chrome #CPA-BW Blake Wolters Prospect Autographs AU
CPA-BW,,,CPA-BW Chrome Blake Wolters Auto # ( ),2025 Bowman Chrome - 1st Bowman Blake Wolters Auto #CPA-BW (RC) Royals
CPA-BW,,,CPA-BW Chrome /25 Blake Wolters Orange Refractor On Card Auto #,2025 Bowman Chrome Blake Wolters 1st Orange Refractor On Card Auto /25 #CPA-BW
CPA-BP,,,CPA-BP Chrome /99 Braylon Payne Reptilian Green Auto #,Braylon Payne 2025 Bowman Chrome Reptilian Green Auto /99 #CPA-BP
CPA-BP,,,CPA-BP Chrome /50 Gold Refractor # Braylon Payne Auto,2025 Bowman Chrome Gold Refractor #CPA-BP Braylon Payne Auto Rc /50
CPA-BP,,,CPA-BP Chrome /25 Braylon Payne Auto Orange Wave #,2025 Braylon Payne Bowman Chrome Auto Orange Wave /25 #CPA-BP Milwaukee Brewers
CPA-BP,,,CPA-BP Chrome /50 BRAYLON PAYNE Auto Gold Shimmer Refractor #,2025 Bowman Chrome BRAYLON PAYNE 32/50 Auto Gold Shimmer Refractor #CPA-BP
CPA-BP,,,CPA-BP Chrome /250 Braylon Payne # Rookie Auto Purple Refractor,2025 Bowman Chrome Braylon Payne #CPA-BP Rookie RC Auto Purple Refractor # /250
CPA-BP,,,"CPA-BP Chrome Autographs Braylon Payne, Braylon Payne # ...","2025 Bowman Chrome - Prospect Autographs Braylon Payne, Braylon Payne #CPA-BP..."
CPA-BP,,,CPA-BP Chrome /25 # Braylon Payne Autographs Orange Shimmer,2025 Bowman Chrome #CPA-BP Braylon Payne Prospect Autographs Orange Shimmer #/25
CPA-BL,,,CPA-BL Chrome /99 Brooks Lee Green Refractor Auto,2025 Bowman Chrome Brooks Lee Green Refractor Auto /99 RC Minnesota Twins CPA-BL
CPA-BL,,,CPA-BL Chrome /99 Brooks Lee Green Refractor Auto,2025 Bowman Chrome Brooks Lee Green Refractor Auto /99 RC Minnesota Twins CPA-BL
CPA-BL,,,CPA-BL Chrome /99 Brooks Lee Green Refractor Auto,2025 Bowman Chrome Brooks Lee Green Refractor Auto /99 RC Minnesota Twins CPA-BL
BCP-180,,,BCP-180 Chrome /199 Bryce Eldridge Pink Mojo Refractor,2025 Bowman Chrome -  Bryce Eldridge #BCP-180 Pink Mojo Refractor /199 Giants
BCP-180,,,"BCP-180 Chrome /99 Bryce Eldridge, Green Wave Refractor","2025 Bowman Chrome - Prospects Bryce Eldridge, BCP-180 Green Wave Refractor /99"
BCP-180,,,BCP-180 Chrome /10 Bryce Eldridge Black Wave REFRACTOR,2025 Bowman Chrome Bryce Eldridge Black Wave REFRACTOR  BCP-180  /10 Giants
BCP-180,,,BCP-180 Chrome /299 Aqua Mojo Refractor Bryce Eldridge,2025 Bowman Chrome Aqua Mojo Refractor Bryce Eldridge #BCP-180 /299
BCP-180,,,BCP-180 Chrome /50 Bryce Eldridge Gold Geometric Refractor,2025 Bowman Chrome Bryce Eldridge Gold Geometric Refractor #/50 #BCP-180 Giants
BCP-180,,,BCP-180 Chrome /25 bryce eldridge Reptilian Orange,2025 bowman chrome - bryce eldridge bcp-180 Reptilian Orange /25
BCP-180,,,BCP-180 Chrome /50 Bryce Eldridge Gold Shimmer,2025 Bowman Chrome Prospects Bryce Eldridge #BCP-180 Gold Shimmer # /50 Giants
BCP-180,,,BCP-180 Chrome /150 Bryce Eldridge Reptilian Blue,2025 Bowman Chrome - Bryce Eldridge - /150 Reptilian Blue - Giants #BCP-180
BCP-180,,,BCP-180 Chrome /4 Bryce Eldridge Base â3⁄4ï ̧ðð¥,2025 Bowman Chrome Bryce Eldridge Base BCP-180 Giants â¾ï¸ðð¥prospects
BCP-180,,,BCP-180 Chrome Bryce Eldridge Pearl Refractor,2025 Bowman Chrome Bryce Eldridge Prospects Pearl Refractor #BCP-180 Giants
BCP-180,,,BCP-180 Chrome /499 Bryce Eldridge Geometric Refractor,2025 Bowman Chrome Bryce Eldridge #BCP-180 Geometric Refractor /499 Giants
BCP-180,,,BCP-180 Chrome /99 Bryce Eldridge Green Geometric,2025 Bowman Chrome - Prospects Bryce Eldridge #BCP-180 Green Geometric / 99
BCP-180,,,BCP-180 Chrome /75 BRYCE ELDRIDGE TRUE YELLOW REFRACTOR,2025 Bowman Chrome BRYCE ELDRIDGE #BCP-180 TRUE YELLOW REFRACTOR/75
BCP-171,,,BCP-171 Chrome /100 Bubba Chandler Wave Refractor ( ),2025 Bowman Chrome Prospects Bubba Chandler #BCP-171 Wave Refractor /100 (RC)
BCP-171,,,BCP-171 Chrome /299 Bubba Chandler Aqua Mojo Refractor,2025 Bowman Chrome - Prospects Bubba Chandler #BCP-171 Aqua Mojo Refractor /299
BCP-171,,,BCP-171 Chrome /50 Bubba Chandler Gold Refractor Chrome,2025 Bowman Chrome - Bubba Chandler Gold Refractor /50 Chrome Prospect #BCP-171
BCP-171,,,BCP-171 Chrome /399 Bubba Chandler Pulsar,Bubba Chandler #/399 2025 Bowman Chrome Prospects Pulsar RC Pirates BCP-171
BCP-171,,,BCP-171 Chrome # BUBBA CHANDLER -GREEN REFRACTOR,2025 BOWMAN CHROME PROSPECTS #BCP171 BUBBA CHANDLER PROSPECTS-GREEN REFRACTOR
BCP-171,,,BCP-171 Chrome /250 Bubba Chandler Purple Shimmer,2025 Bowman Chrome Prospect #BCP-171 Bubba Chandler /250 Purple Shimmer
BCP-171,,,BCP-171 Chrome /50 Bubba Chandler Gold Sapphire TAG 9,2025 Bowman Chrome Bubba Chandler Gold Sapphire 15/50 TAG 9 #BCP-171 RC Pirates
BCP-171,,,BCP-171 Chrome /299 Bubba Chandler Aqua Mojo Refractor,2025 Bowman Chrome Bubba Chandler #BCP-171 Aqua Mojo Refractor /299 Pirates
BCP-171,,,BCP-171 Chrome /50 Bubba Chandler Gold Geometric,Bubba Chandler Gold Geometric #BCP-171 2025 Bowman Chrome Prospects /50 RC
BCP-171,,,BCP-171 Chrome /100 Bubba Chandler Wave ð¥,Bubba Chandler 2025 Bowman Chrome Prospect Wave /100 #BCP-171 Pirates ð¥
BCP-171,,,BCP-171 Chrome Mojo BUBBA CHANDLER PITCHER,BUBBA CHANDLER  2025 BOWMAN CHROME MOJO  #BCP-171 PIRATES  PITCHER
BCP-171,,,BCP-171 Chrome /125 Bubba Chandler Aqua Refractor,2025 Bowman Chrome Bubba Chandler Aqua Refractor /125 #BCP-171 Pirates
BCP-171,,,BCP-171 Chrome /75 Sapphire Bubba Chandler Color Match,2025 Bowman Chrome Sapphire Bubba Chandler BCP-171 Color Match 15/75
BCP-171,,,BCP-171 Chrome Bubba Chandler Sapphire Blue Refractor,2025 Bowman Chrome Bubba Chandler Sapphire Blue Refractor BCP-171
BCP-171,,,BCP-171 Chrome Mojo BUBBA CHANDLER PITCHER,BUBBA CHANDLER  2025 BOWMAN CHROME MOJO  #BCP-171 PIRATES  PITCHER
BCP-171,,,BCP-171 Chrome /199 BUBBA CHANDLER Fuchsia Shimmer Refractor #,BUBBA CHANDLER 2025 Bowman Chrome #BCP-171 Fuchsia Shimmer Refractor #120/199
BCP-171,,,BCP-171 Chrome /250 Bubba Chandler Purple Shimmer,2025 Bowman Chrome Prospects - Bubba Chandler #BCP-171 Purple Shimmer /250
BCP-171,,,BCP-171 Chrome Bubba Chandler ( ),2025 Bowman Chrome Bubba Chandler #BCP-171 (RC)
BCP-171,,,BCP-171 Chrome /299 Bubba Chandler Speckle Refractor,2025 Bowman Chrome Bubba Chandler 274/299 Speckle Refractor #BCP-171
BCP-171,,,BCP-171 Chrome Bubba Chandler Mini-Diamond,2025 Bowman Chrome #BCP-171 Bubba Chandler Prospects Mini-Diamond
BCP-171,,,BCP-171 Chrome /250 Bubba Chandler Purple Wave Refractor,2025 Bowman Chrome Prospect #BCP-171 Bubba Chandler /250 Purple Wave Refractor
BCP-171,,,BCP-171 Chrome /150 Bubba Chandler Blue,2025 Bowman Chrome #BCP-171 Bubba Chandler Prospects Blue #/150
CRA-CH,,,CRA-CH Chrome /50 CADE HORTON True Gold Refractor Auto,2025 Bowman Chrome CADE HORTON True Gold Refractor Auto /50 CRA-CH RC Cubs
CRA-CSM,,,CRA-CSM Chrome /99 Rookie Autographs Cam Smith# Green Refractor,2025 Bowman Chrome - Rookie Autographs Cam Smith#CRA-CSM Green Refractor /99
CPA-CT,,,"CPA-CT Chrome Autographs Carlos Tavares, Carlos Tavares #","2025 Bowman Chrome - Prospect Autographs Carlos Tavares, Carlos Tavares #CPA-CT"
CPA-CT,,,CPA-CT Chrome /75 Carlos Tavares Yellow Refractor Auto # Washington,Carlos Tavares 2025 Bowman Chrome Yellow Refractor Auto /75 #CPA-CT Washington
CPA-CT,,,"CPA-CT Chrome Autographs Carlos Tavares, Carlos Tavares #","2025 Bowman Chrome - Prospect Autographs Carlos Tavares, Carlos Tavares #CPA-CT"
CPA-CT,,,CPA-CT Chrome # Carlos Tavares Autographs,2025 Bowman Chrome #CPA-CT Carlos Tavares Prospect Autographs
CPA-CT,,,CPA-CT Chrome Carlos Tavares Auto Card #,Carlos Tavares 2025 Bowman Chrome Auto Nationals Card #CPA-CT
CPA-CT,,,CPA-CT Chrome /250 Auto Purple Refractor # Carlos Tavares AU,2025 Bowman Chrome Prospect Auto Purple Refractor /250 #CPA-CT Carlos Tavares AU
CPA-CT,,,CPA-CT Chrome /99 # Carlos Tavares Autographs Green,2025 Bowman Chrome #CPA-CT Carlos Tavares Prospect Autographs Green #/99
CPA-CT,,,CPA-CT Chrome # Carlos Tavares Autographs,2025 Bowman Chrome #CPA-CT Carlos Tavares Prospect Autographs
CPA-CT,,,CPA-CT Chrome # Carlos Tavares Autographs,2025 Bowman Chrome #CPA-CT Carlos Tavares Prospect Autographs
CPA-CT,,,"CPA-CT Chrome /299 Carlos Tavares # Speckle Refractor (AU, )","2025 Bowman Chrome -  Carlos Tavares #CPA-CT Speckle Refractor /299 (AU, RC)"
CPA-CT,,,CPA-CT Chrome /299 Carlos Tavares # Speckle Refractor,2025 Bowman Chrome - Carlos Tavares #CPA-CT Speckle Refractor /299
CPA-CT,,,CPA-CT Chrome /25 Carlos Tavares Auto Orange Shimmer # (DC),Carlos Tavares 2025 Bowman Chrome 1st Auto Orange Shimmer /25 #CPA-CT (DC)
CPA-CT,,,CPA-CT Chrome /100 Carlos Tavares # Autograph Speckle Refractor #'d,2025 Bowman Chrome Carlos Tavares #CPA-CT Autograph Speckle Refractor #'d/100
CPA-CT,,,CPA-CT Chrome /75 Carlos Tavares Yellow Refractor Auto # Washington,Carlos Tavares 2025 Bowman Chrome Yellow Refractor Auto /75 #CPA-CT Washington
CPA-CT,,,CPA-CT Chrome /499 # Carlos Tavares Autographs Refractor,2025 Bowman Chrome #CPA-CT Carlos Tavares Prospect Autographs Refractor #/499
CPA-CT,,,CPA-CT Chrome /99 # Carlos Tavares Autographs Green,2025 Bowman Chrome #CPA-CT Carlos Tavares Prospect Autographs Green #/99
BCP-234,,,BCP-234 Chrome /100 Carson Williams Wave Refractor,Carson Williams 2025 Bowman Chrome Wave Refractor /100 #BCP-234 Rays
BCP-234,,,BCP-234 Chrome CARSON WILLIAMS Laser Refractor,CARSON WILLIAMS 2025 Bowman Chrome Prospect Laser Refractor #BCP-234 Rays
BCP-234,,,BCP-234 Chrome /250 Carson Williams Purple Wave,2025 Bowman Chrome #BCP-234 Carson Williams Prospects Purple Wave #/250
BCP-234,,,"BCP-234 Chrome /250 Carson Williams, Purple Geometric ( )","2025 Bowman Chrome - Carson Williams,BCP-234 Purple Geometric  027/250 (RC)"
BCP-234,,,BCP-234 Chrome /299 Carson Williams Aqua Mojo ( ),2025 Bowman Chrome - Prospects Carson Williams #BCP-234 Aqua Mojo  /299 (RC)
BCP-234,,,BCP-234 Chrome /99 Carson Williams Green Refractor,Carson Williams 2025 Bowman Chrome Green Refractor /99 #BCP-234 Rays
BCP-234,,,BCP-234 Chrome /50 Carson Williams Gold Mojo Refractor,2025 Bowman Chrome - Prospects Carson Williams #BCP-234 Gold Mojo Refractor /50
BCP-234,,,BCP-234 Chrome /250 Carson Williams Purple Wave Refractor,2025 Bowman Chrome Carson Williams #BCP-234 Purple Wave Refractor /250  RAYS
BCP-234,,,BCP-234 Chrome Carson Williams,2025 Bowman Chrome - Prospects Carson Williams #BCP-234
BCP-248,,,BCP-248 Chrome /75 Yellow Geometric Refractor # Charlie Condon,2025 Bowman Chrome Yellow Geometric Refractor #BCP248 Charlie Condon /75
BCP-248,,,BCP-248 Chrome /75 Yellow Wave Refractors # Charlie Condon,2025 Bowman Chrome Prospects Yellow Wave Refractors #BCP248 Charlie Condon /75
BCP-248,,,BCP-248 Chrome /75 Sapphire Yellow Refractor # Charlie Condon,2025 Bowman Chrome Sapphire Yellow Refractor #BCP248 Charlie Condon /75
BCP-248,,,BCP-248 Chrome /75 Sapphire Yellow Refractor # Charlie Condon ( ),2025 Bowman Chrome Sapphire Yellow Refractor #BCP248 Charlie Condon (RC) /75
BCP-248,,,BCP-248 Chrome /199 Fuchsia Shimmer Refractor # Charlie Condon,2025 Bowman Chrome Fuchsia Shimmer Refractor #BCP248 Charlie Condon /199
BCP-248,,,"BCP-248 Chrome Charlie Condon, Charlie Condon Green...","2025 Bowman Chrome - Prospects Charlie Condon, Charlie Condon #BCP-248 Green..."
BCP-248,,,BCP-248 Sapphire Charlie Condon,2025 Bowman Sapphire Charlie Condon #BCP-248 Colorado Rockies
CPA-CHA,,,CPA-CHA Chrome # Chase Hampton Chrome Auto,2025 Bowman Chrome #CPA-CHA Chase Hampton Chrome Auto
CPA-CHA,,,CPA-CHA Chrome Chase Hampton Auto #,2025 Bowman Chrome Chase Hampton Auto 1st Prospect #CPA-CHA Yankees
CPA-CHA,,,CPA-CHA Chrome Chase Hampton Auto Card #,Chase Hampton 2025 Bowman Chrome Auto Yankees Card #CPA-CHA
CPA-CHA,,,CPA-CHA Chrome Chase Hampton Auto #,2025 Bowman Chrome Chase Hampton Auto 1st Prospect #CPA-CHA New York Yankees
CPA-CHA,,,CPA-CHA Chrome CHASE HAMPTON # Auto,2025 Bowman Chrome CHASE HAMPTON #CPA-CHA 1st Prospect Auto New York Yankees
CPA-CHA,,,CPA-CHA Chrome /150 # Chase Hampton NYY TRUE BLUE AUTO,2025 Bowman Chrome #CPA-CHA Chase Hampton 1st NYY Yankees TRUE BLUE 112/150 AUTO
CPA-CHA,,,CPA-CHA Chrome /150 # Chase Hampton True Blue AUTO,2025 Bowman Chrome #CPA-CHA Chase Hampton 1st True Blue 014/150 AUTO Yankees
CPA-CHA,,,"CPA-CHA Chrome Autographs Chase Hampton, Chase Hampton #","2025 Bowman Chrome - Prospect Autographs Chase Hampton, Chase Hampton #CPA-CHA"
CPA-CHA,,,CPA-CHA Chrome /4 Chase Hampton Auto On Card # â3⁄4ï ̧,2025 Bowman Chrome Chase Hampton 1st Auto On Card #CPA-CHA â¾ï¸ New York Yankees
CPA-CHA,,,CPA-CHA Chrome CHASE HAMPTON Rookie Autograph Auto #,CHASE HAMPTON 2025 Bowman Chrome 1st Rookie RC Autograph Auto #CPA-CHA
CPA-CHA,,,CPA-CHA Chrome Chase Hampton Auto #,2025 Bowman Chrome 1st Chase Hampton Auto #CPA-CHA Yankees
CPA-CHA,,,CPA-CHA Chrome # Chase Hampton Autographs Auto BZ21,2025 Bowman Chrome #CPA-CHA Chase Hampton Prospect Autographs Auto BZ21
CPA-CMV,,,CPA-CMV /299 BowmanChrome Speckles Autograph Chase Mobley ( ),2025 BowmanChrome Speckles Autograph - Chase Mobley (CPA-CMV)  Guardians 251/299
CRA-CN,,,CRA-CN Chrome /99 Connor Norby Green Refractor Auto #,2025 Bowman Chrome RC Connor Norby Green Refractor Auto 76/99 #CRA-CN
CRA-CN,,,CRA-CN Chrome /50 Connor Norby Gold Refractor Rookie Auto #,2025 Bowman Chrome Connor Norby Gold Refractor Rookie Auto /50 #CRA-CN RC
CRA-CN,,,CRA-CN Chrome /99 Connor Norby Rookie Green Autographs,2025 Bowman Chrome Connor Norby CRA-CN Miami Marlins Rookie Green Autographs /99
CRA-CN,,,"CRA-CN Chrome Rookie Autographs Connor Norby, Connor Norby # ...","2025 Bowman Chrome - Rookie Autographs Connor Norby, Connor Norby #CRA-CN..."
CRA-DR,,,CRA-DR Chrome /150 Dalton Rushing # Mojo Refractor Autograph,2025 Bowman Chrome Dalton Rushing #CRA-DR Mojo Refractor Autograph /150 Dodgers
CRA-DR,,,CRA-DR Chrome /150 Rookie Autographs Dalton Rushing Blue Refractor,2025 Bowman Chrome Rookie Autographs Dalton Rushing CRA-DR Blue Refractor /150
CRA-DR,,,CRA-DR Chrome /150 Dalton Rushing # Blue Refractor Auto,2025 Bowman Chrome Dalton Rushing #CRA-DR Blue Refractor Auto /150 Dodgers
CRA-DR,,,"CRA-DR Chrome Rookie Autographs Dalton Rushing, Dalton Rushing # ...","2025 Bowman Chrome - Rookie Autographs Dalton Rushing, Dalton Rushing #CRA-DR..."
CRA-DR,,,CRA-DR Chrome /499 Dalton Rushing Rookie Refractor Auto #,2025 Bowman Chrome Dalton Rushing Rookie RC Refractor Auto /499 #CRA-DR Dodgers
CPA-DOR,,,CPA-DOR Chrome /499 Refractor David Ortiz Jr # Auto p3n,2025 Bowman Chrome Prospect Refractor 496/499 David Ortiz Jr #CPA-DOR Auto p3n
CRA-DB,,,"CRA-DB Chrome Rookie Autographs Drake Baldwin, Drake Baldwin #","2025 Bowman Chrome - Rookie Autographs Drake Baldwin, Drake Baldwin #CRA-DB"
CRA-DB,,,"CRA-DB Chrome Rookie Autographs Drake Baldwin, Drake Baldwin # (AU,","2025 Bowman Chrome - Rookie Autographs Drake Baldwin, Drake Baldwin #CRA-DB (AU,"
CRA-DT,,,CRA-DT Chrome /50 Drew Thorpe # Gold Refractor Auto #,2025 Bowman Chrome Drew Thorpe #CRA-DT Gold Refractor Auto #22/50 White Sox RC
CRA-DT,,,CRA-DT Chrome # Drew Thorpe Rookie Autographs,2025 Bowman Chrome #CRA-DT Drew Thorpe Rookie Autographs
CRA-DT,,,CRA-DT Chrome /150 Drew Thorpe Blue Refractor Auto #,Drew Thorpe 2025 Bowman Chrome Blue Refractor RC Auto /150 #CRA-DT White Sox
CRA-DT,,,"CRA-DT Chrome Rookie Autographs Drew Thorpe, Drew Thorpe # Gold...","2025 Bowman Chrome - Rookie Autographs Drew Thorpe, Drew Thorpe #CRA-DT Gold..."
CRA-DT,,,CRA-DT Chrome /99 Drew Thorpe Green Refractor Auto,Drew Thorpe 2025 Bowman Chrome Green Refractor /99 Auto RC White Sox CRA-DT
CRA-EQ,,,CRA-EQ Chrome /499 # Edgar Quero Rookie Refactor Autograph,2025 Bowman Chrome #CRA-EQ Edgar Quero Rookie Refactor Autograph /499
CRA-EQ,,,CRA-EQ Chrome /499 Edgar Quero # Refractor Auto,2025 Bowman Chrome Edgar Quero #CRA-EQ Refractor Auto RC 023/499 White Sox
CRA-EQ,,,CRA-EQ Chrome /50 Edgar Quero Gold Auto,2025 Bowman Chrome Edgar Quero CRA-EQ Gold RC Auto #/50 Chicago White Sox
CRA-EQ,,,CRA-EQ Chrome /150 # Edgar Quero Mojo Rookie Autograph,2025 Bowman Chrome #CRA-EQ Edgar Quero Mojo Rookie Autograph   /150 - White Sox
CRA-EQ,,,CRA-EQ Chrome Edgar Quero ( ) On-Card Rookie Auto #,Edgar Quero (RC) 2025 Bowman Chrome On-Card Rookie Auto #CRA-EQ White Sox
CRA-EQ,,,"CRA-EQ Chrome Rookie Autographs Edgar Quero, Edgar Quero # (AU, )","2025 Bowman Chrome - Rookie Autographs Edgar Quero, Edgar Quero #CRA-EQ (AU, RC)"
CRA-EQ,,,"CRA-EQ Chrome /299 Rookie Edgar Quero, Edgar Quero # Prp","2025 Bowman Chrome - Rookie Edgar Quero, Edgar Quero #CRA-EQ Prp/ 299"
CRA-EQ,,,CRA-EQ Chrome /99 EDGAR QUERO # Rookie Green Refractor Auto,EDGAR QUERO 2025 Bowman Chrome #CRA-EQ Rookie Green Refractor Auto /99
CRA-EQ,,,"CRA-EQ Chrome Rookie Auto Edgar Quero # ( ,AU)","2025 Bowman Chrome Rookie Auto Edgar Quero Chicago White Sox #CRA-EQ (RC,AU)"
CPA-EG,,,CPA-EG Chrome Elvin Garcia # Autographs,Elvin Garcia 2025 Bowman Chrome #CPA-EG Prospect Autographs
CPA-EG,,,CPA-EG Chrome /299 Elvin Garcia # Speckle Refractor Auto,2025 Bowman Chrome Elvin Garcia #CPA-EG 1st Bowman Speckle Refractor Auto 55/299
CPA-EG,,,CPA-EG Chrome # Elvin Garcia Autographs,2025 Bowman Chrome #CPA-EG Elvin Garcia Prospect Autographs
CPA-EG,,,CPA-EG Chrome Elvin Garcia Auto,Topps 2025 Bowman Chrome Elvin Garcia Orioles 1st Bowman Auto CPA-EG
CPA-EG,,,CPA-EG Chrome # Elvin Garcia Autographs,2025 Bowman Chrome #CPA-EG Elvin Garcia Prospect Autographs
CPA-EG,,,CPA-EG Chrome Auto Elvin Garcia # Autograph,2025 Bowman Chrome Prospect Auto Elvin Garcia #CPA-EG Autograph
CPA-EG,,,CPA-EG Chrome # Elvin Garcia Autographs,2025 Bowman Chrome #CPA-EG Elvin Garcia Prospect Autographs
CPA-EG,,,CPA-EG Chrome /499 # Elvin Garcia Autographs Refractor,2025 Bowman Chrome #CPA-EG Elvin Garcia Prospect Autographs Refractor #/499
CPA-EG,,,"CPA-EG Chrome Autographs Elvin Garcia, # (AU, )","2025 Bowman Chrome - Prospect Autographs Elvin Garcia, #CPA-EG (AU, RC)"
CPA-EG,,,CPA-EG Chrome Elvin Garcia Auto #,Elvin Garcia Auto 1st Bowman Prospect 2025 Bowman Chrome #CPA-EG Orioles
CPA-EG,,,CPA-EG Chrome /299 Elvin Garcia Speckle Auto,2025 Bowman Chrome Prospects Elvin Garcia CPA-EG Speckle Auto /299 Orioles
CPA-EG,,,CPA-EG Chrome ELVIN GARCIA On Card Auto #,2025 Bowman Chrome ELVIN GARCIA 1st Bowman On Card Auto Prospect #CPA-EG
CPA-EMO,,,"CPA-EMO Chrome Autographs Emil Morales, # (AU, )","2025 Bowman Chrome - Prospect Autographs Emil Morales, #CPA-EMO (AU, RC)"
CPA-EMO,,,CPA-EMO Chrome /99 Autograph Emil Morales Green Reptilian,2025 Bowman Chrome Prospect Autograph Emil Morales Green Reptilian 76/99 CPA-EMO
CPA-EMO,,,CPA-EMO Chrome /50 Auto Emil Morales # Gold Shimmer,2025 Bowman Chrome Prospect Auto Emil Morales #CPA-EMO Gold Shimmer /50
BCP-169,,,BCP-169 Chrome /50 Ethan Salas Sapphire Gold,Ethan Salas 2025 Bowman Chrome #BCP-169 Sapphire Gold /50
BCP-169,,,BCP-169 Chrome /150 Ethan Salas Blue Refractor,Ethan Salas 2025 Bowman Chrome Blue Refractor /150 #BCP-169 Padres
BCP-169,,,BCP-169 Chrome Ethan Salas Laser,2025 Bowman Chrome #BCP-169 Ethan Salas San Diego Padres Prospects Laser
BCP-169,,,BCP-169 Chrome /5 Ethan Salas Red,Ethan Salas 2025 Bowman Chrome #BCP-169 Prospects Red #/5
BCP-169,,,BCP-169 Chrome Ethan Salas,2025 Bowman Chrome Prospects #BCP-169 Ethan Salas San Diego Padres
BCP-169,,,BCP-169 Chrome /299 Ethan Salas Speckle Refractor,2025 Bowman Chrome Ethan Salas /299  Speckle Refractor #BCP-169
BCP-169,,,BCP-169 Chrome /299 Ethan Salas,2025 Bowman Chrome Ethan Salas /299 BCP-169
BCP-169,,,BCP-169 Chrome /250 Ethan Salas Purple Shimmer,2025 Bowman Chrome Ethan Salas Purple Shimmer /250 San Diego Padres #BCP-169
BCP-169,,,BCP-169 Chrome /250 Ethan Salas PURPLE REFRACTOR,2025 Bowman Chrome Ethan Salas PURPLE REFRACTOR /250 #BCP-169 Padres Prospect
BCP-169,,,BCP-169 Chrome /499 Ethan Salas Geometric,2025 Bowman Chrome - Ethan Salas #BCP-169 Geometric /499
BCP-169,,,BCP-169 Chrome Ethan Salas,2025 Bowman Chrome Ethan Salas #BCP-169 Prospects
BCP-169,,,BCP-169 Chrome /50 Ethan Salas Gold Wave,2025 Bowman Chrome #BCP-169 Ethan Salas Prospects Gold Wave #/50
BCP-169,,,BCP-169 Chrome ETHAN SALAS Snack Pack Peanuts Refractor SSP,2025 Bowman Chrome ETHAN SALAS Snack Pack Peanuts Refractor SSP Padres BCP-169
BCP-169,,,BCP-169 Chrome /50 Ethan Salas Gold Geometric,2025 Bowman Chrome Ethan Salas Prospects Gold Geometric /50 #BCP-169 Padres
BCP-169,,,BCP-169 Chrome /75 Ethan Salas Yellow Geometric,2025 Bowman Chrome Ethan Salas Prospects Yellow Geometric /75 #BCP-169 Padres
BCP-169,,,BCP-169 Chrome /99 Ethan Salas Green Card,2025 Bowman Chrome Ethan Salas Prospects Green #BCP-169 Baseball Card #/99
BCP-169,,,BCP-169 Chrome /99 Ethan Salas Green Refractor,2025 Bowman Chrome Prospects Ethan Salas Green Refractor /99 #BCP-169
BCP-169,,,"BCP-169 Chrome /99 Ethan Salas, Green Geometric","2025 Bowman Chrome - Prospects Ethan Salas, #BCP-169 Green Geometric /99 Padres"
BCP-169,,,BCP-169 Chrome Base Ethan Salas,2025 Bowman Chrome Base Ethan Salas San Diego Padres #BCP-169
BCP-169,,,BCP-169 Chrome /299 Ethan Salas SPECKLE REFRACTOR N6,Ethan Salas 2025 Bowman Chrome SPECKLE REFRACTOR 213/299 Padres #BCP-169 RC N6
BCP-169,,,BCP-169 Chrome /125 Ethan Salas Aqua,2025 Bowman Chrome #BCP-169 Ethan Salas Prospects Aqua #/125 Padres
BCP-169,,,BCP-169 Chrome Ethan Salas Sapphire,Ethan Salas 2025 Bowman Chrome Sapphire Edition Prospects #BCP-169 Padres
BCP-169,,,BCP-169 Chrome /299 Speckle Refractor Ethan Salas,2025 Bowman Chrome Speckle Refractor Ethan Salas /299 #BCP-169 Padres
BCP-169,,,BCP-169 Chrome /250 Ethan Salas Purple Shimmer,2025 Bowman Chrome #BCP-169 Ethan Salas Purple Shimmer /250
BCP-169,,,BCP-169 Chrome /299 Ethan Salas Fuchsia Refractor Rookie,2025 Bowman Chrome Prospects Ethan Salas #BCP-169 Fuchsia Refractor /299 Rookie
BCP-169,,,BCP-169 Chrome /199 Ethan Salas Fuchsia Shimmer,2025 Bowman Chrome #BCP-169 Ethan Salas Prospects Fuchsia Shimmer #/199
BCP-169,,,BCP-169 Chrome /299 Ethan Salas Pink Geometric Refractor SD,2025 Ethan Salas Bowman Chrome Pink Geometric Refractor /299 BCP-169 SD Padres
CPA-HS,,,CPA-HS Chrome /99 # Hagen Smith Autographs Green Lava,2025 Bowman Chrome #CPA-HS Hagen Smith Prospect Autographs Green Lava #/99
CPA-HS,,,CPA-HS Chrome /25 Hagen Smith # True Orange Auto SP,Hagen Smith 2025 Bowman Chrome #CPA-HS True Orange Auto /25 SP Chicago White Sox
CRA-HW,,,"CRA-HW Chrome /150 Rookie Hurston Waldrep # Blue Refractor (AU, )","2025 Bowman Chrome - Rookie Hurston Waldrep #CRA-HW Blue Refractor /150 (AU, RC)"
CRA-HW,,,CRA-HW Chrome /150 # Hurston Waldrep True Blue Auto,2025 Bowman Chrome #CRA-HW Hurston Waldrep RC  True Blue Auto /150
CRA-HW,,,"CRA-HW Chrome Rookie Autographs Hurston Waldrep, Hurston Waldrep #","2025 Bowman Chrome - Rookie Autographs Hurston Waldrep, Hurston Waldrep #CRA-HW"
CRA-HW,,,CRA-HW Chrome /499 Rookie Autograph Hurston Waldrep Refractor #,2025 Bowman Chrome - Rookie Autograph Hurston Waldrep Refractor /499 RC #CRA-HW
CRA-HW,,,CRA-HW Chrome /499 Hurston Waldrep Rookie Auto Refractor #,Hurston Waldrep 2025 Bowman Chrome Rookie Auto Refractor /499 RC Braves #CRA-HW
CRA-HK,,,CRA-HK Chrome /399 # Hyeseong Kim Rookie Autographs,2025 Bowman Chrome #CRA-HK Hyeseong Kim Rookie Autographs /399
CRA-HK,,,CRA-HK Chrome /25 ORANGE MOJO AUTO Hyeseong Kim ROOKIE # LA,2025 Bowman Chrome ORANGE MOJO /25 AUTO Hyeseong Kim ROOKIE #CRA-HK LA Dodgers
BCP-154,,,BCP-154 Chrome Refractor Laser Jac Caglianone,2025 Bowman Chrome Prospect Refractor Laser Jac Caglianone BCP-154
BCP-154,,,BCP-154 Chrome Jac Caglianone NM,2025 Jac Caglianone Bowman Chrome - Prospects BCP-154 NM
BCP-154,,,BCP-154 Chrome /150 Jac Caglianone True Blue,2025 Bowman Chrome Prospects Jac Caglianone True Blue /150  #BCP-154
BCP-154,,,BCP-154 Chrome Jac Caglianone Shimmer Refractor ( ),2025 Bowman Chrome - Prospects Jac Caglianone #BCP-154 Shimmer Refractor (RC)
BCP-154,,,BCP-154 Chrome /5 JAC CAGLIANONE Red Reptile Refractor,JAC CAGLIANONE 2025 Bowman Chrome #BCP-154 Red Reptile Refractor /5
BCP-154,,,BCP-154 Chrome /150 Jac Caglianone Blue Geometric,2025 Bowman Chrome #BCP-154 Jac Caglianone Prospects Blue Geometric #/150
BCP-154,,,BCP-154 Chrome /499 Jac Caglianone Geometric,2025 Bowman Chrome #BCP-154 Jac Caglianone Prospects Geometric #/499
BCP-154,,,BCP-154 Chrome Jac Caglianone Mini-Diamond,2025 Bowman Chrome #BCP-154 Jac Caglianone Prospects Mini-Diamond
CPA-JWR,,,CPA-JWR Chrome Jakob Wright Auto Card #,Jakob Wright 2025 Bowman Chrome Auto Dodgers Card #CPA-JWR
CPA-JWR,,,CPA-JWR Chrome /99 JAKOB WRIGHT # Green Reptilian AUTO,2025 Bowman Chrome JAKOB WRIGHT #CPA-JWR 1st Bowman Green Reptilian AUTO /99
CPA-JWR,,,CPA-JWR Chrome /99 Auto Jakob Wright # ( ) Green Lava Refractor,2025 Bowman Chrome 1st Auto Jakob Wright #CPA-JWR (RC) Green Lava Refractor /99
CPA-JWR,,,CPA-JWR Chrome /100 Jakob Wright # Auto Mini Diamond Refractor AC6,Jakob Wright 2025 Bowman Chrome #CPA-JWR Auto Mini Diamond Refractor /100 AC6
CPA-JWR,,,"CPA-JWR Chrome Autographs Jakob Wright # (AU, )","2025 Bowman Chrome - Prospect Autographs Jakob Wright #CPA-JWR (AU, RC)"
CPA-JWR,,,CPA-JWR Chrome /499 JAKOB WRIGHT# REFRACTOR AUTO,2025 Bowman Chrome JAKOB WRIGHT#CPA-JWR REFRACTOR AUTO /499
CPA-JWR,,,CPA-JWR Chrome Jakob Wright # Auto,2025 Bowman Chrome Jakob Wright #CPA-JWR Auto 1st Prospect Dodgers
BCP-208,,,BCP-208 Chrome /199 James Triantos Pink Mojo #ed,2025 Bowman Chrome #BCP-208 James Triantos 1st Prospect Pink Mojo #ed /199
BCP-245,,,BCP-245 Chrome /150 Jesus Made Blue Geometric,2025 Bowman Chrome #BCP-245 Jesus Made Prospects Blue Geometric #/150
BCP-245,,,BCP-245 Chrome Shimmer Refractor Jesus Made,2025 Bowman Chrome Prospects Shimmer Refractor Jesus Made #BCP-245
BCP-245,,,BCP-245 Chrome /299 Jesus Made Aqua Mojo Refractor ( ),2025 Bowman Chrome - Prospects Jesus Made #BCP-245 Aqua Mojo Refractor /299 (RC)
CRA-JN,,,CRA-JN Chrome /499 Jhonkensy Noel Auto Refractor #,2025 Bowman Chrome Jhonkensy Noel /499 RC Auto Refractor #CRA-JN Guardians
CRA-JN,,,"CRA-JN Chrome Rookie Autographs Jhonkensy Noel, Jhonkensy Noel # ...","2025 Bowman Chrome - Rookie Autographs Jhonkensy Noel, Jhonkensy Noel #CRA-JN..."
BCP-241,,,BCP-241 Chrome Mojo JJ Wetherholt Autographed,JJ Wetherholt Autographed 2025 Bowman Chrome Prospects MOJO BCP-241 Rookie Card
BCP-241,,,BCP-241 Chrome Mini Diamond JJ Wetherholt,2025 Bowman Chrome Mini Diamond JJ Wetherholt #BCP-241
BS-18,,,BS-18 Chrome Jace Jung #225 Green Lava Refractor Josh Jung Rookie,2025 Topps Chrome - Jace Jung #225 Green Lava Refractor Josh Jung Rookie #BS-18
CRA-KC,,,CRA-KC Chrome /150 Kristian Campbell True Blue Rookie auto #,Kristian Campbell - 2025 Bowman Chrome True Blue Rookie auto /150 #CRA-KC
CRA-KC,,,CRA-KC Chrome /99 # Kristian Campbell Green Rookie Auto,2025 Bowman Chrome - #CRA-KC Kristian Campbell Green Rookie Auto /99
BCP-204,,,BCP-204 Chrome /150 Leo de Vries Blue Refractor ( ),2025 Bowman Chrome Prospects Leo de Vries Blue Refractor /150 #BCP-204 (RC)
BCP-204,,,BCP-204 Chrome /25 Leo de Vries Orange Wave SP SD,2025 Bowman Chrome Baseball Leo de Vries Orange Wave SP 10/25 SD Padres #BCP-204
BCP-204,,,BCP-204 Chrome Leo De Vries Popcorn Refractor Aâs,2025 Bowman Chrome #BCP-204 Leo De Vries Prospects Popcorn Refractor Padres Aâs
BCP-239,,,BCP-239 Chrome /125 Luis Pena Aqua Geometric Refractor ( ),2025 Bowman Chrome - Luis Pena #BCP-239 Aqua Geometric Refractor /125 (RC)
BCP-239,,,BCP-239 Chrome Luis Pena Laser Refractor ( ),2025 Bowman Chrome - Prospects Luis Pena #BCP-239 Laser Refractor (RC)
CRA-MM,,,CRA-MM Chrome /150 Marcelo Mayer True Blue Refractor Auto #,2025 Bowman Chrome - Marcelo Mayer True Blue Refractor Auto RC /150 -  #CRA-MM
BS-27,,,BS-27 Chrome /150 Blue Mojo Refractor Matt Chapman #49,2025 Bowman Chrome Blue Mojo Refractor /150 Matt Chapman #49 BS27
CRA-MS,,,CRA-MS Chrome /150 Matt Shaw Rookie True Blue Refractor Auto,2025 Bowman Chrome Matt Shaw Rookie RC True Blue Refractor Auto /150 CRA-MS Cubs
CPA-MC,,,CPA-MC Chrome Autographs Mike Vasil #,2025 Bowman - Chrome Prospect Autographs Mike Vasil #CPA-MC Rays Rc
CRA-MB,,,CRA-MB Chrome /150 Moises Ballesteros Blue Refractor Auto #,2025 Bowman Chrome Moises Ballesteros Blue Refractor Auto /150 - #CRA-MB
BCP-177,,,BCP-177 Chrome /125 Noah Schultz Aqua Geometric CALLUP,2025 Bowman Chrome Noah Schultz BCP-177 Aqua Geometric /125 WHITE SOX CALLUP
BCP-177,,,BCP-177 Chrome Noah Schultz Mini-Diamond Refractor ( ),2025 Bowman Chrome - Prospects Noah Schultz #BCP-177 Mini-Diamond Refractor (RC)
BCP-177,,,BCP-177 Chrome /150 Blue Wave Refractor Noah Schultz,2025 Bowman Chrome Prospects Blue Wave Refractor 124/150 Noah Schultz #BCP-177
BCP-177,,,BCP-177 Chrome /75 Noah Schultz Yellow Wave,2025 Topps Bowman Chrome Noah Schultz #BCP-177 Yellow Wave /75 White Sox
BCP-177,,,BCP-177 Chrome /150 Noah Schultz Blue Geometric Refractor,2025 Bowman Chrome Noah Schultz Blue Geometric Refractor /150 White Sox #BCP-177
BCP-177,,,BCP-177 Chrome /150 Noah Schultz Blue Refractor,2025 Bowman Chrome - Prospects Noah Schultz #BCP-177 Blue Refractor /150
BCP-177,,,BCP-177 Chrome /250 Noah Schultz Purple Refractor,2025 Bowman Chrome - Prospects Noah Schultz #BCP-177 Purple Refractor/250
BCP-177,,,BCP-177 Chrome Noah Schultz Snack Pack Peanut Refractor,2025 Bowman Chrome - Prospects Noah Schultz #BCP-177 Snack Pack Peanut Refractor
BCP-177,,,BCP-177 Chrome /99 Noah Schultz Green Shimmer,2025 Bowman Chrome Prospects Noah Schultz  #BCP-177 Green Shimmer /99
BCP-177,,,BCP-177 Chrome /499 Noah Schultz Geometric Refractor ( ),2025 Bowman Chrome - Noah Schultz #BCP-177 Geometric Refractor /499 (RC)
BCP-177,,,BCP-177 Chrome /150 Noah Schultz Reptilian Blue READ,2025 Bowman Chrome #BCP-177 Noah Schultz Prospects Reptilian Blue #/150 READ
BCP-177,,,BCP-177 Chrome /75 Noah Schultz Yellow Sapphire,2025 Bowman Chrome Noah Schultz #BCP-177 Yellow Sapphire /75
BCP-177,,,BCP-177 Chrome /50 Noah Schultz Gold Geometric Refractor,2025 Bowman Chrome Noah Schultz #BCP-177 Gold Geometric Refractor /50
BCP-177,,,BCP-177 Chrome /99 Noah Schultz Green Reptilian,2025 Bowman Chrome - Prospects Noah Schultz #BCP-177 Green Reptilian /99
BCP-177,,,BCP-177 Chrome Shimmer Refractor Noah Schultz,2025 Bowman Chrome Shimmer Refractor - Noah Schultz -  #BCP-177 White Sox
BCP-177,,,BCP-177 Chrome /50 Noah Schultz Gold Refractor,Noah Schultz - 2025 Bowman Chrome Prospect 1st Gold Refractor /50 #BCP-177
BTP-177,,,BTP-177 Chrome /125 Noah Schultz Aqua Refractor,Topps 2025 Bowman Chrome Noah Schultz #BTP-177  Aqua Refractor /125 White Sox
BPA-NS,,,BPA-NS /250 Noah Schultz Refractor Auto #,2025 Bowman Noah Schultz Chicago White Sox Refractor Auto 189/250 #BPA-NS
BCP-177,,,BCP-177 Chrome /75 Noah Schultz Yellow Refractor ( ),2025 Bowman Chrome - Prospects Noah Schultz #BCP-177 Yellow Refractor /75 (RC)
BCP-177,,,BCP-177 Chrome /150 Noah Schultz Blue Wave,Noah Schultz 2025 Bowman Chrome Prospects Blue Wave /150 #BCP-177 White Sox
BCP-177,,,BCP-177 Chrome Noah Schultz,2025 Bowman Chrome - Prospects Noah Schultz #BCP-177
BCP-177,,,BCP-177 Chrome SAPPHIRE Noah Schultz,2025 Bowman Chrome SAPPHIRE Noah Schultz White Sox #BCP-177
CRA-RH,,,CRA-RH Chrome /499 # Rece Hinds Rookie Autographs Refractor,2025 Bowman Chrome #CRA-RH Rece Hinds Rookie Autographs Refractor #/499
CRA-RH,,,CRA-RH Chrome /499 Rece Hinds Refractor Silver Auto #,2025 Bowman Chrome - Rece Hinds RC  Refractor Silver Auto /499 Reds  #CRA-RH
CRA-RH,,,CRA-RH Chrome /499 Rookie Autograph Refractor Rece Hinds,Topps 2025 Bowman Chrome Rookie Autograph Refractor /499 Rece Hinds Reds CRA-RH
CRA-RH,,,CRA-RH Chrome /499 Rece Hinds Refractor Auto Rookie ( ),2025 Bowman Chrome Rece Hinds #CRA-RH /499 Refractor Auto Rookie (RC)
CRA-RR,,,CRA-RR Chrome /499 # River Ryan Refractor Auto,2025 Bowman Chrome #CRA-RR River Ryan Refractor Auto /499 RC
CRA-RR,,,CRA-RR Chrome /50 True Gold Ref Auto River Ryan #,2025 Bowman Chrome True Gold Ref Auto RC River Ryan #CRA-RR #/50
CRA-RR,,,CRA-RR Chrome /150 Blue Ref Auto River Ryan # #,2025 Bowman Chrome Blue Ref Auto RC River Ryan #CRA-RR #149/150
CRA-RR,,,CRA-RR Chrome /25 ORANGE REF AUTO RIVER RYAN #,2025 BOWMAN CHROME ORANGE REF AUTO RC RIVER RYAN /25 #CRA-RR
CRA-RR,,,CRA-RR Chrome /499 Refractor Auto River Ryan On Card Auto # #,2025 Bowman Chrome Refractor Auto RC River Ryan On Card Auto #CRA-RR #289/499
CRA-RR,,,CRA-RR Chrome /99 GREEN REF AUTO RIVER RYAN # # MINT OR BETTER.,2025 BOWMAN CHROME GREEN REF AUTO RC RIVER RYAN #CRA-RR #84/99 MINT OR BETTER.
BCP-167,,,BCP-167 Chrome Roman Anthony Mojo Refractor ( ),2025 Bowman Chrome - Prospects Roman Anthony #BCP-167 Mojo Refractor (RC)
BCP-167,,,BCP-167 Chrome Roman Anthony Mojo Refractor,2025 Bowman Chrome Roman Anthony Mojo Refractor #BCP-167 Boston Red Sox
BCP-167,,,BCP-167 Chrome Roman Anthony,Roman Anthony 2025 Bowman Chrome #BCP-167 Prospects
BCP-167,,,BCP-167 Chrome /250 Roman Anthony Purple Refractor,Roman Anthony 2025 Bowman Chrome Purple Refractor #BCP-167 241/250 Red Sox
BCP-167,,,BCP-167 Chrome Roman Anthony Mojo Refractor ( ),2025 Bowman Chrome - Prospects Roman Anthony #BCP-167 Mojo Refractor (RC)
BCP-167,,,"BCP-167 Chrome /50 TRUE GOLD Roman Anthony (AU, ,SSP) ð¥RED SOXð¥","2025 Bowman Chrome TRUE GOLD #BCP-167 Roman Anthony /50 (AU,RC,SSP) ð¥RED SOXð¥"
BCP-167,,,BCP-167 Chrome Roman Anthony,2025 Bowman Chrome Prospects Roman Anthony #BCP-167
BCP-167,,,BCP-167 Chrome /50 Sapphire Roman Anthony Gold,2025 Bowman Chrome Sapphire Roman Anthony Gold /50 #BCP-167
BCP-167,,,BCP-167 Chrome /150 Roman Anthony True Blue #âd,Roman Anthony 2025 Bowman Chrome Prospects True Blue #BCP-167 #âd /150
BCP-167,,,BCP-167 Chrome /75 Roman Anthony Yellow Mojo Refractor,2025 Bowman Chrome - Prospects Roman Anthony #BCP-167 Yellow Mojo Refractor /75
BCP-167,,,BCP-167 Chrome /99 Roman Anthony Green Refractor,Bowman 2025 Chrome Roman Anthony Green Refractor 70/99 #BCP-167 Red Sox
BCP-167,,,BCP-167 Chrome Roman Anthony Laser Refractor ( ),2025 Bowman Chrome - Prospects Roman Anthony #BCP-167 Laser Refractor (RC)
BCP-167,,,BCP-167 Chrome /499 Roman Anthony Refractor,2025 Bowman Chrome - Prospects Roman Anthony #BCP-167 Refractor /499
BCP-167,,,BCP-167 Chrome /250 Roman Anthony True Purple Refractor,2025 Bowman Chrome Prospects #BCP-167 Roman Anthony True Purple Refractor /250
BCP-167,,,BCP-167 Chrome Sapphire Roman Anthony Refractor,2025 Bowman Chrome Sapphire #BCP-167 Roman Anthony Refractor
BCP-167,,,BCP-167 Chrome Roman Anthony Mojo Refractor ( ),2025 Bowman Chrome - Prospects Roman Anthony #BCP-167 Mojo Refractor (RC)
BCP-167,,,BCP-167 Chrome Roman Anthony Mojo Refractor ( ),2025 Bowman Chrome - Prospects Roman Anthony #BCP-167 Mojo Refractor (RC)
BCP-167,,,BCP-167 Chrome /299 Roman Anthony Fuchsia Geometric,2025 Bowman Chrome #BCP-167 Roman Anthony Prospects Fuchsia Geometric #/299
CPA-SH,,,CPA-SH Chrome /499 Sammy Hernandez # Prosp Auto Refractor,2025 Bowman Chrome Sammy Hernandez #CPA-SH Prosp Auto Refractor 1st Bowman /499
CPA-SH,,,CPA-SH Chrome /299 # Sammy Hernandez Auto Speckle,2025 Bowman Chrome #CPA-SH Sammy Hernandez Auto Speckle #/299
CPA-SH,,,CPA-SH Chrome # Sammy Hernandez Autographs,2025 Bowman Chrome #CPA-SH Sammy Hernandez Prospect Autographs
CPA-SH,,,CPA-SH Chrome /499 # Sammy Hernandez Autographs Refractor,2025 Bowman Chrome #CPA-SH Sammy Hernandez Prospect Autographs Refractor #/499
CPA-SH,,,CPA-SH Chrome /99 Auto Sammy Hernandez Green Lava Refract,2025 Bowman Chrome Prospects Auto Sammy Hernandez #CPA-SH /99 Green Lava Refract
CPA-SH,,,CPA-SH Chrome # Sammy Hernandez Autographs,2025 Bowman Chrome #CPA-SH Sammy Hernandez Prospect Autographs
CRA-TOS,,,CRA-TOS Chrome /499 Thomas Saggese Rookie Autographs # Refractor ( ),Thomas Saggese 2025 Bowman Chrome Rookie Autographs #CRA-TOS Refractor /499 (RC)
CRA-TS,,,CRA-TS Chrome /50 Trey Sweeney Gold Refractor Auto #,Trey Sweeney 2025 Bowman Chrome Gold Refractor RC Auto /50 #CRA-TS Tigers
CRA-TS,,,CRA-TS Chrome /25 Trey Sweeney Auto Orange #,2025 Bowman Chrome Trey Sweeney /25 Auto RC Orange #CRA-TS Detroit 13/25
CPA-TY,,,CPA-TY Chrome 2024 Trey Yesavage Autograph #,2024 Bowman Chrome 1st Bowman Trey Yesavage Autograph #CPA-TY Blue Jays
CRA-TL,,,"CRA-TL Chrome Rookie Autographs Tyler Locklear, Tyler Locklear # ...","2025 Bowman Chrome - Rookie Autographs Tyler Locklear, Tyler Locklear #CRA-TL..."
CRA-TL,,,CRA-TL Chrome /499 Rookie Autographs Tyler Locklear # Refractor,2025 Bowman Chrome - Rookie Autographs Tyler Locklear #CRA-TL Refractor /499
CRA-TL,,,CRA-TL Chrome /499 Tyler Locklear Rookie Auto Refractor #,Tyler Locklear Rookie Auto RC 2025 Bowman Chrome Refractor /499 #CRA-TL
