set_key,year,brand,product,section,section_card_count,card_number,player_name_raw,affiliation_raw,raw_line,is_multi_player
2025_topps_series1,2025,Topps,Series 1,1990 Topps Baseball Checklist,100,T90-1,Mike Trout,Los Angeles Angels,T90-1	Mike Trout	Los Angeles Angels,False
2025_topps_series1,2025,Topps,Series 1,1990 Topps Baseball Checklist,100,T90-2,Mike Schmidt,Philadelphia Phillies,T90-2	Mike Schmidt	Philadelphia Phillies,False
2025_topps_series1,2025,Topps,Series 1,1990 Topps Baseball Checklist,100,T90-3,Barry Larkin,Cincinnati Reds,T90-3	Barry Larkin	Cincinnati Reds,False
2025_topps_series1,2025,Topps,Series 1,1990 Topps Baseball Checklist,100,T90-4,Corey Seager,Texas Rangers,T90-4	Corey Seager	Texas Rangers,False
2025_topps_series1,2025,Topps,Series 1,1990 Topps Baseball Checklist,100,T90-5,Yadier Molina,St. Louis Cardinals,T90-5	Yadier Molina	St. Louis Cardinals,False
2025_topps_series1,2025,Topps,Series 1,1990 Topps Baseball Checklist,100,T90-6,Tyler Locklear,Seattle Mariners	Rookie,T90-6	Tyler Locklear	Seattle Mariners	Rookie,False
2025_topps_series1,2025,Topps,Series 1,1990 Topps Baseball Checklist,100,T90-7,Wade Boggs,Boston Red Sox,T90-7	Wade Boggs	Boston Red Sox,False
2025_topps_series1,2025,Topps,Series 1,1990 Topps Baseball Checklist,100,T90-8,Drew Thorpe,Chicago White Sox	Rookie,T90-8	Drew Thorpe	Chicago White Sox	Rookie,False
2025_topps_series1,2025,Topps,Series 1,1990 Topps Baseball Checklist,100,T90-9,Jose Altuve,Houston Astros,T90-9	Jose Altuve	Houston Astros,False
2025_topps_series1,2025,Topps,Series 1,1990 Topps Baseball Checklist,100,T90-10,Juan Soto,New York Yankees,T90-10	Juan Soto	New York Yankees,False
2025_topps_series1,2025,Topps,Series 1,1990 Topps Baseball Checklist,100,T90-11,Jackie Robinson,Brooklyn Dodgers,T90-11	Jackie Robinson	Brooklyn Dodgers,False
2025_topps_series1,2025,Topps,Series 1,1990 Topps Baseball Checklist,100,T90-12,Vladimir Guerrero Jr.,Toronto Blue Jays,T90-12	Vladimir Guerrero Jr.	Toronto Blue Jays,False
2025_topps_series1,2025,Topps,Series 1,1990 Topps Baseball Checklist,100,T90-13,Matt Olson,Atlanta Braves,T90-13	Matt Olson	Atlanta Braves,False
2025_topps_series1,2025,Topps,Series 1,1990 Topps Baseball Checklist,100,T90-14,Hank Aaron,Atlanta Braves,T90-14	Hank Aaron	Atlanta Braves,False
2025_topps_series1,2025,Topps,Series 1,1990 Topps Baseball Checklist,100,T90-15,Bryce Harper,Philadelphia Phillies,T90-15	Bryce Harper	Philadelphia Phillies,False
2025_topps_series1,2025,Topps,Series 1,1990 Topps Baseball Checklist,100,T90-16,Chipper Jones,Atlanta Braves,T90-16	Chipper Jones	Atlanta Braves,False
2025_topps_series1,2025,Topps,Series 1,1990 Topps Baseball Checklist,100,T90-17,Christian Yelich,Milwaukee Brewers,T90-17	Christian Yelich	Milwaukee Brewers,False
2025_topps_series1,2025,Topps,Series 1,1990 Topps Baseball Checklist,100,T90-18,Hurston Waldrep,Atlanta Braves	Rookie,T90-18	Hurston Waldrep	Atlanta Braves	Rookie,False
2025_topps_series1,2025,Topps,Series 1,1990 Topps Baseball Checklist,100,T90-19,Ben Rice,New York Yankees	Rookie,T90-19	Ben Rice	New York Yankees	Rookie,False
2025_topps_series1,2025,Topps,Series 1,1990 Topps Baseball Checklist,100,T90-20,Elly De La Cruz,Cincinnati Reds,T90-20	Elly De La Cruz	Cincinnati Reds,False
2025_topps_series1,2025,Topps,Series 1,1990 Topps Baseball Checklist,100,T90-21,Angel Martínez,Cleveland Guardians	Rookie,T90-21	Angel Martínez	Cleveland Guardians	Rookie,False
2025_topps_series1,2025,Topps,Series 1,1990 Topps Baseball Checklist,100,T90-22,Justyn-Henry Malloy,Detroit Tigers	Rookie,T90-22	Justyn-Henry Malloy	Detroit Tigers	Rookie,False
2025_topps_series1,2025,Topps,Series 1,1990 Topps Baseball Checklist,100,T90-23,Bobby Witt Jr.,Kansas City Royals,T90-23	Bobby Witt Jr.	Kansas City Royals,False
2025_topps_series1,2025,Topps,Series 1,1990 Topps Baseball Checklist,100,T90-24,Brooks Lee,Minnesota Twins	Rookie,T90-24	Brooks Lee	Minnesota Twins	Rookie,False
2025_topps_series1,2025,Topps,Series 1,1990 Topps Baseball Checklist,100,T90-25,Orelvis Martinez,Toronto Blue Jays	Rookie,T90-25	Orelvis Martinez	Toronto Blue Jays	Rookie,False
2025_topps_series1,2025,Topps,Series 1,1990 Topps Baseball Checklist,100,T90-26,Ted Williams,Boston Red Sox,T90-26	Ted Williams	Boston Red Sox,False
2025_topps_series1,2025,Topps,Series 1,1990 Topps Baseball Checklist,100,T90-27,Roberto Clemente,Pittsburgh Pirates,T90-27	Roberto Clemente	Pittsburgh Pirates,False
2025_topps_series1,2025,Topps,Series 1,1990 Topps Baseball Checklist,100,T90-28,George Brett,Kansas City Royals,T90-28	George Brett	Kansas City Royals,False
2025_topps_series1,2025,Topps,Series 1,1990 Topps Baseball Checklist,100,T90-29,Jacob Wilson,Athletics	Rookie,T90-29	Jacob Wilson	Athletics	Rookie,False
2025_topps_series1,2025,Topps,Series 1,1990 Topps Baseball Checklist,100,T90-30,Pete Alonso,New York Mets,T90-30	Pete Alonso	New York Mets,False
2025_topps_series1,2025,Topps,Series 1,1990 Topps Baseball Checklist,100,T90-31,Kyle Schwarber,Philadelphia Phillies,T90-31	Kyle Schwarber	Philadelphia Phillies,False
2025_topps_series1,2025,Topps,Series 1,1990 Topps Baseball Checklist,100,T90-32,Gunnar Henderson,Baltimore Orioles,T90-32	Gunnar Henderson	Baltimore Orioles,False
2025_topps_series1,2025,Topps,Series 1,1990 Topps Baseball Checklist,100,T90-33,Connor Norby,Miami Marlins	Rookie,T90-33	Connor Norby	Miami Marlins	Rookie,False
2025_topps_series1,2025,Topps,Series 1,1990 Topps Baseball Checklist,100,T90-34,Spencer Schwellenbach,Atlanta Braves	Rookie,T90-34	Spencer Schwellenbach	Atlanta Braves	Rookie,False
2025_topps_series1,2025,Topps,Series 1,1990 Topps Baseball Checklist,100,T90-35,Larry Walker,Montréal Expos,T90-35	Larry Walker	Montréal Expos,False
2025_topps_series1,2025,Topps,Series 1,1990 Topps Baseball Checklist,100,T90-36,Ichiro,Seattle Mariners,T90-36	Ichiro	Seattle Mariners,False
2025_topps_series1,2025,Topps,Series 1,1990 Topps Baseball Checklist,100,T90-37,Jackson Chourio,Milwaukee Brewers,T90-37	Jackson Chourio	Milwaukee Brewers,False
2025_topps_series1,2025,Topps,Series 1,1990 Topps Baseball Checklist,100,T90-38,Francisco Lindor,New York Mets,T90-38	Francisco Lindor	New York Mets,False
2025_topps_series1,2025,Topps,Series 1,1990 Topps Baseball Checklist,100,T90-39,James Wood,Washington Nationals	Rookie,T90-39	James Wood	Washington Nationals	Rookie,False
2025_topps_series1,2025,Topps,Series 1,1990 Topps Baseball Checklist,100,T90-40,Tony Gwynn,San Diego Padres,T90-40	Tony Gwynn	San Diego Padres,False
2025_topps_series1,2025,Topps,Series 1,1990 Topps Baseball Checklist,100,T90-41,Robin Yount,Milwaukee Brewers,T90-41	Robin Yount	Milwaukee Brewers,False
2025_topps_series1,2025,Topps,Series 1,1990 Topps Baseball Checklist,100,T90-42,Julio Rodríguez,Seattle Mariners,T90-42	Julio Rodríguez	Seattle Mariners,False
2025_topps_series1,2025,Topps,Series 1,1990 Topps Baseball Checklist,100,T90-43,Trea Turner,Philadelphia Phillies,T90-43	Trea Turner	Philadelphia Phillies,False
2025_topps_series1,2025,Topps,Series 1,1990 Topps Baseball Checklist,100,T90-44,Riley Greene,Detroit Tigers,T90-44	Riley Greene	Detroit Tigers,False
2025_topps_series1,2025,Topps,Series 1,1990 Topps Baseball Checklist,100,T90-45,Corbin Carroll,Arizona Diamondbacks,T90-45	Corbin Carroll	Arizona Diamondbacks,False
2025_topps_series1,2025,Topps,Series 1,1990 Topps Baseball Checklist,100,T90-46,Rickey Henderson,Athletics,T90-46	Rickey Henderson	Athletics,False
2025_topps_series1,2025,Topps,Series 1,1990 Topps Baseball Checklist,100,T90-47,Babe Ruth,New York Yankees,T90-47	Babe Ruth	New York Yankees,False
2025_topps_series1,2025,Topps,Series 1,1990 Topps Baseball Checklist,100,T90-48,Vladimir Guerrero,Montréal Expos,T90-48	Vladimir Guerrero	Montréal Expos,False
2025_topps_series1,2025,Topps,Series 1,1990 Topps Baseball Checklist,100,T90-49,River Ryan,Los Angeles Dodgers	Rookie,T90-49	River Ryan	Los Angeles Dodgers	Rookie,False
2025_topps_series1,2025,Topps,Series 1,1990 Topps Baseball Checklist,100,T90-50,Frank Thomas,Chicago White Sox,T90-50	Frank Thomas	Chicago White Sox,False
2025_topps_series1,2025,Topps,Series 1,1990 Topps Baseball Checklist,100,T90-51,José Ramírez,Cleveland Guardians,T90-51	José Ramírez	Cleveland Guardians,False
2025_topps_series1,2025,Topps,Series 1,1990 Topps Baseball Checklist,100,T90-52,Nolan Arenado,St. Louis Cardinals,T90-52	Nolan Arenado	St. Louis Cardinals,False
2025_topps_series1,2025,Topps,Series 1,1990 Topps Baseball Checklist,100,T90-53,Adley Rutschman,Baltimore Orioles,T90-53	Adley Rutschman	Baltimore Orioles,False
2025_topps_series1,2025,Topps,Series 1,1990 Topps Baseball Checklist,100,T90-54,Mike Piazza,New York Mets,T90-54	Mike Piazza	New York Mets,False
2025_topps_series1,2025,Topps,Series 1,1990 Topps Baseball Checklist,100,T90-55,Jace Jung,Detroit Tigers	Rookie,T90-55	Jace Jung	Detroit Tigers	Rookie,False
2025_topps_series1,2025,Topps,Series 1,1990 Topps Baseball Checklist,100,T90-56,Rece Hinds,Cincinnati Reds	Rookie,T90-56	Rece Hinds	Cincinnati Reds	Rookie,False
2025_topps_series1,2025,Topps,Series 1,1990 Topps Baseball Checklist,100,T90-57,Aaron Judge,New York Yankees,T90-57	Aaron Judge	New York Yankees,False
2025_topps_series1,2025,Topps,Series 1,1990 Topps Baseball Checklist,100,T90-58,Gordon Graceffo,St. Louis Cardinals	Rookie,T90-58	Gordon Graceffo	St. Louis Cardinals	Rookie,False
2025_topps_series1,2025,Topps,Series 1,1990 Topps Baseball Checklist,100,T90-59,Cal Ripken Jr.,Baltimore Orioles,T90-59	Cal Ripken Jr.	Baltimore Orioles,False
2025_topps_series1,2025,Topps,Series 1,1990 Topps Baseball Checklist,100,T90-60,Mookie Betts,Los Angeles Dodgers,T90-60	Mookie Betts	Los Angeles Dodgers,False
2025_topps_series1,2025,Topps,Series 1,1990 Topps Baseball Checklist,100,T90-61,Clayton Kershaw,Los Angeles Dodgers,T90-61	Clayton Kershaw	Los Angeles Dodgers,False
2025_topps_series1,2025,Topps,Series 1,1990 Topps Baseball Checklist,100,T90-62,Bo Jackson,Kansas City Royals,T90-62	Bo Jackson	Kansas City Royals,False
2025_topps_series1,2025,Topps,Series 1,1990 Topps Baseball Checklist,100,T90-63,Paul Skenes,Pittsburgh Pirates,T90-63	Paul Skenes	Pittsburgh Pirates,False
2025_topps_series1,2025,Topps,Series 1,1990 Topps Baseball Checklist,100,T90-64,Jackson Merrill,San Diego Padres,T90-64	Jackson Merrill	San Diego Padres,False
2025_topps_series1,2025,Topps,Series 1,1990 Topps Baseball Checklist,100,T90-65,Don Mattingly,New York Yankees,T90-65	Don Mattingly	New York Yankees,False
2025_topps_series1,2025,Topps,Series 1,1990 Topps Baseball Checklist,100,T90-66,Mark McGwire,Athletics,T90-66	Mark McGwire	Athletics,False
2025_topps_series1,2025,Topps,Series 1,1990 Topps Baseball Checklist,100,T90-67,David Festa,Minnesota Twins	Rookie,T90-67	David Festa	Minnesota Twins	Rookie,False
2025_topps_series1,2025,Topps,Series 1,1990 Topps Baseball Checklist,100,T90-68,Albert Pujols,St. Louis Cardinals,T90-68	Albert Pujols	St. Louis Cardinals,False
2025_topps_series1,2025,Topps,Series 1,1990 Topps Baseball Checklist,100,T90-69,Cade Povich,Baltimore Orioles	Rookie,T90-69	Cade Povich	Baltimore Orioles	Rookie,False
2025_topps_series1,2025,Topps,Series 1,1990 Topps Baseball Checklist,100,T90-70,Hayden Birdsong,San Francisco Giants	Rookie,T90-70	Hayden Birdsong	San Francisco Giants	Rookie,False
2025_topps_series1,2025,Topps,Series 1,1990 Topps Baseball Checklist,100,T90-71,Ryne Sandberg,Chicago Cubs,T90-71	Ryne Sandberg	Chicago Cubs,False
2025_topps_series1,2025,Topps,Series 1,1990 Topps Baseball Checklist,100,T90-72,Carlos Correa,Minnesota Twins,T90-72	Carlos Correa	Minnesota Twins,False
2025_topps_series1,2025,Topps,Series 1,1990 Topps Baseball Checklist,100,T90-73,Randy Arozarena,Seattle Mariners,T90-73	Randy Arozarena	Seattle Mariners,False
2025_topps_series1,2025,Topps,Series 1,1990 Topps Baseball Checklist,100,T90-74,Zebby Matthews,Minnesota Twins	Rookie,T90-74	Zebby Matthews	Minnesota Twins	Rookie,False
2025_topps_series1,2025,Topps,Series 1,1990 Topps Baseball Checklist,100,T90-75,Ronald Acuña Jr.,Atlanta Braves,T90-75	Ronald Acuña Jr.	Atlanta Braves,False
2025_topps_series1,2025,Topps,Series 1,1990 Topps Baseball Checklist,100,T90-76,Ken Griffey Jr.,Seattle Mariners,T90-76	Ken Griffey Jr.	Seattle Mariners,False
2025_topps_series1,2025,Topps,Series 1,1990 Topps Baseball Checklist,100,T90-77,Seiya Suzuki,Chicago Cubs,T90-77	Seiya Suzuki	Chicago Cubs,False
2025_topps_series1,2025,Topps,Series 1,1990 Topps Baseball Checklist,100,T90-78,Manny Machado,San Diego Padres,T90-78	Manny Machado	San Diego Padres,False
2025_topps_series1,2025,Topps,Series 1,1990 Topps Baseball Checklist,100,T90-79,Nacho Alvarez Jr.,Atlanta Braves	Rookie,T90-79	Nacho Alvarez Jr.	Atlanta Braves	Rookie,False
2025_topps_series1,2025,Topps,Series 1,1990 Topps Baseball Checklist,100,T90-80,Nolan Ryan,Houston Astros,T90-80	Nolan Ryan	Houston Astros,False
2025_topps_series1,2025,Topps,Series 1,1990 Topps Baseball Checklist,100,T90-81,Fernando Tatis Jr.,San Diego Padres,T90-81	Fernando Tatis Jr.	San Diego Padres,False
2025_topps_series1,2025,Topps,Series 1,1990 Topps Baseball Checklist,100,T90-82,Yordan Alvarez,Houston Astros,T90-82	Yordan Alvarez	Houston Astros,False
2025_topps_series1,2025,Topps,Series 1,1990 Topps Baseball Checklist,100,T90-83,Adael Amador,Colorado Rockies	Rookie,T90-83	Adael Amador	Colorado Rockies	Rookie,False
2025_topps_series1,2025,Topps,Series 1,1990 Topps Baseball Checklist,100,T90-84,Yoshinobu Yamamoto,Los Angeles Dodgers,T90-84	Yoshinobu Yamamoto	Los Angeles Dodgers,False
2025_topps_series1,2025,Topps,Series 1,1990 Topps Baseball Checklist,100,T90-85,Shota Imanaga,Chicago Cubs,T90-85	Shota Imanaga	Chicago Cubs,False
2025_topps_series1,2025,Topps,Series 1,1990 Topps Baseball Checklist,100,T90-86,Matt Chapman,San Francisco Giants,T90-86	Matt Chapman	San Francisco Giants,False
2025_topps_series1,2025,Topps,Series 1,1990 Topps Baseball Checklist,100,T90-87,Derek Jeter,New York Yankees,T90-87	Derek Jeter	New York Yankees,False
2025_topps_series1,2025,Topps,Series 1,1990 Topps Baseball Checklist,100,T90-88,Luis Robert Jr,Chicago White Sox,T90-88	Luis Robert Jr	Chicago White Sox,False
2025_topps_series1,2025,Topps,Series 1,1990 Topps Baseball Checklist,100,T90-89,Dylan Crews,Washington Nationals	Rookie,T90-89	Dylan Crews	Washington Nationals	Rookie,False
2025_topps_series1,2025,Topps,Series 1,1990 Topps Baseball Checklist,100,T90-90,Rafael Devers,Boston Red Sox,T90-90	Rafael Devers	Boston Red Sox,False
2025_topps_series1,2025,Topps,Series 1,1990 Topps Baseball Checklist,100,T90-91,Rhett Lowder,Cincinnati Reds	Rookie,T90-91	Rhett Lowder	Cincinnati Reds	Rookie,False
2025_topps_series1,2025,Topps,Series 1,1990 Topps Baseball Checklist,100,T90-92,Zach Dezenzo,Houston Astros	Rookie,T90-92	Zach Dezenzo	Houston Astros	Rookie,False
2025_topps_series1,2025,Topps,Series 1,1990 Topps Baseball Checklist,100,T90-93,Coby Mayo,Baltimore Orioles	Rookie,T90-93	Coby Mayo	Baltimore Orioles	Rookie,False
2025_topps_series1,2025,Topps,Series 1,1990 Topps Baseball Checklist,100,T90-94,Adrián Beltré,Texas Rangers,T90-94	Adrián Beltré	Texas Rangers,False
2025_topps_series1,2025,Topps,Series 1,1990 Topps Baseball Checklist,100,T90-95,Stan Musial,St. Louis Cardinals,T90-95	Stan Musial	St. Louis Cardinals,False
2025_topps_series1,2025,Topps,Series 1,1990 Topps Baseball Checklist,100,T90-96,Willie Mays,San Francisco Giants,T90-96	Willie Mays	San Francisco Giants,False
2025_topps_series1,2025,Topps,Series 1,1990 Topps Baseball Checklist,100,T90-97,Will Clark,San Francisco Giants,T90-97	Will Clark	San Francisco Giants,False
2025_topps_series1,2025,Topps,Series 1,1990 Topps Baseball Checklist,100,T90-98,Andrew McCutchen,Pittsburgh Pirates,T90-98	Andrew McCutchen	Pittsburgh Pirates,False
2025_topps_series1,2025,Topps,Series 1,1990 Topps Baseball Checklist,100,T90-99,Jazz Chisholm Jr.,New York Yankees,T90-99	Jazz Chisholm Jr.	New York Yankees,False
2025_topps_series1,2025,Topps,Series 1,1990 Topps Baseball Checklist,100,T90-100,Shohei Ohtani,Los Angeles Dodgers,T90-100	Shohei Ohtani	Los Angeles Dodgers,False
2025_topps_series1,2025,Topps,Series 1,Silver packs only.,,T90C-1,Gunnar Henderson,Baltimore Orioles,T90C-1	Gunnar Henderson	Baltimore Orioles,False
2025_topps_series1,2025,Topps,Series 1,Silver packs only.,,T90C-2,Don Mattingly,New York Yankees,T90C-2	Don Mattingly	New York Yankees,False
2025_topps_series1,2025,Topps,Series 1,Silver packs only.,,T90C-3,Hurston Waldrep,Atlanta Braves	Rookie,T90C-3	Hurston Waldrep	Atlanta Braves	Rookie,False
2025_topps_series1,2025,Topps,Series 1,Silver packs only.,,T90C-4,Frank Thomas,Chicago White Sox,T90C-4	Frank Thomas	Chicago White Sox,False
2025_topps_series1,2025,Topps,Series 1,Silver packs only.,,T90C-5,Derek Jeter,New York Yankees,T90C-5	Derek Jeter	New York Yankees,False
2025_topps_series1,2025,Topps,Series 1,Silver packs only.,,T90C-6,Wade Boggs,Boston Red Sox,T90C-6	Wade Boggs	Boston Red Sox,False
2025_topps_series1,2025,Topps,Series 1,Silver packs only.,,T90C-7,Steven Kwan,Cleveland Guardians,T90C-7	Steven Kwan	Cleveland Guardians,False
2025_topps_series1,2025,Topps,Series 1,Silver packs only.,,T90C-8,Rafael Devers,Boston Red Sox,T90C-8	Rafael Devers	Boston Red Sox,False
2025_topps_series1,2025,Topps,Series 1,Silver packs only.,,T90C-9,Nolan Ryan,Houston Astros,T90C-9	Nolan Ryan	Houston Astros,False
2025_topps_series1,2025,Topps,Series 1,Silver packs only.,,T90C-10,Jackie Robinson,Brooklyn Dodgers,T90C-10	Jackie Robinson	Brooklyn Dodgers,False
2025_topps_series1,2025,Topps,Series 1,Silver packs only.,,T90C-11,Francisco Lindor,New York Mets,T90C-11	Francisco Lindor	New York Mets,False
2025_topps_series1,2025,Topps,Series 1,Silver packs only.,,T90C-12,Fernando Tatis Jr.,San Diego Padres,T90C-12	Fernando Tatis Jr.	San Diego Padres,False
2025_topps_series1,2025,Topps,Series 1,Silver packs only.,,T90C-13,Clayton Kershaw,Los Angeles Dodgers,T90C-13	Clayton Kershaw	Los Angeles Dodgers,False
2025_topps_series1,2025,Topps,Series 1,Silver packs only.,,T90C-14,Bryce Harper,Philadelphia Phillies,T90C-14	Bryce Harper	Philadelphia Phillies,False
2025_topps_series1,2025,Topps,Series 1,Silver packs only.,,T90C-15,Elly De La Cruz,Cincinnati Reds,T90C-15	Elly De La Cruz	Cincinnati Reds,False
2025_topps_series1,2025,Topps,Series 1,Silver packs only.,,T90C-16,Jacob Wilson,Athletics	Rookie,T90C-16	Jacob Wilson	Athletics	Rookie,False
2025_topps_series1,2025,Topps,Series 1,Silver packs only.,,T90C-17,Rece Hinds,Cincinnati Reds	Rookie,T90C-17	Rece Hinds	Cincinnati Reds	Rookie,False
2025_topps_series1,2025,Topps,Series 1,Silver packs only.,,T90C-18,Jazz Chisholm Jr.,New York Yankees,T90C-18	Jazz Chisholm Jr.	New York Yankees,False
2025_topps_series1,2025,Topps,Series 1,Silver packs only.,,T90C-19,Juan Soto,New York Yankees,T90C-19	Juan Soto	New York Yankees,False
2025_topps_series1,2025,Topps,Series 1,Silver packs only.,,T90C-20,Drew Thorpe,Chicago White Sox	Rookie,T90C-20	Drew Thorpe	Chicago White Sox	Rookie,False
2025_topps_series1,2025,Topps,Series 1,Silver packs only.,,T90C-21,Coby Mayo,Baltimore Orioles	Rookie,T90C-21	Coby Mayo	Baltimore Orioles	Rookie,False
2025_topps_series1,2025,Topps,Series 1,Silver packs only.,,T90C-22,Jarren Duran,Boston Red Sox,T90C-22	Jarren Duran	Boston Red Sox,False
2025_topps_series1,2025,Topps,Series 1,Silver packs only.,,T90C-23,Matt Olson,Atlanta Braves,T90C-23	Matt Olson	Atlanta Braves,False
2025_topps_series1,2025,Topps,Series 1,Silver packs only.,,T90C-24,Adael Amador,Colorado Rockies	Rookie,T90C-24	Adael Amador	Colorado Rockies	Rookie,False
2025_topps_series1,2025,Topps,Series 1,Silver packs only.,,T90C-25,Gordon Graceffo,St. Louis Cardinals	Rookie,T90C-25	Gordon Graceffo	St. Louis Cardinals	Rookie,False
2025_topps_series1,2025,Topps,Series 1,Silver packs only.,,T90C-26,Carlos Correa,Minnesota Twins,T90C-26	Carlos Correa	Minnesota Twins,False
2025_topps_series1,2025,Topps,Series 1,Silver packs only.,,T90C-27,Ryne Sandberg,Chicago Cubs,T90C-27	Ryne Sandberg	Chicago Cubs,False
2025_topps_series1,2025,Topps,Series 1,Silver packs only.,,T90C-28,Nacho Alvarez Jr.,Atlanta Braves	Rookie,T90C-28	Nacho Alvarez Jr.	Atlanta Braves	Rookie,False
2025_topps_series1,2025,Topps,Series 1,Silver packs only.,,T90C-29,Rhett Lowder,Cincinnati Reds	Rookie,T90C-29	Rhett Lowder	Cincinnati Reds	Rookie,False
2025_topps_series1,2025,Topps,Series 1,Silver packs only.,,T90C-30,Vladimir Guerrero Jr.,Toronto Blue Jays,T90C-30	Vladimir Guerrero Jr.	Toronto Blue Jays,False
2025_topps_series1,2025,Topps,Series 1,Silver packs only.,,T90C-31,Jeff Bagwell,Houston Astros,T90C-31	Jeff Bagwell	Houston Astros,False
2025_topps_series1,2025,Topps,Series 1,Silver packs only.,,T90C-32,Paul Skenes,Pittsburgh Pirates,T90C-32	Paul Skenes	Pittsburgh Pirates,False
2025_topps_series1,2025,Topps,Series 1,Silver packs only.,,T90C-33,Hayden Birdsong,San Francisco Giants	Rookie,T90C-33	Hayden Birdsong	San Francisco Giants	Rookie,False
2025_topps_series1,2025,Topps,Series 1,Silver packs only.,,T90C-34,Jackson Merrill,San Diego Padres,T90C-34	Jackson Merrill	San Diego Padres,False
2025_topps_series1,2025,Topps,Series 1,Silver packs only.,,T90C-35,Adley Rutschman,Baltimore Orioles,T90C-35	Adley Rutschman	Baltimore Orioles,False
2025_topps_series1,2025,Topps,Series 1,Silver packs only.,,T90C-36,River Ryan,Los Angeles Dodgers	Rookie,T90C-36	River Ryan	Los Angeles Dodgers	Rookie,False
2025_topps_series1,2025,Topps,Series 1,Silver packs only.,,T90C-37,Ken Griffey Jr.,Seattle Mariners,T90C-37	Ken Griffey Jr.	Seattle Mariners,False
2025_topps_series1,2025,Topps,Series 1,Silver packs only.,,T90C-38,Barry Larkin,Cincinnati Reds,T90C-38	Barry Larkin	Cincinnati Reds,False
2025_topps_series1,2025,Topps,Series 1,Silver packs only.,,T90C-39,Trea Turner,Philadelphia Phillies,T90C-39	Trea Turner	Philadelphia Phillies,False
2025_topps_series1,2025,Topps,Series 1,Silver packs only.,,T90C-40,Rickey Henderson,Athletics,T90C-40	Rickey Henderson	Athletics,False
2025_topps_series1,2025,Topps,Series 1,Silver packs only.,,T90C-41,Jackson Chourio,Milwaukee Brewers,T90C-41	Jackson Chourio	Milwaukee Brewers,False
2025_topps_series1,2025,Topps,Series 1,Silver packs only.,,T90C-42,Orelvis Martinez,Toronto Blue Jays	Rookie,T90C-42	Orelvis Martinez	Toronto Blue Jays	Rookie,False
2025_topps_series1,2025,Topps,Series 1,Silver packs only.,,T90C-43,Shota Imanaga,Chicago Cubs,T90C-43	Shota Imanaga	Chicago Cubs,False
2025_topps_series1,2025,Topps,Series 1,Silver packs only.,,T90C-44,Dylan Crews,Washington Nationals	Rookie,T90C-44	Dylan Crews	Washington Nationals	Rookie,False
2025_topps_series1,2025,Topps,Series 1,Silver packs only.,,T90C-45,Ronald Acuña Jr.,Atlanta Braves,T90C-45	Ronald Acuña Jr.	Atlanta Braves,False
2025_topps_series1,2025,Topps,Series 1,Silver packs only.,,T90C-46,Dale Murphy,Atlanta Braves,T90C-46	Dale Murphy	Atlanta Braves,False
2025_topps_series1,2025,Topps,Series 1,Silver packs only.,,T90C-47,Seiya Suzuki,Chicago Cubs,T90C-47	Seiya Suzuki	Chicago Cubs,False
2025_topps_series1,2025,Topps,Series 1,Silver packs only.,,T90C-48,Nolan Arenado,St. Louis Cardinals,T90C-48	Nolan Arenado	St. Louis Cardinals,False
2025_topps_series1,2025,Topps,Series 1,Silver packs only.,,T90C-49,Brooks Lee,Minnesota Twins	Rookie,T90C-49	Brooks Lee	Minnesota Twins	Rookie,False
2025_topps_series1,2025,Topps,Series 1,Silver packs only.,,T90C-50,Shohei Ohtani,Los Angeles Dodgers,T90C-50	Shohei Ohtani	Los Angeles Dodgers,False
2025_topps_series1,2025,Topps,Series 1,Silver packs only.,,T90C-51,Yordan Alvarez,Houston Astros,T90C-51	Yordan Alvarez	Houston Astros,False
2025_topps_series1,2025,Topps,Series 1,Silver packs only.,,T90C-52,Mark McGwire,Athletics,T90C-52	Mark McGwire	Athletics,False
2025_topps_series1,2025,Topps,Series 1,Silver packs only.,,T90C-53,Justyn-Henry Malloy,Detroit Tigers	Rookie,T90C-53	Justyn-Henry Malloy	Detroit Tigers	Rookie,False
2025_topps_series1,2025,Topps,Series 1,Silver packs only.,,T90C-54,Mike Trout,Los Angeles Angels,T90C-54	Mike Trout	Los Angeles Angels,False
2025_topps_series1,2025,Topps,Series 1,Silver packs only.,,T90C-55,James Wood,Washington Nationals	Rookie,T90C-55	James Wood	Washington Nationals	Rookie,False
2025_topps_series1,2025,Topps,Series 1,Silver packs only.,,T90C-56,Bobby Witt Jr.,Kansas City Royals,T90C-56	Bobby Witt Jr.	Kansas City Royals,False
2025_topps_series1,2025,Topps,Series 1,Silver packs only.,,T90C-57,Julio Rodríguez,Seattle Mariners,T90C-57	Julio Rodríguez	Seattle Mariners,False
2025_topps_series1,2025,Topps,Series 1,Silver packs only.,,T90C-58,Tony Gwynn,San Diego Padres,T90C-58	Tony Gwynn	San Diego Padres,False
2025_topps_series1,2025,Topps,Series 1,Silver packs only.,,T90C-59,Chayce McDermott,Baltimore Orioles	Rookie,T90C-59	Chayce McDermott	Baltimore Orioles	Rookie,False
2025_topps_series1,2025,Topps,Series 1,Silver packs only.,,T90C-60,Spencer Schwellenbach,Atlanta Braves	Rookie,T90C-60	Spencer Schwellenbach	Atlanta Braves	Rookie,False
2025_topps_series1,2025,Topps,Series 1,Silver packs only.,,T90C-61,Brandon Nimmo,New York Mets,T90C-61	Brandon Nimmo	New York Mets,False
2025_topps_series1,2025,Topps,Series 1,Silver packs only.,,T90C-62,Chipper Jones,Atlanta Braves,T90C-62	Chipper Jones	Atlanta Braves,False
2025_topps_series1,2025,Topps,Series 1,Silver packs only.,,T90C-63,Jake Bloss,Toronto Blue Jays	Rookie,T90C-63	Jake Bloss	Toronto Blue Jays	Rookie,False
2025_topps_series1,2025,Topps,Series 1,Silver packs only.,,T90C-64,Tyler Locklear,Seattle Mariners	Rookie,T90C-64	Tyler Locklear	Seattle Mariners	Rookie,False
2025_topps_series1,2025,Topps,Series 1,Silver packs only.,,T90C-65,Adam Mazur,Miami Marlins	Rookie,T90C-65	Adam Mazur	Miami Marlins	Rookie,False
2025_topps_series1,2025,Topps,Series 1,Silver packs only.,,T90C-66,Angel Martínez,Cleveland Guardians	Rookie,T90C-66	Angel Martínez	Cleveland Guardians	Rookie,False
2025_topps_series1,2025,Topps,Series 1,Silver packs only.,,T90C-67,Vladimir Guerrero,Montréal Expos,T90C-67	Vladimir Guerrero	Montréal Expos,False
2025_topps_series1,2025,Topps,Series 1,Silver packs only.,,T90C-68,Robin Yount,Milwaukee Brewers,T90C-68	Robin Yount	Milwaukee Brewers,False
2025_topps_series1,2025,Topps,Series 1,Silver packs only.,,T90C-69,Cade Povich,Baltimore Orioles	Rookie,T90C-69	Cade Povich	Baltimore Orioles	Rookie,False
2025_topps_series1,2025,Topps,Series 1,Silver packs only.,,T90C-70,Corey Seager,Texas Rangers,T90C-70	Corey Seager	Texas Rangers,False
2025_topps_series1,2025,Topps,Series 1,Silver packs only.,,T90C-71,Manny Machado,San Diego Padres,T90C-71	Manny Machado	San Diego Padres,False
2025_topps_series1,2025,Topps,Series 1,Silver packs only.,,T90C-72,Larry Walker,Montréal Expos,T90C-72	Larry Walker	Montréal Expos,False
2025_topps_series1,2025,Topps,Series 1,Silver packs only.,,T90C-73,Sonny Gray,St. Louis Cardinals,T90C-73	Sonny Gray	St. Louis Cardinals,False
2025_topps_series1,2025,Topps,Series 1,Silver packs only.,,T90C-74,Byron Buxton,Minnesota Twins,T90C-74	Byron Buxton	Minnesota Twins,False
2025_topps_series1,2025,Topps,Series 1,Silver packs only.,,T90C-75,Will Clark,San Francisco Giants,T90C-75	Will Clark	San Francisco Giants,False
2025_topps_series1,2025,Topps,Series 1,Silver packs only.,,T90C-76,Yoshinobu Yamamoto,Los Angeles Dodgers,T90C-76	Yoshinobu Yamamoto	Los Angeles Dodgers,False
2025_topps_series1,2025,Topps,Series 1,Silver packs only.,,T90C-77,Christian Yelich,Milwaukee Brewers,T90C-77	Christian Yelich	Milwaukee Brewers,False
2025_topps_series1,2025,Topps,Series 1,Silver packs only.,,T90C-78,Luis Robert Jr.,Chicago White Sox,T90C-78	Luis Robert Jr.	Chicago White Sox,False
2025_topps_series1,2025,Topps,Series 1,Silver packs only.,,T90C-79,Jose Altuve,Houston Astros,T90C-79	Jose Altuve	Houston Astros,False
2025_topps_series1,2025,Topps,Series 1,Silver packs only.,,T90C-80,Corbin Carroll,Arizona Diamondbacks,T90C-80	Corbin Carroll	Arizona Diamondbacks,False
2025_topps_series1,2025,Topps,Series 1,Silver packs only.,,T90C-81,Mookie Betts,Los Angeles Dodgers,T90C-81	Mookie Betts	Los Angeles Dodgers,False
2025_topps_series1,2025,Topps,Series 1,Silver packs only.,,T90C-82,Aaron Judge,New York Yankees,T90C-82	Aaron Judge	New York Yankees,False
2025_topps_series1,2025,Topps,Series 1,Silver packs only.,,T90C-83,Pete Alonso,New York Mets,T90C-83	Pete Alonso	New York Mets,False
2025_topps_series1,2025,Topps,Series 1,Silver packs only.,,T90C-84,Paul Goldschmidt,St. Louis Cardinals,T90C-84	Paul Goldschmidt	St. Louis Cardinals,False
2025_topps_series1,2025,Topps,Series 1,Silver packs only.,,T90C-85,Wyatt Langford,Texas Rangers,T90C-85	Wyatt Langford	Texas Rangers,False
2025_topps_series1,2025,Topps,Series 1,Silver packs only.,,T90C-86,Ben Rice,New York Yankees	Rookie,T90C-86	Ben Rice	New York Yankees	Rookie,False
2025_topps_series1,2025,Topps,Series 1,Silver packs only.,,T90C-87,Connor Norby,Miami Marlins	Rookie,T90C-87	Connor Norby	Miami Marlins	Rookie,False
2025_topps_series1,2025,Topps,Series 1,Silver packs only.,,T90C-88,Cal Ripken Jr.,Baltimore Orioles,T90C-88	Cal Ripken Jr.	Baltimore Orioles,False
2025_topps_series1,2025,Topps,Series 1,Silver packs only.,,T90C-89,Riley Greene,Detroit Tigers,T90C-89	Riley Greene	Detroit Tigers,False
2025_topps_series1,2025,Topps,Series 1,Silver packs only.,,T90C-90,David Festa,Minnesota Twins	Rookie,T90C-90	David Festa	Minnesota Twins	Rookie,False
2025_topps_series1,2025,Topps,Series 1,Silver packs only.,,T90C-91,Randy Arozarena,Seattle Mariners,T90C-91	Randy Arozarena	Seattle Mariners,False
2025_topps_series1,2025,Topps,Series 1,Silver packs only.,,T90C-92,Bo Jackson,Kansas City Royals,T90C-92	Bo Jackson	Kansas City Royals,False
2025_topps_series1,2025,Topps,Series 1,Silver packs only.,,T90C-93,Ichiro,Seattle Mariners,T90C-93	Ichiro	Seattle Mariners,False
2025_topps_series1,2025,Topps,Series 1,Silver packs only.,,T90C-94,José Ramírez,Cleveland Guardians,T90C-94	José Ramírez	Cleveland Guardians,False
2025_topps_series1,2025,Topps,Series 1,Silver packs only.,,T90C-95,Andrew McCutchen,Pittsburgh Pirates,T90C-95	Andrew McCutchen	Pittsburgh Pirates,False
2025_topps_series1,2025,Topps,Series 1,Silver packs only.,,T90C-96,George Brett,Kansas City Royals,T90C-96	George Brett	Kansas City Royals,False
2025_topps_series1,2025,Topps,Series 1,Silver packs only.,,T90C-97,Matt Chapman,San Francisco Giants,T90C-97	Matt Chapman	San Francisco Giants,False
2025_topps_series1,2025,Topps,Series 1,Silver packs only.,,T90C-98,Gerrit Cole,New York Yankees,T90C-98	Gerrit Cole	New York Yankees,False
2025_topps_series1,2025,Topps,Series 1,Silver packs only.,,T90C-99,Albert Pujols,St. Louis Cardinals,T90C-99	Albert Pujols	St. Louis Cardinals,False
2025_topps_series1,2025,Topps,Series 1,Silver packs only.,,T90C-100,Mike Schmidt,Philadelphia Phillies,T90C-100	Mike Schmidt	Philadelphia Phillies,False
2025_topps_series1,2025,Topps,Series 1,2024 All-Topps Team Checklist,12,ATT-1,Aaron Judge,New York Yankees,ATT-1	Aaron Judge	New York Yankees,False
2025_topps_series1,2025,Topps,Series 1,2024 All-Topps Team Checklist,12,ATT-2,Juan Soto,New York Yankees,ATT-2	Juan Soto	New York Yankees,False
2025_topps_series1,2025,Topps,Series 1,2024 All-Topps Team Checklist,12,ATT-3,Shohei Ohtani,Los Angeles Dodgers,ATT-3	Shohei Ohtani	Los Angeles Dodgers,False
2025_topps_series1,2025,Topps,Series 1,2024 All-Topps Team Checklist,12,ATT-4,Emmanuel Clase,Cleveland Guardians,ATT-4	Emmanuel Clase	Cleveland Guardians,False
2025_topps_series1,2025,Topps,Series 1,2024 All-Topps Team Checklist,12,ATT-5,Bryce Harper,Philadelphia Phillies,ATT-5	Bryce Harper	Philadelphia Phillies,False
2025_topps_series1,2025,Topps,Series 1,2024 All-Topps Team Checklist,12,ATT-6,William Contreras,Milwaukee Brewers,ATT-6	William Contreras	Milwaukee Brewers,False
2025_topps_series1,2025,Topps,Series 1,2024 All-Topps Team Checklist,12,ATT-7,Paul Skenes,Pittsburgh Pirates,ATT-7	Paul Skenes	Pittsburgh Pirates,False
2025_topps_series1,2025,Topps,Series 1,2024 All-Topps Team Checklist,12,ATT-8,Jarren Duran,Boston Red Sox,ATT-8	Jarren Duran	Boston Red Sox,False
2025_topps_series1,2025,Topps,Series 1,2024 All-Topps Team Checklist,12,ATT-9,Tarik Skubal,Detroit Tigers,ATT-9	Tarik Skubal	Detroit Tigers,False
2025_topps_series1,2025,Topps,Series 1,2024 All-Topps Team Checklist,12,ATT-10,Ketel Marte,Arizona Diamondbacks,ATT-10	Ketel Marte	Arizona Diamondbacks,False
2025_topps_series1,2025,Topps,Series 1,2024 All-Topps Team Checklist,12,ATT-11,Bobby Witt Jr.,Kansas City Royals,ATT-11	Bobby Witt Jr.	Kansas City Royals,False
2025_topps_series1,2025,Topps,Series 1,2024 All-Topps Team Checklist,12,ATT-12,José Ramírez,Cleveland Guardians,ATT-12	José Ramírez	Cleveland Guardians,False
2025_topps_series1,2025,Topps,Series 1,2024 First Pitch Checklist,10,FP-1,Jason Kelce,Philadelphia Phillies,FP-1	Jason Kelce	Philadelphia Phillies,False
2025_topps_series1,2025,Topps,Series 1,2024 First Pitch Checklist,10,FP-2,Masanori Murakami,San Francsico Giants,FP-2	Masanori Murakami	San Francsico Giants,False
2025_topps_series1,2025,Topps,Series 1,2024 First Pitch Checklist,10,FP-3,Juju Watkins,Los Angeles Dodgers,FP-3	Juju Watkins	Los Angeles Dodgers,False
2025_topps_series1,2025,Topps,Series 1,2024 First Pitch Checklist,10,FP-4,Coach Al,New York Yankees,FP-4	Coach Al	New York Yankees,False
2025_topps_series1,2025,Topps,Series 1,2024 First Pitch Checklist,10,FP-5,Jayson Tatum,St. Louis Cardinals,FP-5	Jayson Tatum	St. Louis Cardinals,False
2025_topps_series1,2025,Topps,Series 1,2024 First Pitch Checklist,10,FP-6,Carl Radke,Pittsburgh Pirates,FP-6	Carl Radke	Pittsburgh Pirates,False
2025_topps_series1,2025,Topps,Series 1,2024 First Pitch Checklist,10,FP-7,Chipper Jones,Atlanta Braves,FP-7	Chipper Jones	Atlanta Braves,False
2025_topps_series1,2025,Topps,Series 1,2024 First Pitch Checklist,10,FP-8,Adrían Beltré,Texas Rangers,FP-8	Adrían Beltré	Texas Rangers,False
2025_topps_series1,2025,Topps,Series 1,2024 First Pitch Checklist,10,FP-9,Lauren Alaina,Chicago Cubs,FP-9	Lauren Alaina	Chicago Cubs,False
2025_topps_series1,2025,Topps,Series 1,2024 First Pitch Checklist,10,FP-10,C.J. Stroud,Houston Astros,FP-10	C.J. Stroud	Houston Astros,False
2025_topps_series1,2025,Topps,Series 1,2024 Greatest Hits Checklist,28,GH-1,Aaron Judge,New York Yankees,GH-1	Aaron Judge	New York Yankees,False
2025_topps_series1,2025,Topps,Series 1,2024 Greatest Hits Checklist,28,GH-2,Ben Rice,New York Yankees	Rookie,GH-2	Ben Rice	New York Yankees	Rookie,False
2025_topps_series1,2025,Topps,Series 1,2024 Greatest Hits Checklist,28,GH-3,Bryce Harper,Philadelphia Phillies,GH-3	Bryce Harper	Philadelphia Phillies,False
2025_topps_series1,2025,Topps,Series 1,2024 Greatest Hits Checklist,28,GH-4,Cal Raleigh,Seattle Mariners,GH-4	Cal Raleigh	Seattle Mariners,False
2025_topps_series1,2025,Topps,Series 1,2024 Greatest Hits Checklist,28,GH-5,Nolan Arenado,St. Louis Cardinals,GH-5	Nolan Arenado	St. Louis Cardinals,False
2025_topps_series1,2025,Topps,Series 1,2024 Greatest Hits Checklist,28,GH-6,Bobby Witt Jr.,Kansas City Royals,GH-6	Bobby Witt Jr.	Kansas City Royals,False
2025_topps_series1,2025,Topps,Series 1,2024 Greatest Hits Checklist,28,GH-7,Corbin Carroll,Arizona Diamondbacks,GH-7	Corbin Carroll	Arizona Diamondbacks,False
2025_topps_series1,2025,Topps,Series 1,2024 Greatest Hits Checklist,28,GH-8,Shohei Ohtani,Los Angeles Dodgers,GH-8	Shohei Ohtani	Los Angeles Dodgers,False
2025_topps_series1,2025,Topps,Series 1,2024 Greatest Hits Checklist,28,GH-9,Fernando Tatis Jr.,San Diego Padres,GH-9	Fernando Tatis Jr.	San Diego Padres,False
2025_topps_series1,2025,Topps,Series 1,2024 Greatest Hits Checklist,28,GH-10,Freddie Freeman,Los Angeles Dodgers,GH-10	Freddie Freeman	Los Angeles Dodgers,False
2025_topps_series1,2025,Topps,Series 1,2024 Greatest Hits Checklist,28,GH-11,Jackson Holliday,Baltimore Orioles,GH-11	Jackson Holliday	Baltimore Orioles,False
2025_topps_series1,2025,Topps,Series 1,2024 Greatest Hits Checklist,28,GH-12,Jackson Merrill,San Diego Padres,GH-12	Jackson Merrill	San Diego Padres,False
2025_topps_series1,2025,Topps,Series 1,2024 Greatest Hits Checklist,28,GH-13,James Wood,Washington Nationals	Rookie,GH-13	James Wood	Washington Nationals	Rookie,False
2025_topps_series1,2025,Topps,Series 1,2024 Greatest Hits Checklist,28,GH-14,Jazz Chisholm Jr.,New York Yankees,GH-14	Jazz Chisholm Jr.	New York Yankees,False
2025_topps_series1,2025,Topps,Series 1,2024 Greatest Hits Checklist,28,GH-15,Juan Soto,New York Yankees,GH-15	Juan Soto	New York Yankees,False
2025_topps_series1,2025,Topps,Series 1,2024 Greatest Hits Checklist,28,GH-16,Aaron Judge,New York Yankees,GH-16	Aaron Judge	New York Yankees,False
2025_topps_series1,2025,Topps,Series 1,2024 Greatest Hits Checklist,28,GH-17,Manny Machado,San Diego Padres,GH-17	Manny Machado	San Diego Padres,False
2025_topps_series1,2025,Topps,Series 1,2024 Greatest Hits Checklist,28,GH-18,Mike Tauchman,Chicago Cubs,GH-18	Mike Tauchman	Chicago Cubs,False
2025_topps_series1,2025,Topps,Series 1,2024 Greatest Hits Checklist,28,GH-19,Mike Yastrzemski,San Francsico Giants,GH-19	Mike Yastrzemski	San Francsico Giants,False
2025_topps_series1,2025,Topps,Series 1,2024 Greatest Hits Checklist,28,GH-20,Cedric Mullins,Baltimore Orioles,GH-20	Cedric Mullins	Baltimore Orioles,False
2025_topps_series1,2025,Topps,Series 1,2024 Greatest Hits Checklist,28,GH-21,Paul Goldschmidt,St. Louis Cardinals,GH-21	Paul Goldschmidt	St. Louis Cardinals,False
2025_topps_series1,2025,Topps,Series 1,2024 Greatest Hits Checklist,28,GH-22,Rece Hinds,Cincinnati Reds	Rookie,GH-22	Rece Hinds	Cincinnati Reds	Rookie,False
2025_topps_series1,2025,Topps,Series 1,2024 Greatest Hits Checklist,28,GH-23,Shohei Ohtani,Los Angeles Dodgers,GH-23	Shohei Ohtani	Los Angeles Dodgers,False
2025_topps_series1,2025,Topps,Series 1,2024 Greatest Hits Checklist,28,GH-24,Paul Skenes,Pittsburgh Pirates	Rookie,GH-24	Paul Skenes	Pittsburgh Pirates	Rookie,False
2025_topps_series1,2025,Topps,Series 1,2024 Greatest Hits Checklist,28,GH-25,Shohei Ohtani,Los Angeles Dodgers,GH-25	Shohei Ohtani	Los Angeles Dodgers,False
2025_topps_series1,2025,Topps,Series 1,2024 Greatest Hits Checklist,28,GH-26,Travis d'Arnaud,Atlanta Braves,GH-26	Travis d'Arnaud	Atlanta Braves,False
2025_topps_series1,2025,Topps,Series 1,2024 Greatest Hits Checklist,28,GH-27,Wyatt Langford,Texas Rangers,GH-27	Wyatt Langford	Texas Rangers,False
2025_topps_series1,2025,Topps,Series 1,2024 Greatest Hits Checklist,28,GH-28,Elly De La Cruz,Cincinnati Reds,GH-28	Elly De La Cruz	Cincinnati Reds,False
2025_topps_series1,2025,Topps,Series 1,All Aces Checklist,25,AA-1,Sandy Koufax,Los Angeles Dodgers,AA-1	Sandy Koufax	Los Angeles Dodgers,False
2025_topps_series1,2025,Topps,Series 1,All Aces Checklist,25,AA-2,Nolan Ryan,Houston Astros,AA-2	Nolan Ryan	Houston Astros,False
2025_topps_series1,2025,Topps,Series 1,All Aces Checklist,25,AA-3,Babe Ruth,Boston Red Sox,AA-3	Babe Ruth	Boston Red Sox,False
2025_topps_series1,2025,Topps,Series 1,All Aces Checklist,25,AA-4,Roger Clemens,Boston Red Sox,AA-4	Roger Clemens	Boston Red Sox,False
2025_topps_series1,2025,Topps,Series 1,All Aces Checklist,25,AA-5,Greg Maddux,Atlanta Braves,AA-5	Greg Maddux	Atlanta Braves,False
2025_topps_series1,2025,Topps,Series 1,All Aces Checklist,25,AA-6,Bob Gibson,St. Louis Cardinals,AA-6	Bob Gibson	St. Louis Cardinals,False
2025_topps_series1,2025,Topps,Series 1,All Aces Checklist,25,AA-7,Pedro Martinez,Boston Red Sox,AA-7	Pedro Martinez	Boston Red Sox,False
2025_topps_series1,2025,Topps,Series 1,All Aces Checklist,25,AA-8,Randy Johnson,Arizona Diamondbacks,AA-8	Randy Johnson	Arizona Diamondbacks,False
2025_topps_series1,2025,Topps,Series 1,All Aces Checklist,25,AA-9,Satchel Paige,St. Louis Browns,AA-9	Satchel Paige	St. Louis Browns,False
2025_topps_series1,2025,Topps,Series 1,All Aces Checklist,25,AA-10,Clayton Kershaw,Los Angeles Dodgers,AA-10	Clayton Kershaw	Los Angeles Dodgers,False
2025_topps_series1,2025,Topps,Series 1,All Aces Checklist,25,AA-11,Justin Verlander,Houston Astros,AA-11	Justin Verlander	Houston Astros,False
2025_topps_series1,2025,Topps,Series 1,All Aces Checklist,25,AA-12,Shohei Ohtani,Los Angeles Dodgers,AA-12	Shohei Ohtani	Los Angeles Dodgers,False
2025_topps_series1,2025,Topps,Series 1,All Aces Checklist,25,AA-13,Sonny Gray,St. Louis Cardinals,AA-13	Sonny Gray	St. Louis Cardinals,False
2025_topps_series1,2025,Topps,Series 1,All Aces Checklist,25,AA-14,Steve Carlton,Philadelphia Phillies,AA-14	Steve Carlton	Philadelphia Phillies,False
2025_topps_series1,2025,Topps,Series 1,All Aces Checklist,25,AA-15,Tom Seaver,New York Mets,AA-15	Tom Seaver	New York Mets,False
2025_topps_series1,2025,Topps,Series 1,All Aces Checklist,25,AA-16,Chris Sale,Atlanta Braves,AA-16	Chris Sale	Atlanta Braves,False
2025_topps_series1,2025,Topps,Series 1,All Aces Checklist,25,AA-17,Yoshinobu Yamamoto,Los Angeles Dodgers,AA-17	Yoshinobu Yamamoto	Los Angeles Dodgers,False
2025_topps_series1,2025,Topps,Series 1,All Aces Checklist,25,AA-18,Jacob deGrom,Texas Rangers,AA-18	Jacob deGrom	Texas Rangers,False
2025_topps_series1,2025,Topps,Series 1,All Aces Checklist,25,AA-19,Shota Imanaga,Chicago Cubs,AA-19	Shota Imanaga	Chicago Cubs,False
2025_topps_series1,2025,Topps,Series 1,All Aces Checklist,25,AA-20,Paul Skenes,Pittsburgh Pirates,AA-20	Paul Skenes	Pittsburgh Pirates,False
2025_topps_series1,2025,Topps,Series 1,All Aces Checklist,25,AA-21,Jackson Jobe,Detroit Tigers	Rookie,AA-21	Jackson Jobe	Detroit Tigers	Rookie,False
2025_topps_series1,2025,Topps,Series 1,All Aces Checklist,25,AA-22,Corbin Burnes,Baltimore Orioles,AA-22	Corbin Burnes	Baltimore Orioles,False
2025_topps_series1,2025,Topps,Series 1,All Aces Checklist,25,AA-23,Tarik Skubal,Detroit Tigers,AA-23	Tarik Skubal	Detroit Tigers,False
2025_topps_series1,2025,Topps,Series 1,All Aces Checklist,25,AA-24,Gerrit Cole,New York Yankees,AA-24	Gerrit Cole	New York Yankees,False
2025_topps_series1,2025,Topps,Series 1,All Aces Checklist,25,AA-25,Rhett Lowder,Cincinnati Reds	Rookie,AA-25	Rhett Lowder	Cincinnati Reds	Rookie,False
2025_topps_series1,2025,Topps,Series 1,Call to the Hall Checklist,25,CTH-1,Randy Johnson,Arizona Diamondbacks,CTH-1	Randy Johnson	Arizona Diamondbacks,False
2025_topps_series1,2025,Topps,Series 1,Call to the Hall Checklist,25,CTH-2,Chipper Jones,Atlanta Braves,CTH-2	Chipper Jones	Atlanta Braves,False
2025_topps_series1,2025,Topps,Series 1,Call to the Hall Checklist,25,CTH-3,Ty Cobb,Detroit Tigers,CTH-3	Ty Cobb	Detroit Tigers,False
2025_topps_series1,2025,Topps,Series 1,Call to the Hall Checklist,25,CTH-4,Hank Aaron,Atlanta Braves,CTH-4	Hank Aaron	Atlanta Braves,False
2025_topps_series1,2025,Topps,Series 1,Call to the Hall Checklist,25,CTH-5,Cal Ripken Jr.,Baltimore Orioles,CTH-5	Cal Ripken Jr.	Baltimore Orioles,False
2025_topps_series1,2025,Topps,Series 1,Call to the Hall Checklist,25,CTH-6,Stan Musial,St. Louis Cardinals,CTH-6	Stan Musial	St. Louis Cardinals,False
2025_topps_series1,2025,Topps,Series 1,Call to the Hall Checklist,25,CTH-7,Ted Williams,Boston Red Sox,CTH-7	Ted Williams	Boston Red Sox,False
2025_topps_series1,2025,Topps,Series 1,Call to the Hall Checklist,25,CTH-8,Jackie Robinson,Brooklyn Dodgers,CTH-8	Jackie Robinson	Brooklyn Dodgers,False
2025_topps_series1,2025,Topps,Series 1,Call to the Hall Checklist,25,CTH-9,Johnny Bench,Cincinnati Reds,CTH-9	Johnny Bench	Cincinnati Reds,False
2025_topps_series1,2025,Topps,Series 1,Call to the Hall Checklist,25,CTH-10,Ernie Banks,Chicago Cubs,CTH-10	Ernie Banks	Chicago Cubs,False
2025_topps_series1,2025,Topps,Series 1,Call to the Hall Checklist,25,CTH-11,Nolan Ryan,Houston Astros,CTH-11	Nolan Ryan	Houston Astros,False
2025_topps_series1,2025,Topps,Series 1,Call to the Hall Checklist,25,CTH-12,George Brett,Kansas City Royals,CTH-12	George Brett	Kansas City Royals,False
2025_topps_series1,2025,Topps,Series 1,Call to the Hall Checklist,25,CTH-13,Sandy Koufax,Los Angeles Dodgers,CTH-13	Sandy Koufax	Los Angeles Dodgers,False
2025_topps_series1,2025,Topps,Series 1,Call to the Hall Checklist,25,CTH-14,Babe Ruth,New York Yankees,CTH-14	Babe Ruth	New York Yankees,False
2025_topps_series1,2025,Topps,Series 1,Call to the Hall Checklist,25,CTH-15,Mickey Mantle,New York Yankees,CTH-15	Mickey Mantle	New York Yankees,False
2025_topps_series1,2025,Topps,Series 1,Call to the Hall Checklist,25,CTH-16,Reggie Jackson,New York Yankees,CTH-16	Reggie Jackson	New York Yankees,False
2025_topps_series1,2025,Topps,Series 1,Call to the Hall Checklist,25,CTH-17,Derek Jeter,New York Yankees,CTH-17	Derek Jeter	New York Yankees,False
2025_topps_series1,2025,Topps,Series 1,Call to the Hall Checklist,25,CTH-18,Rickey Henderson,Athletics,CTH-18	Rickey Henderson	Athletics,False
2025_topps_series1,2025,Topps,Series 1,Call to the Hall Checklist,25,CTH-19,Mike Schmidt,Philadelphia Phillies,CTH-19	Mike Schmidt	Philadelphia Phillies,False
2025_topps_series1,2025,Topps,Series 1,Call to the Hall Checklist,25,CTH-20,Roberto Clemente,Pittsburgh Pirates,CTH-20	Roberto Clemente	Pittsburgh Pirates,False
2025_topps_series1,2025,Topps,Series 1,Call to the Hall Checklist,25,CTH-21,Tony Gwynn,San Diego Padres,CTH-21	Tony Gwynn	San Diego Padres,False
2025_topps_series1,2025,Topps,Series 1,Call to the Hall Checklist,25,CTH-22,Willie Mays,San Francisco Giants,CTH-22	Willie Mays	San Francisco Giants,False
2025_topps_series1,2025,Topps,Series 1,Call to the Hall Checklist,25,CTH-23,Ken Griffey Jr.,Seattle Mariners,CTH-23	Ken Griffey Jr.	Seattle Mariners,False
2025_topps_series1,2025,Topps,Series 1,Call to the Hall Checklist,25,CTH-24,Ichiro,Seattle Mariners,CTH-24	Ichiro	Seattle Mariners,False
2025_topps_series1,2025,Topps,Series 1,Call to the Hall Checklist,25,CTH-25,Albert Pujols,St. Louis Cardinals,CTH-25	Albert Pujols	St. Louis Cardinals,False
2025_topps_series1,2025,Topps,Series 1,Super box only.,,CC-1,Shohei Ohtani,Los Angeles Dodgers,CC-1	Shohei Ohtani	Los Angeles Dodgers,False
2025_topps_series1,2025,Topps,Series 1,Super box only.,,CC-2,Mike Trout,Los Angeles Angels,CC-2	Mike Trout	Los Angeles Angels,False
2025_topps_series1,2025,Topps,Series 1,Super box only.,,CC-3,Ronald Acuña Jr.,Atlanta Braves,CC-3	Ronald Acuña Jr.	Atlanta Braves,False
2025_topps_series1,2025,Topps,Series 1,Super box only.,,CC-4,Aaron Judge,New York Yankees,CC-4	Aaron Judge	New York Yankees,False
2025_topps_series1,2025,Topps,Series 1,Super box only.,,CC-5,Bryce Harper,Philadelphia Phillies,CC-5	Bryce Harper	Philadelphia Phillies,False
2025_topps_series1,2025,Topps,Series 1,Super box only.,,CC-6,Julio Rodríguez,Seattle Mariners,CC-6	Julio Rodríguez	Seattle Mariners,False
2025_topps_series1,2025,Topps,Series 1,Super box only.,,CC-7,Corbin Carroll,Arizona Diamondbacks,CC-7	Corbin Carroll	Arizona Diamondbacks,False
2025_topps_series1,2025,Topps,Series 1,Super box only.,,CC-8,Bobby Witt Jr.,Kansas City Royals,CC-8	Bobby Witt Jr.	Kansas City Royals,False
2025_topps_series1,2025,Topps,Series 1,Super box only.,,CC-9,Rafael Devers,Boston Red Sox,CC-9	Rafael Devers	Boston Red Sox,False
2025_topps_series1,2025,Topps,Series 1,Super box only.,,CC-10,Vladimir Guerrero Jr.,Toronto Blue Jays,CC-10	Vladimir Guerrero Jr.	Toronto Blue Jays,False
2025_topps_series1,2025,Topps,Series 1,Super box only.,,CC-11,Gunnar Henderson,Baltimore Orioles,CC-11	Gunnar Henderson	Baltimore Orioles,False
2025_topps_series1,2025,Topps,Series 1,Super box only.,,CC-12,Nolan Arenado,St. Louis Cardinals,CC-12	Nolan Arenado	St. Louis Cardinals,False
2025_topps_series1,2025,Topps,Series 1,Super box only.,,CC-13,Corey Seager,Texas Rangers,CC-13	Corey Seager	Texas Rangers,False
2025_topps_series1,2025,Topps,Series 1,Super box only.,,CC-14,Carlos Correa,Minnesota Twins,CC-14	Carlos Correa	Minnesota Twins,False
2025_topps_series1,2025,Topps,Series 1,Super box only.,,CC-15,Yordan Alvarez,Houston Astros,CC-15	Yordan Alvarez	Houston Astros,False
2025_topps_series1,2025,Topps,Series 1,Super box only.,,CC-16,Christian Yelich,Milwaukee Brewers,CC-16	Christian Yelich	Milwaukee Brewers,False
2025_topps_series1,2025,Topps,Series 1,Super box only.,,CC-17,James Wood,Washington Nationals	Rookie,CC-17	James Wood	Washington Nationals	Rookie,False
2025_topps_series1,2025,Topps,Series 1,Super box only.,,CC-18,Brooks Lee,Minnesota Twins	Rookie,CC-18	Brooks Lee	Minnesota Twins	Rookie,False
2025_topps_series1,2025,Topps,Series 1,Super box only.,,CC-19,Dylan Crews,Washington Nationals	Rookie,CC-19	Dylan Crews	Washington Nationals	Rookie,False
2025_topps_series1,2025,Topps,Series 1,Super box only.,,CC-20,Coby Mayo,Baltimore Orioles	Rookie,CC-20	Coby Mayo	Baltimore Orioles	Rookie,False
2025_topps_series1,2025,Topps,Series 1,Super box only.,,CC-21,Paul Skenes,Pittsburgh Pirates,CC-21	Paul Skenes	Pittsburgh Pirates,False
2025_topps_series1,2025,Topps,Series 1,Super box only.,,CC-22,Jace Jung,Detroit Tigers	Rookie,CC-22	Jace Jung	Detroit Tigers	Rookie,False
2025_topps_series1,2025,Topps,Series 1,Super box only.,,CC-23,Jacob Wilson,Athletics	Rookie,CC-23	Jacob Wilson	Athletics	Rookie,False
2025_topps_series1,2025,Topps,Series 1,Super box only.,,CC-24,Francisco Lindor,New York Mets,CC-24	Francisco Lindor	New York Mets,False
2025_topps_series1,2025,Topps,Series 1,Super box only.,,CC-25,Manny Machado,San Diego Padres,CC-25	Manny Machado	San Diego Padres,False
2025_topps_series1,2025,Topps,Series 1,Super box only.,,Aaron,Judge,New York Yankees,Aaron Judge	New York Yankees,False
2025_topps_series1,2025,Topps,Series 1,Super box only.,,Bobby,Witt Jr.,Kansas City Royals,Bobby Witt Jr.	Kansas City Royals,False
2025_topps_series1,2025,Topps,Series 1,Super box only.,,Dylan,Crews,Washington Nationals	Rookie,Dylan Crews	Washington Nationals	Rookie,False
2025_topps_series1,2025,Topps,Series 1,Super box only.,,Francisco,Lindor,New York Mets,Francisco Lindor	New York Mets,False
2025_topps_series1,2025,Topps,Series 1,Super box only.,,Gunnar,Henderson,Baltimore Orioles,Gunnar Henderson	Baltimore Orioles,False
2025_topps_series1,2025,Topps,Series 1,Super box only.,,James,Wood,Washington Nationals	Rookie,James Wood	Washington Nationals	Rookie,False
2025_topps_series1,2025,Topps,Series 1,Super box only.,,Julio,Rodríguez,Seattle Mariners,Julio Rodríguez	Seattle Mariners,False
2025_topps_series1,2025,Topps,Series 1,Super box only.,,Mike,Trout,Los Angeles Angels,Mike Trout	Los Angeles Angels,False
2025_topps_series1,2025,Topps,Series 1,Super box only.,,Ronald,Acuña Jr.,Atlanta Braves,Ronald Acuña Jr.	Atlanta Braves,False
2025_topps_series1,2025,Topps,Series 1,Super box only.,,Shohei,Ohtani,Los Angeles Dodgers,Shohei Ohtani	Los Angeles Dodgers,False
2025_topps_series1,2025,Topps,Series 1,Heavy Lumber Checklist,20,HL-1,Juan Soto,New York Yankees,HL-1	Juan Soto	New York Yankees,False
2025_topps_series1,2025,Topps,Series 1,Heavy Lumber Checklist,20,HL-2,Julio Rodríguez,Seattle Mariners,HL-2	Julio Rodríguez	Seattle Mariners,False
2025_topps_series1,2025,Topps,Series 1,Heavy Lumber Checklist,20,HL-3,Aaron Judge,New York Yankees,HL-3	Aaron Judge	New York Yankees,False
2025_topps_series1,2025,Topps,Series 1,Heavy Lumber Checklist,20,HL-4,Ronald Acuña Jr.,Atlanta Braves,HL-4	Ronald Acuña Jr.	Atlanta Braves,False
2025_topps_series1,2025,Topps,Series 1,Heavy Lumber Checklist,20,HL-5,Bryce Harper,Philadelphia Phillies,HL-5	Bryce Harper	Philadelphia Phillies,False
2025_topps_series1,2025,Topps,Series 1,Heavy Lumber Checklist,20,HL-6,Shohei Ohtani,Los Angeles Dodgers,HL-6	Shohei Ohtani	Los Angeles Dodgers,False
2025_topps_series1,2025,Topps,Series 1,Heavy Lumber Checklist,20,HL-7,Mike Trout,Los Angeles Angels,HL-7	Mike Trout	Los Angeles Angels,False
2025_topps_series1,2025,Topps,Series 1,Heavy Lumber Checklist,20,HL-8,Gunnar Henderson,Baltimore Orioles,HL-8	Gunnar Henderson	Baltimore Orioles,False
2025_topps_series1,2025,Topps,Series 1,Heavy Lumber Checklist,20,HL-9,Bobby Witt Jr.,Kansas City Royals,HL-9	Bobby Witt Jr.	Kansas City Royals,False
2025_topps_series1,2025,Topps,Series 1,Heavy Lumber Checklist,20,HL-10,Vladimir Guerrero Jr.,Toronto Blue Jays,HL-10	Vladimir Guerrero Jr.	Toronto Blue Jays,False
2025_topps_series1,2025,Topps,Series 1,Heavy Lumber Checklist,20,HL-11,Elly De La Cruz,Cincinnati Reds,HL-11	Elly De La Cruz	Cincinnati Reds,False
2025_topps_series1,2025,Topps,Series 1,Heavy Lumber Checklist,20,HL-12,James Wood,Washington Nationals	Rookie,HL-12	James Wood	Washington Nationals	Rookie,False
2025_topps_series1,2025,Topps,Series 1,Heavy Lumber Checklist,20,HL-13,Fernando Tatis Jr.,San Diego Padres,HL-13	Fernando Tatis Jr.	San Diego Padres,False
2025_topps_series1,2025,Topps,Series 1,Heavy Lumber Checklist,20,HL-14,Willie Mays,San Francisco Giants,HL-14	Willie Mays	San Francisco Giants,False
2025_topps_series1,2025,Topps,Series 1,Heavy Lumber Checklist,20,HL-15,Ken Griffey Jr.,Seattle Mariners,HL-15	Ken Griffey Jr.	Seattle Mariners,False
2025_topps_series1,2025,Topps,Series 1,Heavy Lumber Checklist,20,HL-16,Barry Bonds,San Francisco Giants,HL-16	Barry Bonds	San Francisco Giants,False
2025_topps_series1,2025,Topps,Series 1,Heavy Lumber Checklist,20,HL-17,Mickey Mantle,New York Yankees,HL-17	Mickey Mantle	New York Yankees,False
2025_topps_series1,2025,Topps,Series 1,Heavy Lumber Checklist,20,HL-18,Jackie Robinson,Brooklyn Dodgers,HL-18	Jackie Robinson	Brooklyn Dodgers,False
2025_topps_series1,2025,Topps,Series 1,Heavy Lumber Checklist,20,HL-19,Roberto Clemente,Pittsburgh Pirates,HL-19	Roberto Clemente	Pittsburgh Pirates,False
2025_topps_series1,2025,Topps,Series 1,Heavy Lumber Checklist,20,HL-20,Coby Mayo,Baltimore Orioles	Rookie,HL-20	Coby Mayo	Baltimore Orioles	Rookie,False
2025_topps_series1,2025,Topps,Series 1,Home Field Advantage Checklist,20,HA-1,Aaron Judge,New York Yankees,HA-1	Aaron Judge	New York Yankees,False
2025_topps_series1,2025,Topps,Series 1,Home Field Advantage Checklist,20,HA-2,Ronald Acuña Jr.,Atlanta Braves,HA-2	Ronald Acuña Jr.	Atlanta Braves,False
2025_topps_series1,2025,Topps,Series 1,Home Field Advantage Checklist,20,HA-3,Julio Rodríguez,Seattle Mariners,HA-3	Julio Rodríguez	Seattle Mariners,False
2025_topps_series1,2025,Topps,Series 1,Home Field Advantage Checklist,20,HA-4,Bryce Harper,Philadelphia Phillies,HA-4	Bryce Harper	Philadelphia Phillies,False
2025_topps_series1,2025,Topps,Series 1,Home Field Advantage Checklist,20,HA-5,Shohei Ohtani,Los Angeles Dodgers,HA-5	Shohei Ohtani	Los Angeles Dodgers,False
2025_topps_series1,2025,Topps,Series 1,Home Field Advantage Checklist,20,HA-6,Mike Trout,Los Angeles Angels,HA-6	Mike Trout	Los Angeles Angels,False
2025_topps_series1,2025,Topps,Series 1,Home Field Advantage Checklist,20,HA-7,Gunnar Henderson,Baltimore Orioles,HA-7	Gunnar Henderson	Baltimore Orioles,False
2025_topps_series1,2025,Topps,Series 1,Home Field Advantage Checklist,20,HA-8,Bobby Witt Jr.,Kansas City Royals,HA-8	Bobby Witt Jr.	Kansas City Royals,False
2025_topps_series1,2025,Topps,Series 1,Home Field Advantage Checklist,20,HA-9,James Wood,Washington Nationals	Rookie,HA-9	James Wood	Washington Nationals	Rookie,False
2025_topps_series1,2025,Topps,Series 1,Home Field Advantage Checklist,20,HA-10,Fernando Tatis Jr.,San Diego Padres,HA-10	Fernando Tatis Jr.	San Diego Padres,False
2025_topps_series1,2025,Topps,Series 1,Home Field Advantage Checklist,20,HA-11,Matt Chapman,San Francisco Giants,HA-11	Matt Chapman	San Francisco Giants,False
2025_topps_series1,2025,Topps,Series 1,Home Field Advantage Checklist,20,HA-12,Brooks Lee,Minnesota Twins	Rookie,HA-12	Brooks Lee	Minnesota Twins	Rookie,False
2025_topps_series1,2025,Topps,Series 1,Home Field Advantage Checklist,20,HA-13,Cody Bellinger,Chicago Cubs,HA-13	Cody Bellinger	Chicago Cubs,False
2025_topps_series1,2025,Topps,Series 1,Home Field Advantage Checklist,20,HA-14,Coby Mayo,Baltimore Orioles	Rookie,HA-14	Coby Mayo	Baltimore Orioles	Rookie,False
2025_topps_series1,2025,Topps,Series 1,Home Field Advantage Checklist,20,HA-15,Jace Jung,Detroit Tigers	Rookie,HA-15	Jace Jung	Detroit Tigers	Rookie,False
2025_topps_series1,2025,Topps,Series 1,Home Field Advantage Checklist,20,HA-16,Elly De La Cruz,Cincinnati Reds,HA-16	Elly De La Cruz	Cincinnati Reds,False
2025_topps_series1,2025,Topps,Series 1,Home Field Advantage Checklist,20,HA-17,Francisco Lindor,New York Mets,HA-17	Francisco Lindor	New York Mets,False
2025_topps_series1,2025,Topps,Series 1,Home Field Advantage Checklist,20,HA-18,Rafael Devers,Boston Red Sox,HA-18	Rafael Devers	Boston Red Sox,False
2025_topps_series1,2025,Topps,Series 1,Home Field Advantage Checklist,20,HA-19,Riley Greene,Detroit Tigers,HA-19	Riley Greene	Detroit Tigers,False
2025_topps_series1,2025,Topps,Series 1,Home Field Advantage Checklist,20,HA-20,Ketel Marte,Arizona Diamondbacks,HA-20	Ketel Marte	Arizona Diamondbacks,False
2025_topps_series1,2025,Topps,Series 1,Legendary Home Field Advantage Checklist,5,LHA-1,Chipper Jones,Atlanta Braves,LHA-1	Chipper Jones	Atlanta Braves,False
2025_topps_series1,2025,Topps,Series 1,Legendary Home Field Advantage Checklist,5,LHA-2,Tony Gwynn,San Diego Padres,LHA-2	Tony Gwynn	San Diego Padres,False
2025_topps_series1,2025,Topps,Series 1,Legendary Home Field Advantage Checklist,5,LHA-3,Ryne Sandberg,Chicago Cubs,LHA-3	Ryne Sandberg	Chicago Cubs,False
2025_topps_series1,2025,Topps,Series 1,Legendary Home Field Advantage Checklist,5,LHA-4,Lou Gehrig,New York Yankees,LHA-4	Lou Gehrig	New York Yankees,False
2025_topps_series1,2025,Topps,Series 1,Legendary Home Field Advantage Checklist,5,LHA-5,Adrian Beltré,Texas Rangers,LHA-5	Adrian Beltré	Texas Rangers,False
2025_topps_series1,2025,Topps,Series 1,Super box only.,,1,Shohei Ohtani,Los Angeles Dodgers,1	Shohei Ohtani	Los Angeles Dodgers,False
2025_topps_series1,2025,Topps,Series 1,Super box only.,,20,Coby Mayo,Baltimore Orioles	Rookie,20	Coby Mayo	Baltimore Orioles	Rookie,False
2025_topps_series1,2025,Topps,Series 1,Super box only.,,49,Christian Yelich,Milwaukee Brewers,49	Christian Yelich	Milwaukee Brewers,False
2025_topps_series1,2025,Topps,Series 1,Super box only.,,65,Gunnar Henderson,Baltimore Orioles,65	Gunnar Henderson	Baltimore Orioles,False
2025_topps_series1,2025,Topps,Series 1,Super box only.,,74,Dylan Crews,Washington Nationals	Rookie,74	Dylan Crews	Washington Nationals	Rookie,False
2025_topps_series1,2025,Topps,Series 1,Super box only.,,78,Corbin Carroll,Arizona Diamondbacks,78	Corbin Carroll	Arizona Diamondbacks,False
2025_topps_series1,2025,Topps,Series 1,Super box only.,,80,Jace Jung,Detroit Tigers	Rookie,80	Jace Jung	Detroit Tigers	Rookie,False
2025_topps_series1,2025,Topps,Series 1,Super box only.,,98,Paul Skenes,Pittsburgh Pirates,98	Paul Skenes	Pittsburgh Pirates,False
2025_topps_series1,2025,Topps,Series 1,Super box only.,,100,Bobby Witt Jr.,Kansas City Royals,100	Bobby Witt Jr.	Kansas City Royals,False
2025_topps_series1,2025,Topps,Series 1,Super box only.,,101,Nolan Arenado,St. Louis Cardinals,101	Nolan Arenado	St. Louis Cardinals,False
2025_topps_series1,2025,Topps,Series 1,Super box only.,,163,Vladimir Guerrero Jr.,Toronto Blue Jays,163	Vladimir Guerrero Jr.	Toronto Blue Jays,False
2025_topps_series1,2025,Topps,Series 1,Super box only.,,181,James Wood,Washington Nationals	Rookie,181	James Wood	Washington Nationals	Rookie,False
2025_topps_series1,2025,Topps,Series 1,Super box only.,,200,Mike Trout,Los Angeles Angels,200	Mike Trout	Los Angeles Angels,False
2025_topps_series1,2025,Topps,Series 1,Super box only.,,207,Ronald Acuña Jr.,Atlanta Braves,207	Ronald Acuña Jr.	Atlanta Braves,False
2025_topps_series1,2025,Topps,Series 1,Super box only.,,215,Manny Machado,San Diego Padres,215	Manny Machado	San Diego Padres,False
2025_topps_series1,2025,Topps,Series 1,Super box only.,,244,Yordan Alvarez,Houston Astros,244	Yordan Alvarez	Houston Astros,False
2025_topps_series1,2025,Topps,Series 1,Super box only.,,250,Bryce Harper,Philadelphia Phillies,250	Bryce Harper	Philadelphia Phillies,False
2025_topps_series1,2025,Topps,Series 1,Super box only.,,266,Julio Rodríguez,Seattle Mariners,266	Julio Rodríguez	Seattle Mariners,False
2025_topps_series1,2025,Topps,Series 1,Super box only.,,275,Carlos Correa,Minnesota Twins,275	Carlos Correa	Minnesota Twins,False
2025_topps_series1,2025,Topps,Series 1,Super box only.,,281,Corey Seager,Texas Rangers,281	Corey Seager	Texas Rangers,False
2025_topps_series1,2025,Topps,Series 1,Super box only.,,285,Rafael Devers,Boston Red Sox,285	Rafael Devers	Boston Red Sox,False
2025_topps_series1,2025,Topps,Series 1,Super box only.,,300,Aaron Judge,New York Yankees,300	Aaron Judge	New York Yankees,False
2025_topps_series1,2025,Topps,Series 1,Super box only.,,314,Jacob Wilson,Athletics	Rookie,314	Jacob Wilson	Athletics	Rookie,False
2025_topps_series1,2025,Topps,Series 1,Super box only.,,317,Brooks Lee,Minnesota Twins	Rookie,317	Brooks Lee	Minnesota Twins	Rookie,False
2025_topps_series1,2025,Topps,Series 1,Super box only.,,350,Francisco Lindor,New York Mets,350	Francisco Lindor	New York Mets,False
2025_topps_series1,2025,Topps,Series 1,Plakata Checklist,25,PLAK-1,Carlos Peña,Tampa Bay Rays,PLAK-1	Carlos Peña	Tampa Bay Rays,False
2025_topps_series1,2025,Topps,Series 1,Plakata Checklist,25,PLAK-2,Albert Pujols,St. Louis Cardinals,PLAK-2	Albert Pujols	St. Louis Cardinals,False
2025_topps_series1,2025,Topps,Series 1,Plakata Checklist,25,PLAK-3,Ronald Acuña Jr.,Atlanta Braves,PLAK-3	Ronald Acuña Jr.	Atlanta Braves,False
2025_topps_series1,2025,Topps,Series 1,Plakata Checklist,25,PLAK-4,Elly De La Cruz,Cincinnati Reds,PLAK-4	Elly De La Cruz	Cincinnati Reds,False
2025_topps_series1,2025,Topps,Series 1,Plakata Checklist,25,PLAK-5,Oneil Cruz,Pittsburgh Pirates,PLAK-5	Oneil Cruz	Pittsburgh Pirates,False
2025_topps_series1,2025,Topps,Series 1,Plakata Checklist,25,PLAK-6,Vladimir Guerrero Jr.,Toronto Blue Jays,PLAK-6	Vladimir Guerrero Jr.	Toronto Blue Jays,False
2025_topps_series1,2025,Topps,Series 1,Plakata Checklist,25,PLAK-7,Juan Soto,New York Yankees,PLAK-7	Juan Soto	New York Yankees,False
2025_topps_series1,2025,Topps,Series 1,Plakata Checklist,25,PLAK-8,Fernando Tatis Jr.,San Diego Padres,PLAK-8	Fernando Tatis Jr.	San Diego Padres,False
2025_topps_series1,2025,Topps,Series 1,Plakata Checklist,25,PLAK-9,Julio Rodríguez,Seattle Mariners,PLAK-9	Julio Rodríguez	Seattle Mariners,False
2025_topps_series1,2025,Topps,Series 1,Plakata Checklist,25,PLAK-10,Manny Machado,San Diego Padres,PLAK-10	Manny Machado	San Diego Padres,False
2025_topps_series1,2025,Topps,Series 1,Plakata Checklist,25,PLAK-11,Francisco Lindor,New York Mets,PLAK-11	Francisco Lindor	New York Mets,False
2025_topps_series1,2025,Topps,Series 1,Plakata Checklist,25,PLAK-12,José Ramírez,Cleveland Guardians,PLAK-12	José Ramírez	Cleveland Guardians,False
2025_topps_series1,2025,Topps,Series 1,Plakata Checklist,25,PLAK-13,Carlos Correa,Minnesota Twins,PLAK-13	Carlos Correa	Minnesota Twins,False
2025_topps_series1,2025,Topps,Series 1,Plakata Checklist,25,PLAK-14,Yordan Alvarez,Houston Astros,PLAK-14	Yordan Alvarez	Houston Astros,False
2025_topps_series1,2025,Topps,Series 1,Plakata Checklist,25,PLAK-15,Rafael Devers,Boston Red Sox,PLAK-15	Rafael Devers	Boston Red Sox,False
2025_topps_series1,2025,Topps,Series 1,Plakata Checklist,25,PLAK-16,David Ortiz,Boston Red Sox,PLAK-16	David Ortiz	Boston Red Sox,False
2025_topps_series1,2025,Topps,Series 1,Plakata Checklist,25,PLAK-17,Adrian Beltré,Texas Rangers,PLAK-17	Adrian Beltré	Texas Rangers,False
2025_topps_series1,2025,Topps,Series 1,Plakata Checklist,25,PLAK-18,Vladimir Guerrero,Montréal Expos,PLAK-18	Vladimir Guerrero	Montréal Expos,False
2025_topps_series1,2025,Topps,Series 1,Plakata Checklist,25,PLAK-19,Jackson Chourio,Milwaukee Brewers,PLAK-19	Jackson Chourio	Milwaukee Brewers,False
2025_topps_series1,2025,Topps,Series 1,Plakata Checklist,25,PLAK-20,Teoscar Hernández,Los Angeles Dodgers,PLAK-20	Teoscar Hernández	Los Angeles Dodgers,False
2025_topps_series1,2025,Topps,Series 1,Plakata Checklist,25,PLAK-21,Ketel Marte,Arizona Diamondbacks,PLAK-21	Ketel Marte	Arizona Diamondbacks,False
2025_topps_series1,2025,Topps,Series 1,Plakata Checklist,25,PLAK-22,Marcell Ozuna,Atlanta Braves,PLAK-22	Marcell Ozuna	Atlanta Braves,False
2025_topps_series1,2025,Topps,Series 1,Plakata Checklist,25,PLAK-23,Sammy Sosa,Chicago Cubs,PLAK-23	Sammy Sosa	Chicago Cubs,False
2025_topps_series1,2025,Topps,Series 1,Plakata Checklist,25,PLAK-24,Roberto Clemente,Pittsburgh Pirates,PLAK-24	Roberto Clemente	Pittsburgh Pirates,False
2025_topps_series1,2025,Topps,Series 1,Plakata Checklist,25,PLAK-25,Adolis García,Texas Rangers,PLAK-25	Adolis García	Texas Rangers,False
2025_topps_series1,2025,Topps,Series 1,Social Media Follow Back Redemptions Checklist,10,FBR-CM,Coby Mayo,Baltimore Orioles,FBR-CM	Coby Mayo	Baltimore Orioles,False
2025_topps_series1,2025,Topps,Series 1,Social Media Follow Back Redemptions Checklist,10,FBR-FT,Frank Thomas,Chicago White Sox,FBR-FT	Frank Thomas	Chicago White Sox,False
2025_topps_series1,2025,Topps,Series 1,Social Media Follow Back Redemptions Checklist,10,FBR-JC,Jackson Chourio,Milwaukee Brewers,FBR-JC	Jackson Chourio	Milwaukee Brewers,False
2025_topps_series1,2025,Topps,Series 1,Social Media Follow Back Redemptions Checklist,10,FBR-JM,Jackson Merrill,San Diego Padres,FBR-JM	Jackson Merrill	San Diego Padres,False
2025_topps_series1,2025,Topps,Series 1,Social Media Follow Back Redemptions Checklist,10,FBR-JR,Julio Rodríguez,Seattle Mariners,FBR-JR	Julio Rodríguez	Seattle Mariners,False
2025_topps_series1,2025,Topps,Series 1,Social Media Follow Back Redemptions Checklist,10,FBR-JS,Juan Soto,New York Yankees,FBR-JS	Juan Soto	New York Yankees,False
2025_topps_series1,2025,Topps,Series 1,Social Media Follow Back Redemptions Checklist,10,FBR-JW,James Wood,Washington Nationals,FBR-JW	James Wood	Washington Nationals,False
2025_topps_series1,2025,Topps,Series 1,Social Media Follow Back Redemptions Checklist,10,FBR-KG,Ken GriffeyJr.,Seattle Mariners,FBR-KG	Ken GriffeyJr.	Seattle Mariners,False
2025_topps_series1,2025,Topps,Series 1,Social Media Follow Back Redemptions Checklist,10,FBR-PS,Paul Skenes,Pittsburgh Pirates,FBR-PS	Paul Skenes	Pittsburgh Pirates,False
2025_topps_series1,2025,Topps,Series 1,Social Media Follow Back Redemptions Checklist,10,FBR-RJ,Reggie Jackson,New York Yankees,FBR-RJ	Reggie Jackson	New York Yankees,False
2025_topps_series1,2025,Topps,Series 1,Retail only.,,SMLB-1,Nolan Arenado,St. Louis Cardinals,SMLB-1	Nolan Arenado	St. Louis Cardinals,False
2025_topps_series1,2025,Topps,Series 1,Retail only.,,SMLB-2,Aaron Judge,New York Yankees,SMLB-2	Aaron Judge	New York Yankees,False
2025_topps_series1,2025,Topps,Series 1,Retail only.,,SMLB-3,Bryce Harper,Philadelphia Phillies,SMLB-3	Bryce Harper	Philadelphia Phillies,False
2025_topps_series1,2025,Topps,Series 1,Retail only.,,SMLB-4,Fernando Tatis Jr.,San Diego Padres,SMLB-4	Fernando Tatis Jr.	San Diego Padres,False
2025_topps_series1,2025,Topps,Series 1,Retail only.,,SMLB-5,Julio Rodríguez,Seattle Mariners,SMLB-5	Julio Rodríguez	Seattle Mariners,False
2025_topps_series1,2025,Topps,Series 1,Retail only.,,SMLB-6,Bobby Witt Jr.,Kansas City Royals,SMLB-6	Bobby Witt Jr.	Kansas City Royals,False
2025_topps_series1,2025,Topps,Series 1,Retail only.,,SMLB-7,Vladimir Guerrero Jr.,Toronto Blue Jays,SMLB-7	Vladimir Guerrero Jr.	Toronto Blue Jays,False
2025_topps_series1,2025,Topps,Series 1,Retail only.,,SMLB-8,Mike Trout,Los Angeles Angels,SMLB-8	Mike Trout	Los Angeles Angels,False
2025_topps_series1,2025,Topps,Series 1,Retail only.,,SMLB-9,Yordan Alvarez,Houston Astros,SMLB-9	Yordan Alvarez	Houston Astros,False
2025_topps_series1,2025,Topps,Series 1,Retail only.,,SMLB-10,Shohei Ohtani,Los Angeles Dodgers,SMLB-10	Shohei Ohtani	Los Angeles Dodgers,False
2025_topps_series1,2025,Topps,Series 1,Retail only.,,SMLB-11,Francisco Lindor,New York Mets,SMLB-11	Francisco Lindor	New York Mets,False
2025_topps_series1,2025,Topps,Series 1,Retail only.,,SMLB-12,Gunnar Henderson,Baltimore Orioles,SMLB-12	Gunnar Henderson	Baltimore Orioles,False
2025_topps_series1,2025,Topps,Series 1,Retail only.,,SMLB-13,Elly De La Cruz,Cincinnati Reds,SMLB-13	Elly De La Cruz	Cincinnati Reds,False
2025_topps_series1,2025,Topps,Series 1,Retail only.,,SMLB-14,Corey Seager,Texas Rangers,SMLB-14	Corey Seager	Texas Rangers,False
2025_topps_series1,2025,Topps,Series 1,Retail only.,,SMLB-15,Corbin Carroll,Arizona Diamondbacks,SMLB-15	Corbin Carroll	Arizona Diamondbacks,False
2025_topps_series1,2025,Topps,Series 1,Retail only.,,SMLB-16,Ronald Acuña Jr.,Atlanta Braves,SMLB-16	Ronald Acuña Jr.	Atlanta Braves,False
2025_topps_series1,2025,Topps,Series 1,Retail only.,,SMLB-17,Mookie Betts,Los Angeles Dodgers,SMLB-17	Mookie Betts	Los Angeles Dodgers,False
2025_topps_series1,2025,Topps,Series 1,Retail only.,,SMLB-18,James Wood,Washington Nationals	Rookie,SMLB-18	James Wood	Washington Nationals	Rookie,False
2025_topps_series1,2025,Topps,Series 1,Retail only.,,SMLB-19,Brooks Lee,Minnesota Twins	Rookie,SMLB-19	Brooks Lee	Minnesota Twins	Rookie,False
2025_topps_series1,2025,Topps,Series 1,Retail only.,,SMLB-20,José Ramírez,Cleveland Guardians,SMLB-20	José Ramírez	Cleveland Guardians,False
2025_topps_series1,2025,Topps,Series 1,Retail only.,,SMLB-21,Rafael Devers,Boston Red Sox,SMLB-21	Rafael Devers	Boston Red Sox,False
2025_topps_series1,2025,Topps,Series 1,Retail only.,,SMLB-22,Juan Soto,New York Yankees,SMLB-22	Juan Soto	New York Yankees,False
2025_topps_series1,2025,Topps,Series 1,Retail only.,,SMLB-23,Coby Mayo,Baltimore Orioles	Rookie,SMLB-23	Coby Mayo	Baltimore Orioles	Rookie,False
2025_topps_series1,2025,Topps,Series 1,Retail only.,,SMLB-24,Christian Yelich,Milwaukee Brewers,SMLB-24	Christian Yelich	Milwaukee Brewers,False
2025_topps_series1,2025,Topps,Series 1,Retail only.,,SMLB-25,Luis Robert Jr.,Chicago White Sox,SMLB-25	Luis Robert Jr.	Chicago White Sox,False
2025_topps_series1,2025,Topps,Series 1,Retail only.,,SMLB-26,Shota Imanaga,Chicago Cubs,SMLB-26	Shota Imanaga	Chicago Cubs,False
2025_topps_series1,2025,Topps,Series 1,Retail only.,,SMLB-27,Paul Skenes,Pittsburgh Pirates,SMLB-27	Paul Skenes	Pittsburgh Pirates,False
2025_topps_series1,2025,Topps,Series 1,Retail only.,,SMLB-28,Carlos Correa,Minnesota Twins,SMLB-28	Carlos Correa	Minnesota Twins,False
2025_topps_series1,2025,Topps,Series 1,Retail only.,,SMLB-29,Matt Chapman,San Francisco Giants,SMLB-29	Matt Chapman	San Francisco Giants,False
2025_topps_series1,2025,Topps,Series 1,Retail only.,,SMLB-30,Dylan Crews,Washington Nationals	Rookie,SMLB-30	Dylan Crews	Washington Nationals	Rookie,False
2025_topps_series1,2025,Topps,Series 1,Mega box only.,,MEGA-1,Mike Trout,Los Angeles Angels,MEGA-1	Mike Trout	Los Angeles Angels,False
2025_topps_series1,2025,Topps,Series 1,Mega box only.,,MEGA-2,Shohei Ohtani,Los Angeles Dodgers,MEGA-2	Shohei Ohtani	Los Angeles Dodgers,False
2025_topps_series1,2025,Topps,Series 1,Mega box only.,,MEGA-3,Ronald Acuña Jr.,Atlanta Braves,MEGA-3	Ronald Acuña Jr.	Atlanta Braves,False
2025_topps_series1,2025,Topps,Series 1,Mega box only.,,MEGA-4,Gunnar Henderson,Baltimore Orioles,MEGA-4	Gunnar Henderson	Baltimore Orioles,False
2025_topps_series1,2025,Topps,Series 1,Mega box only.,,MEGA-5,Elly De La Cruz,Cincinnati Reds,MEGA-5	Elly De La Cruz	Cincinnati Reds,False
2025_topps_series1,2025,Topps,Series 1,Mega box only.,,MEGA-6,Yordan Alvarez,Houston Astros,MEGA-6	Yordan Alvarez	Houston Astros,False
2025_topps_series1,2025,Topps,Series 1,Mega box only.,,MEGA-7,Mookie Betts,Los Angeles Dodgers,MEGA-7	Mookie Betts	Los Angeles Dodgers,False
2025_topps_series1,2025,Topps,Series 1,Mega box only.,,MEGA-8,Aaron Judge,New York Yankees,MEGA-8	Aaron Judge	New York Yankees,False
2025_topps_series1,2025,Topps,Series 1,Mega box only.,,MEGA-9,Juan Soto,New York Yankees,MEGA-9	Juan Soto	New York Yankees,False
2025_topps_series1,2025,Topps,Series 1,Mega box only.,,MEGA-10,Bryce Harper,Philadelphia Phillies,MEGA-10	Bryce Harper	Philadelphia Phillies,False
2025_topps_series1,2025,Topps,Series 1,Mega box only.,,MEGA-11,Fernando Tatis Jr.,San Diego Padres,MEGA-11	Fernando Tatis Jr.	San Diego Padres,False
2025_topps_series1,2025,Topps,Series 1,Mega box only.,,MEGA-12,Julio Rodríguez,Seattle Mariners,MEGA-12	Julio Rodríguez	Seattle Mariners,False
2025_topps_series1,2025,Topps,Series 1,Mega box only.,,MEGA-13,Nolan Arenado,St. Louis Cardinals,MEGA-13	Nolan Arenado	St. Louis Cardinals,False
2025_topps_series1,2025,Topps,Series 1,Mega box only.,,MEGA-14,Bobby Witt Jr.,Kansas City Royals,MEGA-14	Bobby Witt Jr.	Kansas City Royals,False
2025_topps_series1,2025,Topps,Series 1,Mega box only.,,MEGA-15,Vladimir Guerrero Jr.,Toronto Blue Jays,MEGA-15	Vladimir Guerrero Jr.	Toronto Blue Jays,False
2025_topps_series1,2025,Topps,Series 1,Mega box only.,,MEGA-16,James Wood,Washington Nationals	Rookie,MEGA-16	James Wood	Washington Nationals	Rookie,False
2025_topps_series1,2025,Topps,Series 1,Mega box only.,,MEGA-17,Brooks Lee,Minnesota Twins	Rookie,MEGA-17	Brooks Lee	Minnesota Twins	Rookie,False
2025_topps_series1,2025,Topps,Series 1,Mega box only.,,MEGA-18,Paul Skenes,Pittsburgh Pirates,MEGA-18	Paul Skenes	Pittsburgh Pirates,False
2025_topps_series1,2025,Topps,Series 1,Mega box only.,,MEGA-19,Corbin Carroll,Arizona Diamondbacks,MEGA-19	Corbin Carroll	Arizona Diamondbacks,False
2025_topps_series1,2025,Topps,Series 1,Mega box only.,,MEGA-20,Dylan Crews,Washington Nationals	Rookie,MEGA-20	Dylan Crews	Washington Nationals	Rookie,False
2025_topps_series1,2025,Topps,Series 1,Training Grounds Checklist,25,TG-1,Nolan Arenado,St. Louis Cardinals,TG-1	Nolan Arenado	St. Louis Cardinals,False
2025_topps_series1,2025,Topps,Series 1,Training Grounds Checklist,25,TG-2,Aaron Judge,New York Yankees,TG-2	Aaron Judge	New York Yankees,False
2025_topps_series1,2025,Topps,Series 1,Training Grounds Checklist,25,TG-3,Bryce Harper,Philadelphia Phillies,TG-3	Bryce Harper	Philadelphia Phillies,False
2025_topps_series1,2025,Topps,Series 1,Training Grounds Checklist,25,TG-4,Fernando Tatis Jr.,San Diego Padres,TG-4	Fernando Tatis Jr.	San Diego Padres,False
2025_topps_series1,2025,Topps,Series 1,Training Grounds Checklist,25,TG-5,Julio Rodríguez,Seattle Mariners,TG-5	Julio Rodríguez	Seattle Mariners,False
2025_topps_series1,2025,Topps,Series 1,Training Grounds Checklist,25,TG-6,Bobby Witt Jr.,Kansas City Royals,TG-6	Bobby Witt Jr.	Kansas City Royals,False
2025_topps_series1,2025,Topps,Series 1,Training Grounds Checklist,25,TG-7,Vladimir Guerrero Jr.,Toronto Blue Jays,TG-7	Vladimir Guerrero Jr.	Toronto Blue Jays,False
2025_topps_series1,2025,Topps,Series 1,Training Grounds Checklist,25,TG-8,Mike Trout,Los Angeles Angels,TG-8	Mike Trout	Los Angeles Angels,False
2025_topps_series1,2025,Topps,Series 1,Training Grounds Checklist,25,TG-9,Jose Altuve,Houston Astros,TG-9	Jose Altuve	Houston Astros,False
2025_topps_series1,2025,Topps,Series 1,Training Grounds Checklist,25,TG-10,Shohei Ohtani,Los Angeles Dodgers,TG-10	Shohei Ohtani	Los Angeles Dodgers,False
2025_topps_series1,2025,Topps,Series 1,Training Grounds Checklist,25,TG-11,Francisco Lindor,New York Mets,TG-11	Francisco Lindor	New York Mets,False
2025_topps_series1,2025,Topps,Series 1,Training Grounds Checklist,25,TG-12,Gunnar Henderson,Baltimore Orioles,TG-12	Gunnar Henderson	Baltimore Orioles,False
2025_topps_series1,2025,Topps,Series 1,Training Grounds Checklist,25,TG-13,Elly De La Cruz,Cincinnati Reds,TG-13	Elly De La Cruz	Cincinnati Reds,False
2025_topps_series1,2025,Topps,Series 1,Training Grounds Checklist,25,TG-14,Corey Seager,Texas Rangers,TG-14	Corey Seager	Texas Rangers,False
2025_topps_series1,2025,Topps,Series 1,Training Grounds Checklist,25,TG-15,Corbin Carroll,Arizona Diamondbacks,TG-15	Corbin Carroll	Arizona Diamondbacks,False
2025_topps_series1,2025,Topps,Series 1,Training Grounds Checklist,25,TG-16,Ronald Acuña Jr.,Atlanta Braves,TG-16	Ronald Acuña Jr.	Atlanta Braves,False
2025_topps_series1,2025,Topps,Series 1,Training Grounds Checklist,25,TG-17,Mookie Betts,Los Angeles Dodgers,TG-17	Mookie Betts	Los Angeles Dodgers,False
2025_topps_series1,2025,Topps,Series 1,Training Grounds Checklist,25,TG-18,James Wood,Washington Nationals	Rookie,TG-18	James Wood	Washington Nationals	Rookie,False
2025_topps_series1,2025,Topps,Series 1,Training Grounds Checklist,25,TG-19,Brooks Lee,Minnesota Twins	Rookie,TG-19	Brooks Lee	Minnesota Twins	Rookie,False
2025_topps_series1,2025,Topps,Series 1,Training Grounds Checklist,25,TG-20,Dylan Crews,Washington Nationals	Rookie,TG-20	Dylan Crews	Washington Nationals	Rookie,False
2025_topps_series1,2025,Topps,Series 1,Training Grounds Checklist,25,TG-21,Rafael Devers,Boston Red Sox,TG-21	Rafael Devers	Boston Red Sox,False
2025_topps_series1,2025,Topps,Series 1,Training Grounds Checklist,25,TG-22,Juan Soto,New York Yankees,TG-22	Juan Soto	New York Yankees,False
2025_topps_series1,2025,Topps,Series 1,Training Grounds Checklist,25,TG-23,Paul Skenes,Pittsburgh Pirates,TG-23	Paul Skenes	Pittsburgh Pirates,False
2025_topps_series1,2025,Topps,Series 1,Training Grounds Checklist,25,TG-24,Dansby Swanson,Chicago Cubs,TG-24	Dansby Swanson	Chicago Cubs,False
2025_topps_series1,2025,Topps,Series 1,Training Grounds Checklist,25,TG-25,Matt Chapman,San Francisco Giants,TG-25	Matt Chapman	San Francisco Giants,False
